bid_id,tender_id,vendor_id,bid_amount,submission_day_offset,submission_hour,is_winner,bid_text_similarity_score,fraud_tag
B-000000,T-00000,V-0254,4684699.72,10,13,True,0.065,none
B-000001,T-00000,V-0259,4046617.05,4,11,False,0.003,none
B-000002,T-00001,V-0013,43720007.47,8,17,True,0.129,none
B-000003,T-00001,V-0396,40731586.7,10,18,False,0.111,none
B-000004,T-00002,V-0246,637509.42,6,14,False,0.082,none
B-000005,T-00002,V-0026,663440.21,1,15,True,0.018,none
B-000006,T-00002,V-0198,687967.24,9,13,False,0.053,none
B-000007,T-00002,V-0392,668703.29,5,14,False,0.138,none
B-000008,T-00002,V-0193,687185.58,3,11,False,0.014,none
B-000009,T-00002,V-0356,628895.87,0,11,False,0.062,none
B-000010,T-00003,V-0290,14437738.23,0,9,False,0.008,none
B-000011,T-00003,V-0023,13080171.72,7,10,True,0.042,none
B-000012,T-00003,V-0410,14197120.9,5,13,False,0.09,none
B-000013,T-00003,V-0007,13517356.68,3,12,False,0.019,none
B-000014,T-00003,V-0447,13661749.0,6,15,False,0.099,none
B-000015,T-00003,V-0368,15352514.74,10,9,False,0.011,none
B-000016,T-00004,V-0253,1550792.05,3,15,False,0.107,none
B-000017,T-00004,V-0361,1508684.3,5,16,True,0.044,none
B-000018,T-00004,V-0376,1360097.75,10,11,False,0.079,none
B-000019,T-00005,V-0257,2659405.13,9,15,False,0.042,none
B-000020,T-00005,V-0053,2908182.63,3,10,False,0.126,none
B-000021,T-00005,V-0027,2733920.21,8,11,False,0.046,none
B-000022,T-00005,V-0177,3088113.65,8,11,False,0.018,none
B-000023,T-00005,V-0461,2774843.65,2,8,False,0.147,none
B-000024,T-00005,V-0210,2742106.86,7,18,True,0.115,none
B-000025,T-00006,V-0010,5050919.86,4,12,True,0.088,none
B-000026,T-00006,V-0255,5187604.56,4,9,False,0.009,none
B-000027,T-00007,V-0196,8089454.7,3,11,True,0.057,none
B-000028,T-00007,V-0253,8511007.8,10,14,False,0.08,none
B-000029,T-00007,V-0009,8632781.02,10,12,False,0.005,none
B-000030,T-00007,V-0441,7779126.05,5,8,False,0.137,none
B-000031,T-00007,V-0195,7512039.34,5,12,False,0.122,none
B-000032,T-00007,V-0227,7264679.36,9,11,False,0.114,none
B-000033,T-00008,V-0371,7869195.54,0,9,False,0.083,none
B-000034,T-00008,V-0424,7130893.17,10,12,False,0.129,none
B-000035,T-00008,V-0318,6650015.51,8,15,False,0.064,none
B-000036,T-00008,V-0222,7814482.25,9,16,True,0.039,none
B-000037,T-00009,V-0239,9537593.42,4,18,True,0.143,none
B-000038,T-00009,V-0381,8293567.69,1,11,False,0.116,none
B-000039,T-00009,V-0473,8713986.6,4,13,False,0.086,none
B-000040,T-00009,V-0121,8337324.04,0,17,False,0.041,none
B-000041,T-00009,V-0067,8247362.95,4,18,False,0.038,none
B-000042,T-00010,V-0006,8070887.8,2,15,False,0.069,none
B-000043,T-00010,V-0063,7515862.27,7,8,False,0.07,none
B-000044,T-00010,V-0157,7771800.65,5,15,True,0.096,none
B-000045,T-00010,V-0291,7796723.88,8,11,False,0.061,none
B-000046,T-00010,V-0338,7342465.57,9,9,False,0.041,none
B-000047,T-00010,V-0164,8104375.11,9,16,False,0.047,none
B-000048,T-00011,V-0225,655374.07,4,12,False,0.13,none
B-000049,T-00011,V-0092,632293.88,2,11,True,0.095,none
B-000050,T-00012,V-0446,688472.14,3,9,True,0.098,none
B-000051,T-00012,V-0316,631044.24,2,18,False,0.076,none
B-000052,T-00012,V-0335,668128.79,7,17,False,0.048,none
B-000053,T-00013,V-0367,621974.93,0,18,False,0.127,none
B-000054,T-00013,V-0116,662861.59,5,16,False,0.108,none
B-000055,T-00013,V-0031,640040.14,9,11,True,0.052,none
B-000056,T-00013,V-0487,621380.94,1,16,False,0.067,none
B-000057,T-00013,V-0365,652849.93,8,9,False,0.036,none
B-000058,T-00013,V-0132,674224.28,5,17,False,0.056,none
B-000059,T-00014,V-0036,676402.09,0,13,False,0.091,none
B-000060,T-00014,V-0328,654903.53,5,13,True,0.146,none
B-000061,T-00014,V-0218,602981.41,10,13,False,0.071,none
B-000062,T-00014,V-0448,612670.16,4,17,False,0.005,none
B-000063,T-00014,V-0144,642510.86,5,8,False,0.044,none
B-000064,T-00015,V-0466,588966.35,9,11,True,0.121,none
B-000065,T-00015,V-0302,604464.89,8,16,False,0.118,none
B-000066,T-00015,V-0013,613400.76,5,11,False,0.057,none
B-000067,T-00016,V-0016,5837061.64,1,9,False,0.144,none
B-000068,T-00016,V-0336,5633335.09,3,17,False,0.076,none
B-000069,T-00016,V-0371,5822401.03,9,18,False,0.082,none
B-000070,T-00016,V-0076,5679149.84,6,16,False,0.11,none
B-000071,T-00016,V-0195,4986720.65,8,8,False,0.091,none
B-000072,T-00016,V-0390,5338420.76,10,16,True,0.078,none
B-000073,T-00017,V-0428,11806029.35,5,11,True,0.12,none
B-000074,T-00017,V-0294,11044611.32,5,11,False,0.068,none
B-000075,T-00017,V-0150,12337658.1,1,11,False,0.067,none
B-000076,T-00018,V-0185,1411057.25,5,18,True,0.073,none
B-000077,T-00018,V-0040,1386865.12,3,15,False,0.118,none
B-000078,T-00018,V-0180,1275809.64,3,17,False,0.124,none
B-000079,T-00018,V-0286,1407953.67,2,16,False,0.037,none
B-000080,T-00018,V-0258,1303888.27,6,18,False,0.088,none
B-000081,T-00019,V-0310,13225527.36,5,13,False,0.018,none
B-000082,T-00019,V-0133,13001735.09,6,14,True,0.076,none
B-000083,T-00019,V-0407,13253563.52,2,17,False,0.074,none
B-000084,T-00020,V-0460,11913141.38,0,10,False,0.018,none
B-000085,T-00020,V-0092,12321938.38,4,16,True,0.107,none
B-000086,T-00020,V-0448,12314735.5,7,9,False,0.019,none
B-000087,T-00021,V-0426,12665829.89,2,9,True,0.02,none
B-000088,T-00021,V-0220,12995505.89,8,14,False,0.136,none
B-000089,T-00022,V-0065,13315346.41,4,9,False,0.051,none
B-000090,T-00022,V-0205,13135575.5,5,17,True,0.091,none
B-000091,T-00022,V-0356,11320320.7,1,8,False,0.011,none
B-000092,T-00022,V-0285,10523201.12,5,15,False,0.137,none
B-000093,T-00023,V-0379,2743588.51,2,10,False,0.109,none
B-000094,T-00023,V-0427,2384884.64,9,16,False,0.013,none
B-000095,T-00023,V-0223,2562913.8,0,17,False,0.089,none
B-000096,T-00023,V-0148,2415555.87,10,18,True,0.068,none
B-000097,T-00023,V-0387,2317062.29,5,15,False,0.027,none
B-000098,T-00024,V-0143,2578564.78,5,8,False,0.085,none
B-000099,T-00024,V-0483,2611185.06,8,17,False,0.076,none
B-000100,T-00024,V-0395,2411041.28,6,12,False,0.048,none
B-000101,T-00024,V-0049,2109172.27,5,10,True,0.143,none
B-000102,T-00024,V-0118,2415576.5,0,11,False,0.065,none
B-000103,T-00024,V-0152,2556139.06,4,17,False,0.132,none
B-000104,T-00025,V-0050,2434131.15,4,12,True,0.073,none
B-000105,T-00025,V-0177,2700542.27,3,10,False,0.043,none
B-000106,T-00025,V-0145,2668701.6,4,17,False,0.113,none
B-000107,T-00025,V-0084,2763997.95,3,18,False,0.042,none
B-000108,T-00026,V-0358,15171362.45,0,16,True,0.108,shell_company
B-000109,T-00026,V-0387,15221441.91,7,8,False,0.074,none
B-000110,T-00026,V-0086,15442886.33,6,15,False,0.104,none
B-000111,T-00026,V-0014,16845545.19,4,9,False,0.143,none
B-000112,T-00027,V-0227,5460674.63,7,12,False,0.013,none
B-000113,T-00027,V-0455,5105228.75,2,12,True,0.11,none
B-000114,T-00028,V-0495,604070.73,3,9,True,0.049,none
B-000115,T-00028,V-0181,558246.07,8,13,False,0.041,none
B-000116,T-00029,V-0344,456647.28,6,9,True,0.14,none
B-000117,T-00029,V-0397,431784.2,8,13,False,0.029,none
B-000118,T-00029,V-0037,445231.27,8,18,False,0.126,none
B-000119,T-00029,V-0361,433114.27,10,8,False,0.142,none
B-000120,T-00029,V-0352,452650.32,10,8,False,0.037,none
B-000121,T-00029,V-0161,504372.4,9,14,False,0.131,none
B-000122,T-00030,V-0344,2492546.17,2,15,False,0.122,none
B-000123,T-00030,V-0100,2453163.46,7,12,True,0.02,none
B-000124,T-00030,V-0135,2955873.76,10,9,False,0.143,none
B-000125,T-00031,V-0001,2462096.92,8,17,False,0.031,none
B-000126,T-00031,V-0222,2393316.27,2,8,True,0.063,none
B-000127,T-00031,V-0034,2648987.44,4,17,False,0.057,none
B-000128,T-00032,V-0120,2580113.51,4,11,False,0.131,none
B-000129,T-00032,V-0326,2970739.82,10,15,True,0.074,none
B-000130,T-00032,V-0178,2786306.9,10,14,False,0.09,none
B-000131,T-00032,V-0247,2599021.99,8,15,False,0.044,none
B-000132,T-00032,V-0271,3023960.98,3,9,False,0.144,none
B-000133,T-00032,V-0336,2580097.55,4,14,False,0.145,none
B-000134,T-00033,V-0126,24870027.53,7,13,False,0.099,none
B-000135,T-00033,V-0339,24237442.77,5,14,True,0.106,none
B-000136,T-00033,V-0217,25669533.51,7,15,False,0.09,none
B-000137,T-00033,V-0059,26040638.86,10,11,False,0.004,none
B-000138,T-00034,V-0259,456011.38,0,16,False,0.116,none
B-000139,T-00034,V-0110,434562.88,4,18,False,0.048,none
B-000140,T-00034,V-0455,467698.43,6,15,False,0.064,none
B-000141,T-00034,V-0435,436630.18,4,8,True,0.04,none
B-000142,T-00035,V-0173,553002.46,4,15,True,0.061,none
B-000143,T-00035,V-0325,497440.32,9,10,False,0.08,none
B-000144,T-00035,V-0419,482583.4,10,9,False,0.142,none
B-000145,T-00036,V-0312,452492.58,0,14,False,0.014,none
B-000146,T-00036,V-0168,411360.49,5,13,False,0.115,none
B-000147,T-00036,V-0066,421443.75,8,9,False,0.098,none
B-000148,T-00036,V-0309,479767.07,8,11,False,0.054,none
B-000149,T-00036,V-0276,429894.61,3,10,False,0.126,none
B-000150,T-00036,V-0010,419421.87,6,11,True,0.044,none
B-000151,T-00037,V-0466,36983720.64,3,16,False,0.11,none
B-000152,T-00037,V-0191,38379052.27,0,8,True,0.127,none
B-000153,T-00037,V-0169,37375630.64,8,9,False,0.075,none
B-000154,T-00038,V-0021,13898797.65,10,11,False,0.005,none
B-000155,T-00038,V-0080,12519484.9,1,14,True,0.098,none
B-000156,T-00038,V-0144,11996183.85,2,12,False,0.129,none
B-000157,T-00038,V-0154,14296407.4,1,9,False,0.076,none
B-000158,T-00038,V-0012,12861090.38,6,8,False,0.002,none
B-000159,T-00039,V-0309,13370281.34,3,17,False,0.129,none
B-000160,T-00039,V-0470,14656359.03,5,14,False,0.077,none
B-000161,T-00039,V-0077,14027613.77,0,12,False,0.041,none
B-000162,T-00039,V-0048,13945887.55,3,9,True,0.04,none
B-000163,T-00039,V-0376,15337918.15,10,17,False,0.071,none
B-000164,T-00039,V-0301,13050449.17,4,14,False,0.014,none
B-000165,T-00040,V-0287,14293923.28,8,11,False,0.057,none
B-000166,T-00040,V-0142,13586456.2,7,14,False,0.143,none
B-000167,T-00040,V-0247,13758344.86,8,9,False,0.068,none
B-000168,T-00040,V-0145,14781878.69,9,8,False,0.06,none
B-000169,T-00040,V-0464,13952708.24,3,15,True,0.055,none
B-000170,T-00041,V-0055,12944798.5,1,9,False,0.084,none
B-000171,T-00041,V-0329,13346732.36,3,15,False,0.089,none
B-000172,T-00041,V-0159,12265205.41,1,10,False,0.06,none
B-000173,T-00041,V-0170,11908380.43,7,16,False,0.108,none
B-000174,T-00041,V-0073,11753689.92,9,11,False,0.009,none
B-000175,T-00041,V-0414,11060329.2,7,12,True,0.062,none
B-000176,T-00042,V-0427,2681661.2,0,12,False,0.104,none
B-000177,T-00042,V-0077,2229140.82,8,15,False,0.082,none
B-000178,T-00042,V-0018,2355462.44,5,18,False,0.035,none
B-000179,T-00042,V-0164,2347504.68,7,15,True,0.077,none
B-000180,T-00043,V-0471,966699.55,1,14,False,0.019,none
B-000181,T-00043,V-0053,995649.76,0,10,True,0.078,none
B-000182,T-00044,V-0011,13452591.01,6,15,True,0.034,conflict_of_interest
B-000183,T-00044,V-0446,13424251.1,7,10,False,0.15,none
B-000184,T-00044,V-0498,12942567.48,6,8,False,0.059,none
B-000185,T-00045,V-0368,9620931.95,8,13,False,0.092,none
B-000186,T-00045,V-0472,8828543.39,5,17,False,0.098,none
B-000187,T-00045,V-0450,9056868.25,2,12,True,0.078,none
B-000188,T-00045,V-0346,9303716.8,3,17,False,0.143,none
B-000189,T-00046,V-0265,11947782.8,3,13,False,0.139,none
B-000190,T-00046,V-0309,13298468.41,2,10,False,0.079,none
B-000191,T-00046,V-0128,12486056.81,7,8,False,0.048,none
B-000192,T-00046,V-0241,12663551.17,2,10,True,0.071,none
B-000193,T-00047,V-0159,3140958.55,3,9,True,0.081,none
B-000194,T-00047,V-0359,3233502.81,5,9,False,0.009,none
B-000195,T-00048,V-0304,458707.71,3,13,False,0.094,none
B-000196,T-00048,V-0080,418470.57,3,12,False,0.043,none
B-000197,T-00048,V-0034,464661.28,6,17,False,0.109,none
B-000198,T-00048,V-0179,436044.75,5,17,False,0.115,none
B-000199,T-00048,V-0325,439386.57,4,16,True,0.081,none
B-000200,T-00049,V-0039,515805.42,3,12,True,0.027,none
B-000201,T-00049,V-0303,535295.52,9,9,False,0.019,none
B-000202,T-00049,V-0078,498911.13,8,17,False,0.097,none
B-000203,T-00050,V-0169,504718.09,4,17,False,0.1,none
B-000204,T-00050,V-0294,546146.33,7,11,False,0.025,none
B-000205,T-00050,V-0395,502693.93,3,11,False,0.014,none
B-000206,T-00050,V-0436,572889.45,9,10,False,0.021,none
B-000207,T-00050,V-0303,512349.64,7,8,True,0.049,none
B-000208,T-00051,V-0070,429241.65,6,18,False,0.071,none
B-000209,T-00051,V-0261,501639.69,4,16,True,0.114,none
B-000210,T-00052,V-0193,1236594.62,4,16,False,0.048,none
B-000211,T-00052,V-0396,1302501.14,1,17,False,0.126,none
B-000212,T-00052,V-0197,1257777.03,2,18,True,0.125,none
B-000213,T-00052,V-0361,1198903.46,2,14,False,0.084,none
B-000214,T-00052,V-0242,1120139.94,7,12,False,0.103,none
B-000215,T-00053,V-0460,671318.49,7,18,False,0.052,none
B-000216,T-00053,V-0222,645151.38,6,11,False,0.093,none
B-000217,T-00053,V-0333,656164.74,3,14,True,0.056,none
B-000218,T-00053,V-0178,703853.2,0,11,False,0.066,none
B-000219,T-00053,V-0091,747961.23,8,11,False,0.001,none
B-000220,T-00053,V-0012,695943.61,4,13,False,0.014,none
B-000221,T-00054,V-0468,1811334.94,9,12,True,0.005,none
B-000222,T-00054,V-0129,2003404.66,4,18,False,0.072,none
B-000223,T-00054,V-0257,2091452.95,0,12,False,0.041,none
B-000224,T-00054,V-0471,1879956.13,0,17,False,0.123,none
B-000225,T-00055,V-0311,1957929.02,10,16,False,0.121,none
B-000226,T-00055,V-0323,1975539.9,0,13,False,0.004,none
B-000227,T-00055,V-0232,1880846.45,2,10,False,0.131,none
B-000228,T-00055,V-0251,2050574.98,2,9,True,0.063,none
B-000229,T-00055,V-0088,1959476.76,1,8,False,0.067,none
B-000230,T-00056,V-0160,5818717.27,3,18,False,0.092,none
B-000231,T-00056,V-0049,5373609.11,0,13,True,0.126,none
B-000232,T-00057,V-0459,4311719.62,8,8,False,0.141,none
B-000233,T-00057,V-0363,4619861.79,6,14,False,0.126,none
B-000234,T-00057,V-0086,4328889.01,10,8,True,0.01,none
B-000235,T-00057,V-0463,4886755.77,8,10,False,0.109,none
B-000236,T-00058,V-0088,8226558.87,4,17,True,0.03,none
B-000237,T-00058,V-0227,8542290.3,8,14,False,0.026,none
B-000238,T-00059,V-0159,1738324.99,1,13,False,0.07,none
B-000239,T-00059,V-0140,1506114.82,1,17,True,0.14,none
B-000240,T-00060,V-0093,3767461.82,0,10,True,0.237,price_inflation
B-000241,T-00060,V-0373,2815263.4,5,15,False,0.024,none
B-000242,T-00061,V-0157,876966.45,3,10,False,0.047,none
B-000243,T-00061,V-0428,890801.34,6,12,False,0.027,none
B-000244,T-00061,V-0348,1054843.78,2,17,True,0.047,none
B-000245,T-00062,V-0427,640215.22,2,12,True,0.039,none
B-000246,T-00062,V-0096,763772.76,7,12,False,0.014,none
B-000247,T-00062,V-0139,639723.01,5,17,False,0.055,none
B-000248,T-00063,V-0230,663979.56,9,14,True,0.023,none
B-000249,T-00063,V-0424,717470.72,9,11,False,0.149,none
B-000250,T-00063,V-0323,735752.79,6,13,False,0.097,none
B-000251,T-00063,V-0351,737936.11,10,12,False,0.031,none
B-000252,T-00063,V-0425,704320.39,8,16,False,0.124,none
B-000253,T-00063,V-0087,697058.37,4,9,False,0.077,none
B-000254,T-00064,V-0132,673126.3,0,9,False,0.078,none
B-000255,T-00064,V-0111,680374.02,10,10,True,0.071,none
B-000256,T-00064,V-0239,628520.33,7,17,False,0.048,none
B-000257,T-00065,V-0461,4347980.06,0,10,False,0.063,none
B-000258,T-00065,V-0017,4571524.72,5,13,False,0.097,none
B-000259,T-00065,V-0165,4525760.84,1,10,True,0.137,none
B-000260,T-00065,V-0359,4448108.72,4,10,False,0.07,none
B-000261,T-00065,V-0053,4763502.32,2,8,False,0.066,none
B-000262,T-00065,V-0322,4834535.64,9,15,False,0.089,none
B-000263,T-00066,V-0374,1671641.05,5,17,False,0.051,none
B-000264,T-00066,V-0204,1810232.82,10,14,False,0.045,none
B-000265,T-00066,V-0242,1548915.3,3,16,True,0.016,none
B-000266,T-00066,V-0427,1643499.5,6,12,False,0.143,none
B-000267,T-00066,V-0124,1591303.94,6,17,False,0.004,none
B-000268,T-00067,V-0453,1691317.28,9,10,False,0.019,none
B-000269,T-00067,V-0305,1895171.32,5,8,True,0.146,none
B-000270,T-00067,V-0494,1890706.88,4,10,False,0.12,none
B-000271,T-00067,V-0357,2077572.62,7,14,False,0.025,none
B-000272,T-00068,V-0036,29659211.09,0,8,True,0.907,bid_rigging
B-000273,T-00068,V-0058,35338710.41,0,9,False,0.851,bid_rigging
B-000274,T-00068,V-0099,32754671.26,0,9,False,0.921,bid_rigging
B-000275,T-00069,V-0467,2707015.28,7,11,False,0.114,none
B-000276,T-00069,V-0241,2448011.85,1,14,True,0.019,none
B-000277,T-00069,V-0342,2898455.9,2,14,False,0.116,none
B-000278,T-00070,V-0305,19204129.98,10,17,False,0.004,none
B-000279,T-00070,V-0201,18518172.05,9,10,False,0.115,none
B-000280,T-00070,V-0273,17650083.38,5,13,False,0.051,none
B-000281,T-00070,V-0036,16863187.05,0,17,True,0.09,none
B-000282,T-00070,V-0177,17493636.37,6,9,False,0.097,none
B-000283,T-00071,V-0255,1994484.39,4,14,True,0.014,none
B-000284,T-00071,V-0096,2083881.67,6,18,False,0.027,none
B-000285,T-00071,V-0022,2045538.28,2,12,False,0.047,none
B-000286,T-00072,V-0017,1694323.56,2,14,False,0.102,none
B-000287,T-00072,V-0133,1628262.42,1,15,True,0.121,none
B-000288,T-00072,V-0490,1760276.59,5,18,False,0.11,none
B-000289,T-00072,V-0488,1560310.47,10,14,False,0.121,none
B-000290,T-00072,V-0215,1779367.16,0,10,False,0.048,none
B-000291,T-00073,V-0351,184268.97,6,8,False,0.045,none
B-000292,T-00073,V-0232,180716.87,4,18,False,0.017,none
B-000293,T-00073,V-0005,168126.67,7,16,False,0.056,none
B-000294,T-00073,V-0248,191644.64,7,13,True,0.127,none
B-000295,T-00073,V-0334,179973.23,5,9,False,0.118,none
B-000296,T-00074,V-0388,303638.49,5,17,True,0.039,none
B-000297,T-00074,V-0196,270283.27,8,17,False,0.109,none
B-000298,T-00074,V-0445,326022.36,7,14,False,0.007,none
B-000299,T-00074,V-0345,361286.43,4,8,False,0.018,none
B-000300,T-00074,V-0040,359111.68,7,15,False,0.055,none
B-000301,T-00074,V-0076,317605.28,9,18,False,0.055,none
B-000302,T-00075,V-0172,1934504.91,8,12,True,0.027,none
B-000303,T-00075,V-0345,2063474.64,5,14,False,0.003,none
B-000304,T-00075,V-0151,1886797.14,5,12,False,0.095,none
B-000305,T-00075,V-0392,2043366.38,9,9,False,0.054,none
B-000306,T-00075,V-0419,2099276.66,0,16,False,0.111,none
B-000307,T-00076,V-0273,5251847.07,2,18,True,0.074,none
B-000308,T-00076,V-0048,4862341.35,4,13,False,0.146,none
B-000309,T-00077,V-0124,24392848.26,8,17,False,0.069,none
B-000310,T-00077,V-0470,23393739.95,1,13,False,0.056,none
B-000311,T-00077,V-0422,23469456.98,2,17,False,0.147,none
B-000312,T-00077,V-0462,24359058.39,10,9,False,0.057,none
B-000313,T-00077,V-0427,25238944.35,1,13,False,0.139,none
B-000314,T-00077,V-0477,26048265.0,4,14,True,0.06,none
B-000315,T-00078,V-0486,1186717.8,10,9,False,0.126,none
B-000316,T-00078,V-0382,1358467.35,6,9,False,0.119,none
B-000317,T-00078,V-0131,1226519.86,9,12,True,0.149,none
B-000318,T-00079,V-0263,1346418.69,5,17,True,0.071,none
B-000319,T-00079,V-0276,1287706.0,6,12,False,0.112,none
B-000320,T-00079,V-0437,1152053.13,2,12,False,0.075,none
B-000321,T-00079,V-0406,1419656.46,0,17,False,0.06,none
B-000322,T-00079,V-0124,1407749.51,2,18,False,0.043,none
B-000323,T-00079,V-0355,1325390.81,0,14,False,0.031,none
B-000324,T-00080,V-0336,1225807.16,10,13,False,0.015,none
B-000325,T-00080,V-0066,1258694.43,3,8,False,0.106,none
B-000326,T-00080,V-0140,1106437.1,3,9,False,0.092,none
B-000327,T-00080,V-0136,1182144.6,9,15,False,0.088,none
B-000328,T-00080,V-0236,1279082.88,10,17,True,0.049,none
B-000329,T-00081,V-0243,1106734.51,5,13,False,0.123,none
B-000330,T-00081,V-0476,1217882.59,2,15,False,0.128,none
B-000331,T-00081,V-0285,1099389.08,7,11,True,0.08,none
B-000332,T-00081,V-0006,1230296.21,2,18,False,0.059,none
B-000333,T-00081,V-0175,1194243.38,6,8,False,0.099,none
B-000334,T-00082,V-0495,1159286.94,3,16,True,0.055,none
B-000335,T-00082,V-0040,1373395.89,4,13,False,0.068,none
B-000336,T-00082,V-0323,1227107.18,7,8,False,0.023,none
B-000337,T-00082,V-0249,1221279.69,9,10,False,0.094,none
B-000338,T-00082,V-0287,1299134.37,9,14,False,0.062,none
B-000339,T-00082,V-0176,1372155.69,0,12,False,0.083,none
B-000340,T-00083,V-0192,7245566.63,6,17,True,0.142,none
B-000341,T-00083,V-0471,7744396.58,1,9,False,0.059,none
B-000342,T-00083,V-0275,7914362.68,3,9,False,0.086,none
B-000343,T-00084,V-0442,2644452.91,6,16,False,0.061,none
B-000344,T-00084,V-0081,2565748.32,3,14,False,0.135,none
B-000345,T-00084,V-0392,2482960.41,4,13,True,0.116,none
B-000346,T-00085,V-0340,3072330.62,8,16,False,0.08,none
B-000347,T-00085,V-0452,3249569.06,3,14,True,0.074,none
B-000348,T-00086,V-0146,22716185.6,6,12,False,0.001,none
B-000349,T-00086,V-0422,20022482.27,5,15,True,0.098,none
B-000350,T-00086,V-0473,24913872.06,10,9,False,0.058,none
B-000351,T-00086,V-0230,25594686.4,10,14,False,0.146,none
B-000352,T-00086,V-0080,20835916.85,6,11,False,0.095,none
B-000353,T-00087,V-0312,1194065.99,9,17,True,0.11,none
B-000354,T-00087,V-0317,1318291.84,0,13,False,0.091,none
B-000355,T-00087,V-0257,1427985.99,2,17,False,0.094,none
B-000356,T-00088,V-0011,4229247.71,8,16,False,0.13,none
B-000357,T-00088,V-0380,4039473.69,2,15,False,0.055,none
B-000358,T-00088,V-0307,4177624.75,3,10,False,0.071,none
B-000359,T-00088,V-0452,4572424.63,3,13,True,0.02,none
B-000360,T-00089,V-0457,3757435.32,9,15,True,0.069,none
B-000361,T-00089,V-0015,3721497.84,10,17,False,0.067,none
B-000362,T-00090,V-0498,2127668.28,1,17,False,0.126,none
B-000363,T-00090,V-0236,2065801.39,2,11,False,0.069,none
B-000364,T-00090,V-0256,2207260.83,1,8,True,0.112,none
B-000365,T-00091,V-0443,8836574.84,6,12,True,0.133,none
B-000366,T-00091,V-0266,8207770.43,8,9,False,0.107,none
B-000367,T-00091,V-0240,7929778.03,9,18,False,0.148,none
B-000368,T-00091,V-0441,7910715.93,0,15,False,0.072,none
B-000369,T-00091,V-0197,7296510.67,0,12,False,0.122,none
B-000370,T-00092,V-0186,8313452.66,6,9,False,0.016,none
B-000371,T-00092,V-0204,7858245.31,4,17,True,0.113,none
B-000372,T-00093,V-0369,7866925.62,6,18,False,0.051,none
B-000373,T-00093,V-0086,9476743.72,3,15,True,0.032,none
B-000374,T-00094,V-0168,8590799.72,7,15,True,0.113,none
B-000375,T-00094,V-0328,8058834.52,4,13,False,0.044,none
B-000376,T-00095,V-0169,7886611.66,4,17,False,0.005,none
B-000377,T-00095,V-0403,8651366.94,2,10,False,0.078,none
B-000378,T-00095,V-0230,8148665.58,0,11,False,0.132,none
B-000379,T-00095,V-0358,7395203.34,9,13,False,0.107,none
B-000380,T-00095,V-0132,8540054.8,4,10,True,0.085,none
B-000381,T-00096,V-0344,594639.59,2,17,False,0.044,none
B-000382,T-00096,V-0150,689100.93,6,12,True,0.096,none
B-000383,T-00096,V-0079,659617.11,0,11,False,0.087,none
B-000384,T-00096,V-0380,602847.2,2,17,False,0.002,none
B-000385,T-00096,V-0412,667086.78,5,16,False,0.112,none
B-000386,T-00097,V-0207,4159133.42,10,10,False,0.088,none
B-000387,T-00097,V-0244,4354213.94,8,13,False,0.079,none
B-000388,T-00097,V-0316,4262742.49,6,15,True,0.097,none
B-000389,T-00097,V-0460,3931918.66,8,15,False,0.026,none
B-000390,T-00097,V-0087,3982323.48,6,8,False,0.1,none
B-000391,T-00097,V-0497,4398251.35,1,13,False,0.034,none
B-000392,T-00098,V-0142,1277657.69,1,18,False,0.03,none
B-000393,T-00098,V-0311,1272269.69,7,15,False,0.085,none
B-000394,T-00098,V-0398,1229127.4,10,8,True,0.126,none
B-000395,T-00099,V-0459,1259935.19,6,18,True,0.015,none
B-000396,T-00099,V-0116,1380760.72,5,16,False,0.01,none
B-000397,T-00099,V-0379,1150005.38,8,16,False,0.127,none
B-000398,T-00099,V-0103,1230491.98,8,9,False,0.146,none
B-000399,T-00099,V-0186,1332818.73,0,15,False,0.085,none
B-000400,T-00099,V-0340,1222835.11,3,11,False,0.038,none
B-000401,T-00100,V-0353,1540292.98,3,15,True,0.027,none
B-000402,T-00100,V-0479,1404001.31,9,12,False,0.083,none
B-000403,T-00100,V-0333,1538127.75,1,11,False,0.11,none
B-000404,T-00101,V-0463,39424488.6,8,12,True,0.009,none
B-000405,T-00101,V-0462,42230393.21,3,11,False,0.088,none
B-000406,T-00102,V-0244,2570505.97,5,18,True,0.011,none
B-000407,T-00102,V-0237,2772382.03,7,9,False,0.066,none
B-000408,T-00102,V-0050,2483005.81,7,11,False,0.015,none
B-000409,T-00102,V-0274,2446460.09,9,11,False,0.09,none
B-000410,T-00102,V-0451,2427540.28,4,17,False,0.001,none
B-000411,T-00102,V-0400,2348707.64,6,9,False,0.108,none
B-000412,T-00103,V-0398,1870271.32,7,8,False,0.038,none
B-000413,T-00103,V-0329,1800554.94,6,17,False,0.041,none
B-000414,T-00103,V-0099,1851571.75,10,10,False,0.049,none
B-000415,T-00103,V-0301,1977956.82,7,16,False,0.043,none
B-000416,T-00103,V-0412,1722341.76,10,12,True,0.04,none
B-000417,T-00104,V-0127,2135236.05,10,15,False,0.017,none
B-000418,T-00104,V-0174,2156489.01,2,15,False,0.001,none
B-000419,T-00104,V-0140,1984391.86,8,15,True,0.074,none
B-000420,T-00104,V-0347,1744111.85,2,9,False,0.114,none
B-000421,T-00104,V-0287,1925664.06,10,12,False,0.014,none
B-000422,T-00104,V-0257,2154076.3,7,13,False,0.096,none
B-000423,T-00105,V-0421,1868129.25,3,12,False,0.075,none
B-000424,T-00105,V-0093,1758532.56,5,16,True,0.071,none
B-000425,T-00105,V-0099,1814039.17,10,12,False,0.139,none
B-000426,T-00105,V-0398,1965048.67,3,17,False,0.101,none
B-000427,T-00105,V-0055,1932062.34,5,10,False,0.029,none
B-000428,T-00105,V-0390,1843877.84,6,10,False,0.128,none
B-000429,T-00106,V-0339,1986158.87,9,14,False,0.117,none
B-000430,T-00106,V-0080,1983120.65,4,11,False,0.14,none
B-000431,T-00106,V-0166,1918459.95,7,12,False,0.056,none
B-000432,T-00106,V-0489,2227692.76,4,13,False,0.109,none
B-000433,T-00106,V-0264,1991581.73,5,15,False,0.046,none
B-000434,T-00106,V-0242,2179169.43,9,14,True,0.114,none
B-000435,T-00107,V-0390,2148036.93,0,14,False,0.053,none
B-000436,T-00107,V-0481,2086268.98,2,15,True,0.115,none
B-000437,T-00108,V-0036,5604549.97,1,8,False,0.892,bid_rigging
B-000438,T-00108,V-0058,5985718.44,1,8,False,0.954,bid_rigging
B-000439,T-00108,V-0099,5063195.25,1,9,True,0.864,bid_rigging
B-000440,T-00109,V-0082,4612255.39,9,15,False,0.143,none
B-000441,T-00109,V-0166,4849572.2,0,18,True,0.059,none
B-000442,T-00109,V-0370,4728001.71,7,11,False,0.042,none
B-000443,T-00110,V-0030,20231643.05,8,13,False,0.066,none
B-000444,T-00110,V-0051,21807850.0,4,9,False,0.071,none
B-000445,T-00110,V-0028,19878248.95,1,13,True,0.147,none
B-000446,T-00110,V-0327,22915914.66,6,10,False,0.131,none
B-000447,T-00110,V-0175,20795204.68,9,12,False,0.086,none
B-000448,T-00111,V-0045,1306028.4,4,16,False,0.08,none
B-000449,T-00111,V-0224,1312387.35,4,8,False,0.021,none
B-000450,T-00111,V-0125,1270406.89,1,13,False,0.144,none
B-000451,T-00111,V-0167,1335879.22,5,15,False,0.112,none
B-000452,T-00111,V-0293,1253682.71,3,10,False,0.048,none
B-000453,T-00111,V-0279,1357915.27,3,15,True,0.054,none
B-000454,T-00112,V-0346,2171810.2,4,17,False,0.112,none
B-000455,T-00112,V-0497,2380527.0,0,10,True,0.018,none
B-000456,T-00112,V-0360,2637468.05,6,14,False,0.059,none
B-000457,T-00113,V-0408,6493436.98,5,8,False,0.085,none
B-000458,T-00113,V-0024,6627143.7,0,16,False,0.131,none
B-000459,T-00113,V-0425,7121064.09,5,16,False,0.074,none
B-000460,T-00113,V-0270,6982491.46,9,13,False,0.095,none
B-000461,T-00113,V-0030,7053388.16,1,17,True,0.014,none
B-000462,T-00114,V-0399,24598637.53,9,15,True,0.092,none
B-000463,T-00114,V-0057,24807309.54,3,9,False,0.115,none
B-000464,T-00114,V-0272,25488349.44,6,12,False,0.07,none
B-000465,T-00114,V-0081,24484836.36,2,18,False,0.05,none
B-000466,T-00114,V-0408,23551301.35,2,18,False,0.086,none
B-000467,T-00114,V-0262,24861583.34,7,16,False,0.117,none
B-000468,T-00115,V-0455,3464114.98,9,14,True,0.003,none
B-000469,T-00115,V-0010,3084891.67,3,13,False,0.064,none
B-000470,T-00115,V-0205,2927812.23,4,11,False,0.088,none
B-000471,T-00115,V-0294,3316195.47,5,16,False,0.069,none
B-000472,T-00115,V-0150,3087177.74,10,11,False,0.115,none
B-000473,T-00116,V-0457,1128345.04,3,10,False,0.031,none
B-000474,T-00116,V-0450,1363456.51,2,9,True,0.004,none
B-000475,T-00116,V-0366,1255810.64,9,8,False,0.117,none
B-000476,T-00116,V-0444,1290437.53,8,13,False,0.143,none
B-000477,T-00117,V-0445,1044362.18,3,12,False,0.024,none
B-000478,T-00117,V-0161,1035669.9,4,11,True,0.14,none
B-000479,T-00117,V-0475,1067553.26,3,13,False,0.004,none
B-000480,T-00117,V-0117,997210.6,7,9,False,0.125,none
B-000481,T-00118,V-0013,8121963.29,6,8,False,0.067,none
B-000482,T-00118,V-0227,7756681.68,6,11,True,0.031,none
B-000483,T-00118,V-0444,8228668.15,6,17,False,0.122,none
B-000484,T-00118,V-0380,8170308.85,1,10,False,0.076,none
B-000485,T-00118,V-0437,7437144.84,9,16,False,0.018,none
B-000486,T-00119,V-0061,8286681.1,9,13,False,0.112,none
B-000487,T-00119,V-0481,7529580.24,5,14,False,0.029,none
B-000488,T-00119,V-0250,8156950.03,1,16,True,0.054,none
B-000489,T-00120,V-0260,7845990.43,0,14,True,0.121,none
B-000490,T-00120,V-0057,8523498.35,6,9,False,0.053,none
B-000491,T-00120,V-0483,7573884.21,4,9,False,0.065,none
B-000492,T-00120,V-0233,7515916.21,10,12,False,0.034,none
B-000493,T-00121,V-0333,8146160.91,7,8,False,0.143,none
B-000494,T-00121,V-0329,8007305.76,4,18,True,0.135,none
B-000495,T-00122,V-0072,3319021.26,2,17,True,0.001,none
B-000496,T-00122,V-0433,2859882.7,8,10,False,0.021,none
B-000497,T-00123,V-0031,8989243.03,10,12,True,0.056,none
B-000498,T-00123,V-0305,8981113.09,6,10,False,0.063,none
B-000499,T-00124,V-0479,787559.55,10,10,True,0.055,none
B-000500,T-00124,V-0265,821548.7,1,10,False,0.004,none
B-000501,T-00124,V-0494,740407.08,3,12,False,0.061,none
B-000502,T-00125,V-0318,16944365.74,5,8,True,0.133,none
B-000503,T-00125,V-0164,17189704.84,0,10,False,0.137,none
B-000504,T-00125,V-0014,18311081.7,0,16,False,0.057,none
B-000505,T-00125,V-0401,16165304.37,9,16,False,0.025,none
B-000506,T-00126,V-0007,1104153.72,1,14,True,0.148,none
B-000507,T-00126,V-0178,1152279.74,1,15,False,0.07,none
B-000508,T-00127,V-0438,4024598.63,10,8,False,0.047,none
B-000509,T-00127,V-0459,3951571.46,7,12,False,0.019,none
B-000510,T-00127,V-0274,4141801.21,10,16,False,0.055,none
B-000511,T-00127,V-0225,3273415.76,9,18,False,0.107,none
B-000512,T-00127,V-0068,4066041.03,7,15,True,0.112,none
B-000513,T-00128,V-0064,772675.16,2,11,True,0.099,none
B-000514,T-00128,V-0112,715901.31,1,14,False,0.042,none
B-000515,T-00128,V-0263,828904.77,9,9,False,0.037,none
B-000516,T-00129,V-0094,1860835.93,7,18,False,0.089,none
B-000517,T-00129,V-0373,1704967.22,8,17,False,0.148,none
B-000518,T-00129,V-0337,1817432.61,4,10,True,0.049,none
B-000519,T-00129,V-0154,1885449.24,5,18,False,0.022,none
B-000520,T-00130,V-0382,15369681.8,10,8,False,0.119,none
B-000521,T-00130,V-0463,15647517.0,2,8,True,0.021,none
B-000522,T-00131,V-0036,4033280.58,1,9,False,0.874,bid_rigging
B-000523,T-00131,V-0058,3537108.12,1,9,True,0.979,bid_rigging
B-000524,T-00131,V-0099,3969952.02,1,9,False,0.865,bid_rigging
B-000525,T-00132,V-0473,36885234.52,8,15,False,0.099,none
B-000526,T-00132,V-0172,35472663.45,10,13,False,0.114,none
B-000527,T-00132,V-0456,31918639.45,4,9,False,0.117,none
B-000528,T-00132,V-0095,34791487.03,6,18,True,0.004,none
B-000529,T-00132,V-0130,33526191.13,8,10,False,0.014,none
B-000530,T-00132,V-0174,39912565.67,7,9,False,0.018,none
B-000531,T-00133,V-0064,644365.75,6,16,False,0.148,none
B-000532,T-00133,V-0447,656052.51,1,16,False,0.027,none
B-000533,T-00133,V-0177,672787.28,8,11,False,0.021,none
B-000534,T-00133,V-0157,652942.11,10,11,True,0.116,none
B-000535,T-00134,V-0375,670476.5,9,10,False,0.084,none
B-000536,T-00134,V-0381,585845.87,8,16,False,0.007,none
B-000537,T-00134,V-0181,615687.93,8,13,True,0.081,none
B-000538,T-00135,V-0085,650852.94,10,17,False,0.034,none
B-000539,T-00135,V-0191,627247.27,2,16,False,0.141,none
B-000540,T-00135,V-0081,656194.96,9,14,False,0.129,none
B-000541,T-00135,V-0051,679685.39,4,8,False,0.144,none
B-000542,T-00135,V-0348,663652.74,6,12,False,0.058,none
B-000543,T-00135,V-0084,652898.56,8,14,True,0.134,none
B-000544,T-00136,V-0164,604667.92,1,12,True,0.106,none
B-000545,T-00136,V-0069,657098.16,10,12,False,0.031,none
B-000546,T-00136,V-0369,600768.85,9,17,False,0.144,none
B-000547,T-00136,V-0480,690507.14,0,14,False,0.021,none
B-000548,T-00136,V-0153,663657.64,7,10,False,0.115,none
B-000549,T-00137,V-0200,566878.28,6,14,False,0.089,none
B-000550,T-00137,V-0402,609679.62,3,13,False,0.011,none
B-000551,T-00137,V-0081,593169.96,4,10,True,0.134,none
B-000552,T-00138,V-0371,618469.57,3,15,True,0.021,none
B-000553,T-00138,V-0378,655655.13,4,13,False,0.002,none
B-000554,T-00139,V-0266,545465.84,10,17,True,0.071,none
B-000555,T-00139,V-0159,618858.38,10,15,False,0.045,none
B-000556,T-00140,V-0277,606349.74,2,9,False,0.132,none
B-000557,T-00140,V-0380,636893.0,5,12,True,0.142,none
B-000558,T-00141,V-0046,3025568.51,1,9,False,0.879,bid_rigging
B-000559,T-00141,V-0250,2833332.31,1,8,False,0.963,bid_rigging
B-000560,T-00141,V-0264,2632530.78,1,9,True,0.857,bid_rigging
B-000561,T-00142,V-0488,362872.02,4,18,True,0.102,shell_company
B-000562,T-00142,V-0431,372835.48,4,13,False,0.017,none
B-000563,T-00142,V-0370,353633.23,7,11,False,0.117,none
B-000564,T-00143,V-0302,156665.81,1,15,False,0.084,none
B-000565,T-00143,V-0222,147707.88,9,14,True,0.091,none
B-000566,T-00143,V-0340,151725.87,10,14,False,0.006,none
B-000567,T-00144,V-0490,2992168.15,3,13,True,0.116,shell_company
B-000568,T-00144,V-0488,3432158.18,6,14,False,0.144,none
B-000569,T-00144,V-0050,3077258.39,7,15,False,0.115,none
B-000570,T-00144,V-0294,3333265.17,6,18,False,0.149,none
B-000571,T-00145,V-0110,3025724.2,0,18,True,0.142,none
B-000572,T-00145,V-0290,3382625.7,1,12,False,0.138,none
B-000573,T-00146,V-0434,17920800.47,5,11,False,0.041,none
B-000574,T-00146,V-0456,19939555.32,0,13,False,0.069,none
B-000575,T-00146,V-0129,17832772.31,10,12,True,0.115,none
B-000576,T-00146,V-0183,17137174.21,2,11,False,0.084,none
B-000577,T-00146,V-0419,16272374.59,8,18,False,0.048,none
B-000578,T-00147,V-0399,9000731.96,1,13,False,0.053,none
B-000579,T-00147,V-0417,9133351.49,8,11,False,0.047,none
B-000580,T-00147,V-0088,10254398.9,4,9,False,0.137,none
B-000581,T-00147,V-0432,10400700.79,1,18,True,0.061,none
B-000582,T-00148,V-0254,773507.55,7,13,False,0.051,none
B-000583,T-00148,V-0327,900476.16,7,13,False,0.113,none
B-000584,T-00148,V-0095,829814.13,2,13,True,0.002,none
B-000585,T-00148,V-0387,862109.89,3,17,False,0.047,none
B-000586,T-00148,V-0195,937249.67,8,18,False,0.084,none
B-000587,T-00148,V-0103,900568.5,8,16,False,0.027,none
B-000588,T-00149,V-0356,2511568.65,10,14,False,0.128,none
B-000589,T-00149,V-0038,2416200.66,2,13,False,0.08,none
B-000590,T-00149,V-0101,2223121.3,6,10,False,0.138,none
B-000591,T-00149,V-0047,2442550.46,1,12,False,0.092,none
B-000592,T-00149,V-0046,2520360.2,1,13,True,0.15,none
B-000593,T-00149,V-0364,2401499.07,7,8,False,0.037,none
B-000594,T-00150,V-0341,760082.87,3,11,False,0.037,none
B-000595,T-00150,V-0140,769649.01,3,15,True,0.097,none
B-000596,T-00150,V-0013,755780.41,3,10,False,0.002,none
B-000597,T-00151,V-0493,2425278.84,7,15,False,0.062,none
B-000598,T-00151,V-0010,2549241.73,8,17,False,0.029,none
B-000599,T-00151,V-0439,2590623.3,2,16,True,0.087,none
B-000600,T-00152,V-0382,2284690.48,6,13,False,0.055,none
B-000601,T-00152,V-0133,2651579.92,3,13,False,0.081,none
B-000602,T-00152,V-0361,2430166.98,1,10,True,0.048,none
B-000603,T-00152,V-0407,2447392.48,3,16,False,0.087,none
B-000604,T-00152,V-0186,2548506.89,1,16,False,0.106,none
B-000605,T-00153,V-0413,2332061.77,5,18,True,0.146,none
B-000606,T-00153,V-0423,2431405.6,3,15,False,0.04,none
B-000607,T-00154,V-0316,5533034.12,2,8,True,0.084,none
B-000608,T-00154,V-0224,5239453.48,8,18,False,0.009,none
B-000609,T-00154,V-0254,5557308.54,5,15,False,0.13,none
B-000610,T-00154,V-0302,5066062.22,2,9,False,0.102,none
B-000611,T-00154,V-0223,5474757.87,1,12,False,0.085,none
B-000612,T-00155,V-0365,760166.74,6,10,False,0.148,none
B-000613,T-00155,V-0306,752174.22,3,18,True,0.068,none
B-000614,T-00156,V-0356,3132492.18,6,10,False,0.115,none
B-000615,T-00156,V-0345,2800396.9,10,17,False,0.047,none
B-000616,T-00156,V-0155,3052904.35,0,17,False,0.008,none
B-000617,T-00156,V-0169,3174424.29,5,17,False,0.018,none
B-000618,T-00156,V-0119,3187116.96,1,17,True,0.01,none
B-000619,T-00156,V-0291,2962186.24,6,10,False,0.11,none
B-000620,T-00157,V-0396,1709608.8,7,9,False,0.05,none
B-000621,T-00157,V-0388,1506362.69,1,14,False,0.086,none
B-000622,T-00157,V-0091,1681365.32,10,14,False,0.121,none
B-000623,T-00157,V-0427,1629667.91,6,15,False,0.021,none
B-000624,T-00157,V-0092,1527331.71,5,10,False,0.014,none
B-000625,T-00157,V-0015,1758192.55,5,10,True,0.106,none
B-000626,T-00158,V-0046,15846201.31,5,18,False,0.095,none
B-000627,T-00158,V-0094,18009947.64,5,15,True,0.113,none
B-000628,T-00158,V-0133,18093339.64,8,12,False,0.003,none
B-000629,T-00158,V-0205,16381831.81,9,8,False,0.147,none
B-000630,T-00158,V-0102,18494673.87,0,18,False,0.056,none
B-000631,T-00159,V-0000,1262731.68,0,13,True,0.058,none
B-000632,T-00159,V-0493,1304170.43,0,17,False,0.085,none
B-000633,T-00159,V-0270,1301988.13,1,10,False,0.028,none
B-000634,T-00160,V-0255,5152965.05,10,10,True,0.09,none
B-000635,T-00160,V-0093,5447548.26,9,10,False,0.134,none
B-000636,T-00160,V-0274,5442149.93,2,16,False,0.022,none
B-000637,T-00160,V-0111,4649828.36,7,8,False,0.093,none
B-000638,T-00160,V-0499,5601377.07,8,9,False,0.121,none
B-000639,T-00160,V-0176,4676646.13,4,12,False,0.016,none
B-000640,T-00161,V-0265,6058117.36,2,17,False,0.138,none
B-000641,T-00161,V-0085,6090346.24,7,18,False,0.082,none
B-000642,T-00161,V-0460,5331277.76,6,15,False,0.142,none
B-000643,T-00161,V-0051,5564081.42,10,16,False,0.01,none
B-000644,T-00161,V-0254,5326233.13,3,13,True,0.021,none
B-000645,T-00161,V-0098,5631132.11,7,11,False,0.119,none
B-000646,T-00162,V-0076,287861.89,1,9,True,0.948,bid_rigging
B-000647,T-00162,V-0166,339280.48,1,9,False,0.868,bid_rigging
B-000648,T-00162,V-0355,344621.65,1,9,False,0.903,bid_rigging
B-000649,T-00162,V-0382,327466.94,1,8,False,0.914,bid_rigging
B-000650,T-00163,V-0287,5467582.62,7,12,False,0.116,none
B-000651,T-00163,V-0247,5831125.31,0,16,False,0.125,none
B-000652,T-00163,V-0312,6008485.06,3,9,True,0.046,none
B-000653,T-00163,V-0199,6037020.16,9,17,False,0.081,none
B-000654,T-00164,V-0378,3951363.19,4,14,True,0.028,none
B-000655,T-00164,V-0024,4037961.26,8,8,False,0.124,none
B-000656,T-00164,V-0273,3676250.89,10,14,False,0.111,none
B-000657,T-00164,V-0014,3891569.01,8,10,False,0.076,none
B-000658,T-00165,V-0466,2420964.51,7,10,True,0.134,none
B-000659,T-00165,V-0109,2510315.7,5,9,False,0.107,none
B-000660,T-00166,V-0105,11129100.69,6,11,True,0.135,none
B-000661,T-00166,V-0292,11591999.3,1,12,False,0.001,none
B-000662,T-00166,V-0327,12000215.49,3,18,False,0.122,none
B-000663,T-00166,V-0313,12221297.91,5,10,False,0.148,none
B-000664,T-00166,V-0007,11435408.13,3,13,False,0.138,none
B-000665,T-00167,V-0072,2011983.93,10,12,False,0.132,none
B-000666,T-00167,V-0306,1906279.76,6,18,False,0.086,none
B-000667,T-00167,V-0126,1960360.52,10,12,True,0.031,none
B-000668,T-00168,V-0209,13243129.0,6,12,False,0.126,none
B-000669,T-00168,V-0353,12827775.36,3,15,False,0.038,none
B-000670,T-00168,V-0005,12487092.02,0,18,False,0.104,none
B-000671,T-00168,V-0212,12738503.76,0,15,True,0.019,none
B-000672,T-00169,V-0326,2062205.29,2,15,True,0.01,none
B-000673,T-00169,V-0058,2027170.58,8,13,False,0.025,none
B-000674,T-00170,V-0145,15950045.56,1,9,False,0.059,none
B-000675,T-00170,V-0274,17755660.99,3,9,False,0.083,none
B-000676,T-00170,V-0146,16746888.74,7,11,True,0.019,none
B-000677,T-00170,V-0438,15914384.9,0,15,False,0.072,none
B-000678,T-00170,V-0291,16879127.95,1,11,False,0.006,none
B-000679,T-00171,V-0094,1239196.86,3,14,True,0.092,none
B-000680,T-00171,V-0042,1353530.9,7,10,False,0.066,none
B-000681,T-00171,V-0390,1292569.52,0,18,False,0.14,none
B-000682,T-00171,V-0355,1256383.06,3,11,False,0.109,none
B-000683,T-00171,V-0412,1298493.16,0,17,False,0.002,none
B-000684,T-00172,V-0471,730479.95,0,14,False,0.076,none
B-000685,T-00172,V-0089,735049.53,8,9,True,0.045,ai_generated_doc
B-000686,T-00172,V-0179,702779.96,5,18,False,0.144,none
B-000687,T-00172,V-0236,642008.0,7,9,False,0.169,none
B-000688,T-00173,V-0270,782535.89,0,9,False,0.103,none
B-000689,T-00173,V-0147,805557.61,6,16,False,0.08,none
B-000690,T-00173,V-0285,802076.29,9,10,True,0.109,none
B-000691,T-00173,V-0082,871376.89,5,13,False,0.006,none
B-000692,T-00173,V-0073,953777.15,1,18,False,0.035,none
B-000693,T-00173,V-0280,979633.18,6,8,False,0.084,none
B-000694,T-00174,V-0393,933487.25,9,16,True,0.011,none
B-000695,T-00174,V-0290,926085.76,10,15,False,0.141,none
B-000696,T-00174,V-0061,801911.74,10,14,False,0.042,none
B-000697,T-00174,V-0438,869794.12,9,14,False,0.067,none
B-000698,T-00174,V-0114,856571.88,3,18,False,0.074,none
B-000699,T-00175,V-0176,894521.93,7,16,False,0.132,none
B-000700,T-00175,V-0325,919759.25,3,10,True,0.043,none
B-000701,T-00175,V-0232,902814.84,2,14,False,0.15,none
B-000702,T-00175,V-0245,818790.97,2,13,False,0.111,none
B-000703,T-00176,V-0412,4526242.34,8,11,False,0.148,none
B-000704,T-00176,V-0153,4053034.29,2,18,False,0.053,none
B-000705,T-00176,V-0073,4394035.06,6,14,False,0.133,none
B-000706,T-00176,V-0021,4870929.31,7,15,True,0.067,none
B-000707,T-00176,V-0235,4092893.85,6,15,False,0.055,none
B-000708,T-00177,V-0068,1117618.19,3,17,False,0.029,none
B-000709,T-00177,V-0370,1295050.61,10,17,True,0.055,none
B-000710,T-00177,V-0271,1404703.58,7,16,False,0.129,none
B-000711,T-00177,V-0105,1472488.42,6,13,False,0.097,none
B-000712,T-00177,V-0125,1220454.17,3,14,False,0.021,none
B-000713,T-00178,V-0277,1086202.46,4,17,False,0.062,none
B-000714,T-00178,V-0333,1025320.62,3,11,True,0.051,none
B-000715,T-00179,V-0337,2942811.24,6,10,False,0.141,none
B-000716,T-00179,V-0196,3431533.36,0,11,False,0.058,none
B-000717,T-00179,V-0479,2694562.83,10,10,True,0.041,none
B-000718,T-00180,V-0393,1370901.33,2,14,False,0.047,none
B-000719,T-00180,V-0079,1388235.97,3,10,True,0.114,none
B-000720,T-00180,V-0328,1438314.24,7,13,False,0.092,none
B-000721,T-00180,V-0205,1358281.84,9,16,False,0.11,none
B-000722,T-00180,V-0294,1375301.63,0,18,False,0.015,none
B-000723,T-00180,V-0400,1318611.59,1,9,False,0.003,none
B-000724,T-00181,V-0169,4013279.72,5,13,True,0.03,none
B-000725,T-00181,V-0436,3868178.26,2,11,False,0.046,none
B-000726,T-00182,V-0298,3406977.13,2,12,False,0.091,none
B-000727,T-00182,V-0463,3643769.36,2,10,False,0.049,none
B-000728,T-00182,V-0424,3294543.91,6,10,False,0.168,none
B-000729,T-00182,V-0228,5004419.73,4,11,True,0.293,price_inflation
B-000730,T-00183,V-0465,311047.02,2,14,True,0.071,none
B-000731,T-00183,V-0227,293213.84,7,10,False,0.115,none
B-000732,T-00183,V-0049,306648.54,9,13,False,0.14,none
B-000733,T-00184,V-0292,1777499.07,10,17,False,0.052,none
B-000734,T-00184,V-0093,1900929.86,5,9,False,0.133,none
B-000735,T-00184,V-0229,1775134.66,1,10,False,0.02,none
B-000736,T-00184,V-0457,1591199.04,4,18,True,0.059,none
B-000737,T-00184,V-0010,1915446.01,2,9,False,0.149,none
B-000738,T-00184,V-0496,1683859.24,10,11,False,0.144,none
B-000739,T-00185,V-0181,525665.43,0,17,False,0.134,none
B-000740,T-00185,V-0308,527572.88,6,10,True,0.055,none
B-000741,T-00186,V-0143,1094252.5,2,8,False,0.097,none
B-000742,T-00186,V-0266,881352.62,4,12,False,0.067,none
B-000743,T-00186,V-0462,1201203.1,6,13,True,0.006,none
B-000744,T-00186,V-0468,1074941.63,10,15,False,0.099,none
B-000745,T-00186,V-0012,1024428.48,5,16,False,0.005,none
B-000746,T-00186,V-0250,1007558.8,9,8,False,0.11,none
B-000747,T-00187,V-0154,12802079.31,7,14,True,0.058,none
B-000748,T-00187,V-0194,12979977.23,10,12,False,0.105,none
B-000749,T-00188,V-0187,1077392.26,6,13,False,0.02,none
B-000750,T-00188,V-0411,1071815.38,5,12,False,0.083,none
B-000751,T-00188,V-0262,1042812.73,7,12,False,0.04,none
B-000752,T-00188,V-0437,1024956.53,7,18,True,0.013,none
B-000753,T-00189,V-0441,620092.4,2,9,True,0.036,none
B-000754,T-00189,V-0260,618454.07,2,13,False,0.01,none
B-000755,T-00189,V-0458,668341.07,9,11,False,0.117,none
B-000756,T-00189,V-0058,648058.04,1,8,False,0.108,none
B-000757,T-00190,V-0445,641609.21,9,18,False,0.145,none
B-000758,T-00190,V-0465,809711.04,7,18,True,0.131,none
B-000759,T-00190,V-0316,788154.76,10,9,False,0.092,none
B-000760,T-00190,V-0036,778177.67,0,10,False,0.03,none
B-000761,T-00191,V-0095,2355517.8,0,14,True,0.119,none
B-000762,T-00191,V-0046,2574402.02,3,11,False,0.007,none
B-000763,T-00192,V-0320,10394078.35,7,17,False,0.212,none
B-000764,T-00192,V-0271,13916924.32,0,15,True,0.055,price_inflation
B-000765,T-00192,V-0098,9357966.45,2,11,False,0.079,none
B-000766,T-00192,V-0243,10644925.71,3,9,False,0.211,none
B-000767,T-00193,V-0434,2980893.01,4,17,True,0.124,price_inflation
B-000768,T-00193,V-0164,2386107.28,3,14,False,0.075,none
B-000769,T-00193,V-0387,2284887.96,3,16,False,0.002,none
B-000770,T-00194,V-0144,2338075.07,1,15,True,0.052,none
B-000771,T-00194,V-0386,2109711.84,0,17,False,0.113,none
B-000772,T-00194,V-0082,2266333.54,6,9,False,0.101,none
B-000773,T-00194,V-0033,2083326.28,7,8,False,0.147,none
B-000774,T-00195,V-0301,16115125.8,10,17,False,0.102,none
B-000775,T-00195,V-0394,16908810.3,1,17,False,0.039,none
B-000776,T-00195,V-0469,18478583.97,5,15,True,0.054,none
B-000777,T-00195,V-0468,18574230.34,7,13,False,0.075,none
B-000778,T-00196,V-0279,621257.78,0,13,False,0.061,none
B-000779,T-00196,V-0381,628924.55,7,13,True,0.139,none
B-000780,T-00196,V-0097,621369.63,6,15,False,0.13,none
B-000781,T-00196,V-0116,579506.09,7,15,False,0.023,none
B-000782,T-00197,V-0214,1240480.5,6,18,False,0.022,none
B-000783,T-00197,V-0486,1267213.75,5,8,False,0.065,none
B-000784,T-00197,V-0012,1263867.94,10,10,True,0.023,none
B-000785,T-00197,V-0447,1295399.21,2,11,False,0.014,none
B-000786,T-00197,V-0071,1260531.61,6,15,False,0.022,none
B-000787,T-00198,V-0254,26405526.37,4,16,True,0.042,none
B-000788,T-00198,V-0200,27520673.7,3,15,False,0.091,none
B-000789,T-00199,V-0485,627290.56,5,9,True,0.01,none
B-000790,T-00199,V-0436,595045.94,5,15,False,0.091,none
B-000791,T-00199,V-0081,622143.14,2,11,False,0.078,none
B-000792,T-00199,V-0249,600209.43,7,11,False,0.062,none
B-000793,T-00199,V-0496,602837.86,0,12,False,0.095,none
B-000794,T-00200,V-0350,1305271.83,9,10,True,0.079,none
B-000795,T-00200,V-0316,1254086.76,5,13,False,0.121,none
B-000796,T-00200,V-0219,1292359.63,2,13,False,0.085,none
B-000797,T-00200,V-0313,1167090.9,7,9,False,0.003,none
B-000798,T-00201,V-0107,5607965.3,3,13,False,0.095,none
B-000799,T-00201,V-0483,5537504.03,7,12,False,0.083,none
B-000800,T-00201,V-0167,5265645.28,9,13,True,0.105,none
B-000801,T-00202,V-0400,800769.32,9,17,False,0.036,none
B-000802,T-00202,V-0323,813632.92,3,15,True,0.084,none
B-000803,T-00202,V-0293,696002.06,0,13,False,0.077,none
B-000804,T-00202,V-0497,735048.66,1,14,False,0.113,none
B-000805,T-00203,V-0270,597175.43,9,12,False,0.01,none
B-000806,T-00203,V-0251,590760.96,6,11,True,0.119,none
B-000807,T-00204,V-0186,1279659.24,7,11,True,0.033,none
B-000808,T-00204,V-0434,1204815.51,0,13,False,0.053,none
B-000809,T-00204,V-0398,1199645.37,9,15,False,0.084,none
B-000810,T-00205,V-0248,2721769.76,10,11,False,0.144,none
B-000811,T-00205,V-0160,3211683.79,9,17,True,0.018,none
B-000812,T-00205,V-0309,2863698.67,0,11,False,0.079,none
B-000813,T-00205,V-0452,3104859.83,8,12,False,0.037,none
B-000814,T-00206,V-0152,1749450.66,2,12,True,0.004,none
B-000815,T-00206,V-0133,1861298.1,10,18,False,0.114,none
B-000816,T-00207,V-0397,514334.09,7,13,False,0.032,none
B-000817,T-00207,V-0465,493300.17,4,11,False,0.212,none
B-000818,T-00207,V-0075,506723.47,2,17,False,0.039,none
B-000819,T-00207,V-0228,788774.77,1,8,True,0.26,price_inflation
B-000820,T-00207,V-0320,514133.3,5,10,False,0.095,none
B-000821,T-00208,V-0013,1822914.39,5,17,False,0.125,none
B-000822,T-00208,V-0321,1619862.18,0,18,True,0.042,none
B-000823,T-00208,V-0222,2000088.29,9,17,False,0.006,none
B-000824,T-00208,V-0330,2191979.5,8,8,False,0.108,none
B-000825,T-00208,V-0165,2125324.02,2,15,False,0.01,none
B-000826,T-00208,V-0202,2003151.82,1,10,False,0.023,none
B-000827,T-00209,V-0047,990488.02,5,9,False,0.062,none
B-000828,T-00209,V-0386,1070018.32,1,15,True,0.06,none
B-000829,T-00209,V-0184,960977.96,0,16,False,0.062,none
B-000830,T-00210,V-0280,1311116.41,7,10,True,0.017,none
B-000831,T-00210,V-0421,1313342.96,4,11,False,0.036,none
B-000832,T-00210,V-0045,1355770.03,10,18,False,0.084,none
B-000833,T-00211,V-0431,19854521.4,8,9,True,0.0,bid_suppression
B-000834,T-00212,V-0036,4029360.1,1,8,True,0.916,bid_rigging
B-000835,T-00212,V-0058,4497232.84,0,9,False,0.922,bid_rigging
B-000836,T-00212,V-0099,4343301.8,0,8,False,0.88,bid_rigging
B-000837,T-00213,V-0359,7058197.84,8,10,False,0.06,none
B-000838,T-00213,V-0041,6198103.33,2,16,False,0.001,none
B-000839,T-00213,V-0297,5870603.67,10,17,True,0.042,none
B-000840,T-00213,V-0451,6046234.26,8,13,False,0.077,none
B-000841,T-00214,V-0386,521080.94,4,14,False,0.024,none
B-000842,T-00214,V-0311,528232.56,0,15,True,0.121,ai_generated_doc
B-000843,T-00214,V-0131,557444.78,8,14,False,0.041,none
B-000844,T-00215,V-0279,434051.3,3,11,True,0.152,shell_company
B-000845,T-00215,V-0381,459745.98,4,18,False,0.043,none
B-000846,T-00216,V-0184,969258.32,9,12,False,0.033,none
B-000847,T-00216,V-0237,1039157.88,0,12,True,0.002,none
B-000848,T-00216,V-0027,1057728.41,2,13,False,0.031,none
B-000849,T-00216,V-0331,1050258.97,6,13,False,0.069,none
B-000850,T-00217,V-0471,22690505.73,9,12,False,0.119,none
B-000851,T-00217,V-0251,21375439.14,10,11,False,0.012,none
B-000852,T-00217,V-0245,23997344.16,1,8,True,0.128,none
B-000853,T-00218,V-0484,2656084.72,4,15,True,0.057,none
B-000854,T-00218,V-0140,2654569.59,9,10,False,0.015,none
B-000855,T-00219,V-0497,13499802.8,1,12,False,0.063,none
B-000856,T-00219,V-0216,13898948.93,0,12,True,0.116,none
B-000857,T-00219,V-0379,14452455.66,1,12,False,0.021,none
B-000858,T-00220,V-0061,194712.94,10,8,False,0.132,none
B-000859,T-00220,V-0470,197288.82,7,10,False,0.002,none
B-000860,T-00220,V-0325,201656.31,1,11,True,0.068,none
B-000861,T-00221,V-0139,2543891.6,2,11,True,0.01,none
B-000862,T-00221,V-0138,2631331.35,10,14,False,0.004,none
B-000863,T-00221,V-0011,2688289.81,7,14,False,0.125,none
B-000864,T-00221,V-0359,2912547.45,6,10,False,0.146,none
B-000865,T-00221,V-0288,2810958.49,9,8,False,0.098,none
B-000866,T-00221,V-0245,2799506.36,4,12,False,0.108,none
B-000867,T-00222,V-0012,1168743.33,3,15,False,0.122,none
B-000868,T-00222,V-0343,1102807.59,10,8,True,0.131,none
B-000869,T-00222,V-0139,1138023.99,6,16,False,0.143,none
B-000870,T-00222,V-0493,1105086.02,7,11,False,0.107,none
B-000871,T-00223,V-0186,1385573.42,7,16,False,0.025,none
B-000872,T-00223,V-0045,1316170.4,10,13,False,0.109,none
B-000873,T-00223,V-0306,1164286.34,8,10,False,0.048,none
B-000874,T-00223,V-0188,1352870.15,10,13,True,0.061,none
B-000875,T-00224,V-0239,13275361.45,10,15,False,0.101,none
B-000876,T-00224,V-0177,12910968.71,6,13,True,0.144,none
B-000877,T-00224,V-0392,12939723.44,1,17,False,0.038,none
B-000878,T-00224,V-0149,13138407.68,2,13,False,0.139,none
B-000879,T-00225,V-0385,10108306.08,5,16,True,0.138,none
B-000880,T-00225,V-0276,10173858.34,10,10,False,0.09,none
B-000881,T-00225,V-0441,9682197.2,8,18,False,0.125,none
B-000882,T-00225,V-0348,9864136.57,2,17,False,0.021,none
B-000883,T-00225,V-0084,10426307.99,3,14,False,0.012,none
B-000884,T-00226,V-0256,2962264.21,8,9,True,0.086,none
B-000885,T-00226,V-0278,2739590.58,4,16,False,0.1,none
B-000886,T-00227,V-0350,2704917.74,7,9,False,0.049,none
B-000887,T-00227,V-0363,2780097.63,5,16,True,0.141,none
B-000888,T-00227,V-0403,2880291.2,8,18,False,0.123,none
B-000889,T-00228,V-0383,325706.93,3,18,True,0.097,none
B-000890,T-00228,V-0208,307470.58,2,11,False,0.107,none
B-000891,T-00228,V-0352,344820.34,8,9,False,0.074,none
B-000892,T-00228,V-0384,330481.28,1,12,False,0.036,none
B-000893,T-00229,V-0277,8589811.06,0,8,True,0.005,none
B-000894,T-00229,V-0326,8781377.0,1,11,False,0.028,none
B-000895,T-00229,V-0049,8618991.32,10,9,False,0.01,none
B-000896,T-00230,V-0216,842385.62,10,14,False,0.002,none
B-000897,T-00230,V-0483,790049.08,9,12,True,0.051,none
B-000898,T-00231,V-0219,7286090.84,10,17,False,0.089,none
B-000899,T-00231,V-0317,7424250.49,10,15,False,0.147,none
B-000900,T-00231,V-0301,6668018.24,7,13,False,0.053,none
B-000901,T-00231,V-0470,7603279.19,4,15,True,0.129,none
B-000902,T-00232,V-0394,1222244.14,10,15,False,0.149,none
B-000903,T-00232,V-0050,1277219.66,6,8,False,0.144,none
B-000904,T-00232,V-0216,1148862.43,1,15,True,0.038,none
B-000905,T-00232,V-0352,1113360.97,1,9,False,0.037,none
B-000906,T-00232,V-0300,1288079.21,10,9,False,0.068,none
B-000907,T-00232,V-0317,1255555.58,5,11,False,0.091,none
B-000908,T-00233,V-0158,5229836.52,3,17,False,0.062,none
B-000909,T-00233,V-0282,5240581.24,0,18,False,0.019,none
B-000910,T-00233,V-0397,5902445.53,10,8,False,0.14,none
B-000911,T-00233,V-0360,5134506.09,7,9,True,0.075,none
B-000912,T-00234,V-0198,7005100.47,4,17,True,0.018,none
B-000913,T-00234,V-0410,6032043.65,8,15,False,0.026,none
B-000914,T-00234,V-0473,6620865.45,7,12,False,0.128,none
B-000915,T-00234,V-0274,6250890.06,0,12,False,0.09,none
B-000916,T-00234,V-0334,6607396.31,6,9,False,0.103,none
B-000917,T-00234,V-0370,6168442.09,1,11,False,0.072,none
B-000918,T-00235,V-0397,12835999.49,6,8,False,0.045,none
B-000919,T-00235,V-0381,12994437.94,3,13,True,0.13,none
B-000920,T-00235,V-0413,12183154.7,9,15,False,0.034,none
B-000921,T-00235,V-0334,13538793.92,7,9,False,0.015,none
B-000922,T-00235,V-0463,12563457.45,2,10,False,0.111,none
B-000923,T-00236,V-0012,261511.77,0,16,False,0.135,none
B-000924,T-00236,V-0224,249329.53,5,18,False,0.082,none
B-000925,T-00236,V-0254,224384.61,6,15,False,0.005,none
B-000926,T-00236,V-0187,262109.51,6,16,True,0.105,none
B-000927,T-00236,V-0406,303530.64,1,9,False,0.013,none
B-000928,T-00236,V-0357,277630.75,10,13,False,0.071,none
B-000929,T-00237,V-0464,13874504.76,1,8,True,0.024,none
B-000930,T-00237,V-0475,13671455.0,9,10,False,0.1,none
B-000931,T-00237,V-0448,13909280.83,7,18,False,0.149,none
B-000932,T-00238,V-0244,930494.24,9,14,False,0.017,none
B-000933,T-00238,V-0034,837090.57,0,11,True,0.03,none
B-000934,T-00238,V-0497,961154.48,4,10,False,0.112,none
B-000935,T-00238,V-0404,939589.68,6,8,False,0.056,none
B-000936,T-00239,V-0057,1179618.46,9,16,False,0.001,none
B-000937,T-00239,V-0268,1160639.24,2,13,True,0.138,none
B-000938,T-00240,V-0096,2678357.07,7,11,False,0.015,none
B-000939,T-00240,V-0339,2783210.99,6,16,True,0.095,none
B-000940,T-00240,V-0243,2770201.92,8,9,False,0.022,none
B-000941,T-00241,V-0275,1032954.51,7,16,True,0.198,conflict_of_interest
B-000942,T-00241,V-0441,825681.02,2,11,False,0.125,none
B-000943,T-00242,V-0480,1391395.15,0,14,False,0.006,none
B-000944,T-00242,V-0115,1372667.56,5,14,False,0.004,none
B-000945,T-00242,V-0423,1430281.15,10,13,False,0.059,none
B-000946,T-00242,V-0134,1553717.86,9,11,True,0.112,none
B-000947,T-00243,V-0275,2050369.49,2,11,True,0.12,conflict_of_interest
B-000948,T-00243,V-0331,1695392.68,1,14,False,0.12,none
B-000949,T-00243,V-0447,1728601.36,8,9,False,0.141,none
B-000950,T-00244,V-0189,15275148.07,4,15,False,0.098,none
B-000951,T-00244,V-0142,15048986.46,5,12,True,0.125,none
B-000952,T-00245,V-0437,23923762.44,6,17,False,0.104,none
B-000953,T-00245,V-0485,23761906.06,10,17,False,0.09,none
B-000954,T-00245,V-0240,23935959.01,9,10,False,0.07,none
B-000955,T-00245,V-0261,24036324.44,1,15,True,0.146,none
B-000956,T-00246,V-0323,3001206.65,4,17,False,0.077,none
B-000957,T-00246,V-0032,3313869.73,5,13,False,0.136,none
B-000958,T-00246,V-0128,2749753.1,9,11,True,0.052,none
B-000959,T-00246,V-0322,2890730.26,4,11,False,0.124,none
B-000960,T-00246,V-0137,3023099.07,8,18,False,0.062,none
B-000961,T-00246,V-0478,2742035.41,4,17,False,0.064,none
B-000962,T-00247,V-0455,5858638.97,3,18,False,0.103,none
B-000963,T-00247,V-0402,6511379.49,8,16,False,0.048,none
B-000964,T-00247,V-0071,5928534.49,7,17,True,0.078,none
B-000965,T-00247,V-0410,6003074.59,1,12,False,0.096,none
B-000966,T-00247,V-0394,5473419.44,3,17,False,0.118,none
B-000967,T-00247,V-0352,5702141.43,5,10,False,0.133,none
B-000968,T-00248,V-0125,24456210.87,9,15,False,0.081,none
B-000969,T-00248,V-0200,24542499.85,2,12,False,0.091,none
B-000970,T-00248,V-0247,26943403.98,4,9,True,0.145,none
B-000971,T-00248,V-0367,25856630.33,8,14,False,0.0,none
B-000972,T-00249,V-0475,10280080.99,8,17,False,0.063,none
B-000973,T-00249,V-0253,11177527.45,4,8,False,0.147,none
B-000974,T-00249,V-0232,11343881.43,10,15,True,0.089,none
B-000975,T-00249,V-0478,11768116.46,7,14,False,0.058,none
B-000976,T-00250,V-0392,921252.19,0,8,True,0.169,conflict_of_interest
B-000977,T-00250,V-0185,759981.61,8,16,False,0.054,none
B-000978,T-00251,V-0104,5111355.91,0,9,True,0.051,none
B-000979,T-00251,V-0020,4384274.04,9,12,False,0.043,none
B-000980,T-00251,V-0456,4441484.24,3,11,False,0.033,none
B-000981,T-00251,V-0338,4316350.2,9,17,False,0.113,none
B-000982,T-00251,V-0290,4603066.36,8,13,False,0.126,none
B-000983,T-00252,V-0390,1557824.29,0,10,False,0.018,none
B-000984,T-00252,V-0112,1685881.43,4,15,False,0.025,none
B-000985,T-00252,V-0087,1568084.73,6,11,False,0.048,none
B-000986,T-00252,V-0412,1654696.48,2,11,True,0.056,ai_generated_doc
B-000987,T-00253,V-0046,324138.02,0,9,False,0.943,bid_rigging
B-000988,T-00253,V-0250,333565.52,1,9,False,0.853,bid_rigging
B-000989,T-00253,V-0264,348020.87,0,9,False,0.907,bid_rigging
B-000990,T-00253,V-0449,297673.17,1,9,True,0.853,bid_rigging
B-000991,T-00254,V-0429,1101627.42,1,17,False,0.126,none
B-000992,T-00254,V-0226,1135125.4,10,14,True,0.025,none
B-000993,T-00254,V-0310,1066757.75,6,11,False,0.033,none
B-000994,T-00254,V-0105,1051075.58,5,14,False,0.041,none
B-000995,T-00254,V-0190,1081399.1,4,11,False,0.057,none
B-000996,T-00255,V-0351,2370200.24,10,9,True,0.068,none
B-000997,T-00255,V-0478,2808065.93,0,14,False,0.086,none
B-000998,T-00256,V-0251,925356.27,6,9,False,0.066,none
B-000999,T-00256,V-0223,1035497.01,5,11,True,0.04,none
B-001000,T-00257,V-0245,5051390.94,0,14,False,0.055,none
B-001001,T-00257,V-0080,4506311.82,3,9,True,0.106,none
B-001002,T-00257,V-0086,4453112.49,2,9,False,0.092,none
B-001003,T-00257,V-0112,4407867.82,8,8,False,0.038,none
B-001004,T-00258,V-0231,578788.91,4,10,False,0.034,none
B-001005,T-00258,V-0076,633319.01,4,10,False,0.078,none
B-001006,T-00258,V-0150,507469.44,3,9,False,0.093,none
B-001007,T-00258,V-0072,638956.73,9,18,True,0.117,none
B-001008,T-00259,V-0147,2943420.52,2,11,False,0.003,none
B-001009,T-00259,V-0280,3166900.13,3,17,True,0.107,none
B-001010,T-00259,V-0240,3135503.03,1,9,False,0.04,none
B-001011,T-00260,V-0063,2246531.04,2,10,False,0.08,none
B-001012,T-00260,V-0398,1961838.11,2,11,False,0.118,none
B-001013,T-00260,V-0236,2230077.01,5,10,False,0.115,none
B-001014,T-00260,V-0283,2433458.32,8,8,False,0.075,none
B-001015,T-00260,V-0389,1992427.3,0,14,False,0.02,none
B-001016,T-00260,V-0188,2194603.43,0,15,True,0.023,none
B-001017,T-00261,V-0269,8644123.43,2,9,True,0.143,conflict_of_interest
B-001018,T-00261,V-0401,7662304.96,0,9,False,0.197,none
B-001019,T-00261,V-0142,7631418.67,4,15,False,0.106,none
B-001020,T-00261,V-0236,8049075.47,6,16,False,0.108,none
B-001021,T-00262,V-0238,708482.63,9,14,False,0.113,none
B-001022,T-00262,V-0492,756639.57,8,14,False,0.025,none
B-001023,T-00262,V-0331,738634.35,7,10,False,0.121,none
B-001024,T-00262,V-0482,709389.9,3,9,False,0.09,none
B-001025,T-00262,V-0266,759383.47,5,12,True,0.017,none
B-001026,T-00262,V-0181,817660.18,6,14,False,0.056,none
B-001027,T-00263,V-0249,3324961.95,6,18,False,0.113,none
B-001028,T-00263,V-0101,3508741.95,7,17,True,0.119,none
B-001029,T-00263,V-0384,3102493.62,2,18,False,0.119,none
B-001030,T-00263,V-0008,3170470.37,6,11,False,0.021,none
B-001031,T-00264,V-0129,4991026.32,5,11,False,0.069,none
B-001032,T-00264,V-0249,5285643.78,6,8,False,0.037,none
B-001033,T-00264,V-0204,4957015.35,2,18,False,0.138,none
B-001034,T-00264,V-0238,4762293.24,4,13,True,0.008,none
B-001035,T-00264,V-0364,4853251.73,7,14,False,0.133,none
B-001036,T-00265,V-0306,20138725.56,8,16,False,0.072,none
B-001037,T-00265,V-0150,22561867.68,7,9,True,0.053,none
B-001038,T-00266,V-0084,1300122.38,4,8,False,0.004,none
B-001039,T-00266,V-0005,1201261.27,3,18,False,0.078,none
B-001040,T-00266,V-0051,1199931.3,0,15,False,0.061,none
B-001041,T-00266,V-0074,1254452.16,9,15,False,0.052,none
B-001042,T-00266,V-0381,1202400.0,5,12,True,0.055,none
B-001043,T-00266,V-0364,1229855.05,8,17,False,0.018,none
B-001044,T-00267,V-0221,1867704.03,9,16,False,0.01,none
B-001045,T-00267,V-0390,1634146.58,2,14,False,0.05,none
B-001046,T-00267,V-0263,1623068.13,7,18,False,0.04,none
B-001047,T-00267,V-0018,1594285.66,2,11,False,0.014,none
B-001048,T-00267,V-0341,1732796.42,6,12,True,0.059,none
B-001049,T-00268,V-0046,297779.24,1,8,True,0.905,bid_rigging
B-001050,T-00268,V-0250,342472.47,0,8,False,0.979,bid_rigging
B-001051,T-00268,V-0264,324154.84,0,9,False,0.945,bid_rigging
B-001052,T-00269,V-0239,1008446.83,7,9,False,0.012,none
B-001053,T-00269,V-0468,979809.25,7,13,False,0.093,none
B-001054,T-00269,V-0084,1100359.43,5,15,True,0.143,none
B-001055,T-00270,V-0280,8091285.34,10,13,False,0.079,none
B-001056,T-00270,V-0455,7187582.6,10,18,False,0.125,none
B-001057,T-00270,V-0461,6621157.96,9,16,False,0.102,none
B-001058,T-00270,V-0416,7906928.24,9,11,False,0.034,none
B-001059,T-00270,V-0379,7149911.11,0,14,False,0.073,none
B-001060,T-00270,V-0169,7809898.64,5,16,True,0.045,none
B-001061,T-00271,V-0026,4044853.53,1,10,False,0.083,none
B-001062,T-00271,V-0487,4832738.9,3,11,False,0.07,none
B-001063,T-00271,V-0302,4253730.14,2,9,True,0.105,none
B-001064,T-00271,V-0153,4788198.44,8,13,False,0.062,none
B-001065,T-00271,V-0410,4591002.58,6,14,False,0.085,none
B-001066,T-00272,V-0083,3293954.13,1,13,False,0.139,none
B-001067,T-00272,V-0319,3408604.74,0,14,False,0.061,none
B-001068,T-00272,V-0246,3637811.32,6,10,True,0.062,none
B-001069,T-00273,V-0480,2471442.6,7,15,False,0.139,none
B-001070,T-00273,V-0189,2541952.47,6,17,True,0.032,none
B-001071,T-00273,V-0060,2747068.21,6,11,False,0.043,none
B-001072,T-00273,V-0157,2225347.48,9,10,False,0.05,none
B-001073,T-00274,V-0192,3477785.33,2,16,True,0.064,none
B-001074,T-00274,V-0436,3190024.15,1,18,False,0.023,none
B-001075,T-00274,V-0042,2999216.42,0,8,False,0.071,none
B-001076,T-00274,V-0051,2917134.98,0,10,False,0.044,none
B-001077,T-00274,V-0407,3134201.88,5,18,False,0.103,none
B-001078,T-00274,V-0377,3345482.06,5,18,False,0.086,none
B-001079,T-00275,V-0046,1045743.78,0,8,True,0.957,bid_rigging
B-001080,T-00275,V-0250,1142484.48,0,9,False,0.957,bid_rigging
B-001081,T-00275,V-0264,1189839.39,1,9,False,0.93,bid_rigging
B-001082,T-00275,V-0449,1195514.67,1,8,False,0.858,bid_rigging
B-001083,T-00276,V-0080,2027884.55,7,17,True,0.034,none
B-001084,T-00276,V-0329,2228808.37,4,8,False,0.059,none
B-001085,T-00276,V-0397,1865592.83,5,18,False,0.024,none
B-001086,T-00276,V-0358,2042041.29,7,15,False,0.054,none
B-001087,T-00277,V-0334,840074.1,3,12,False,0.1,none
B-001088,T-00277,V-0361,928147.08,3,11,False,0.069,none
B-001089,T-00277,V-0417,956664.37,2,8,False,0.012,none
B-001090,T-00277,V-0205,885397.82,9,9,True,0.022,none
B-001091,T-00278,V-0076,3550994.27,5,13,False,0.087,none
B-001092,T-00278,V-0370,4258837.51,7,14,True,0.061,none
B-001093,T-00278,V-0037,4318883.39,10,18,False,0.141,none
B-001094,T-00279,V-0154,574176.83,0,13,False,0.023,none
B-001095,T-00279,V-0479,602143.66,3,13,False,0.01,none
B-001096,T-00279,V-0363,524553.91,0,12,False,0.058,none
B-001097,T-00279,V-0107,583457.36,7,15,False,0.099,none
B-001098,T-00279,V-0458,600688.13,6,13,False,0.067,none
B-001099,T-00279,V-0242,500756.21,5,14,True,0.099,none
B-001100,T-00280,V-0444,3828122.13,4,14,False,0.014,none
B-001101,T-00280,V-0358,3642459.29,5,10,True,0.006,none
B-001102,T-00280,V-0094,3737711.43,2,11,False,0.077,none
B-001103,T-00280,V-0003,3834437.91,7,12,False,0.136,none
B-001104,T-00280,V-0445,3646279.51,2,14,False,0.006,none
B-001105,T-00280,V-0401,3603802.82,0,18,False,0.054,none
B-001106,T-00281,V-0190,5012023.69,3,11,False,0.022,none
B-001107,T-00281,V-0172,4675484.8,10,18,False,0.129,none
B-001108,T-00281,V-0001,4675911.19,8,12,False,0.08,none
B-001109,T-00281,V-0053,5205658.64,8,17,False,0.092,none
B-001110,T-00281,V-0247,4657013.82,9,11,True,0.065,none
B-001111,T-00281,V-0395,5201739.02,0,15,False,0.145,none
B-001112,T-00282,V-0275,13327892.97,5,8,False,0.061,none
B-001113,T-00282,V-0386,11625149.36,10,9,False,0.071,none
B-001114,T-00282,V-0233,12440763.1,6,15,True,0.137,none
B-001115,T-00282,V-0022,13897070.87,9,17,False,0.035,none
B-001116,T-00283,V-0114,14069628.47,3,18,True,0.136,none
B-001117,T-00283,V-0230,14533154.56,4,14,False,0.04,none
B-001118,T-00283,V-0135,15364178.09,8,11,False,0.006,none
B-001119,T-00283,V-0153,15652405.31,7,11,False,0.06,none
B-001120,T-00283,V-0456,14724091.2,6,8,False,0.144,none
B-001121,T-00283,V-0333,14413760.8,4,16,False,0.122,none
B-001122,T-00284,V-0008,1021243.0,9,18,False,0.008,none
B-001123,T-00284,V-0256,1039113.15,9,11,False,0.08,none
B-001124,T-00284,V-0444,996203.89,8,12,True,0.117,none
B-001125,T-00284,V-0487,945757.79,3,14,False,0.084,none
B-001126,T-00284,V-0375,895309.21,5,10,False,0.082,none
B-001127,T-00285,V-0040,2816950.0,0,9,False,0.019,none
B-001128,T-00285,V-0168,3057614.5,4,10,False,0.099,none
B-001129,T-00285,V-0331,3039094.35,10,12,False,0.062,none
B-001130,T-00285,V-0125,3213986.2,6,11,True,0.109,none
B-001131,T-00285,V-0484,3080371.78,5,9,False,0.115,none
B-001132,T-00286,V-0354,2507841.21,0,11,True,0.01,none
B-001133,T-00286,V-0280,2930406.43,4,10,False,0.017,none
B-001134,T-00286,V-0327,2591364.27,7,13,False,0.018,none
B-001135,T-00286,V-0035,2692925.9,8,15,False,0.077,none
B-001136,T-00286,V-0039,2797808.83,7,18,False,0.092,none
B-001137,T-00286,V-0079,3086484.26,1,13,False,0.118,none
B-001138,T-00287,V-0412,235497.27,9,9,True,0.149,none
B-001139,T-00287,V-0096,205689.51,2,10,False,0.051,none
B-001140,T-00287,V-0279,196283.24,8,16,False,0.029,none
B-001141,T-00287,V-0483,204829.55,10,13,False,0.004,none
B-001142,T-00287,V-0128,209034.82,6,14,False,0.016,none
B-001143,T-00288,V-0108,8903831.77,9,9,False,0.146,none
B-001144,T-00288,V-0085,10056372.55,3,18,False,0.14,none
B-001145,T-00288,V-0097,9203824.56,7,16,False,0.116,none
B-001146,T-00288,V-0317,9349628.4,6,13,True,0.096,none
B-001147,T-00288,V-0326,9441238.39,3,8,False,0.005,none
B-001148,T-00289,V-0181,364377.5,6,8,False,0.145,none
B-001149,T-00289,V-0008,373276.85,7,9,False,0.02,none
B-001150,T-00289,V-0340,342226.03,1,17,True,0.078,none
B-001151,T-00289,V-0478,343483.07,1,17,False,0.02,none
B-001152,T-00289,V-0190,331929.0,7,16,False,0.149,none
B-001153,T-00289,V-0332,364759.49,5,9,False,0.094,none
B-001154,T-00290,V-0046,263011.03,0,8,False,0.857,bid_rigging
B-001155,T-00290,V-0250,231171.45,0,9,True,0.956,bid_rigging
B-001156,T-00290,V-0264,283328.96,1,9,False,0.96,bid_rigging
B-001157,T-00291,V-0186,6218939.56,0,8,False,0.147,none
B-001158,T-00291,V-0038,6104452.42,5,10,False,0.107,none
B-001159,T-00291,V-0255,6538183.79,2,16,False,0.09,none
B-001160,T-00291,V-0157,5939272.51,1,13,True,0.017,none
B-001161,T-00291,V-0378,6179657.74,4,13,False,0.048,none
B-001162,T-00291,V-0153,5552102.15,1,10,False,0.086,none
B-001163,T-00292,V-0118,695924.44,4,16,False,0.113,none
B-001164,T-00292,V-0025,742205.39,1,16,True,0.14,none
B-001165,T-00293,V-0152,5136778.23,0,12,False,0.138,none
B-001166,T-00293,V-0464,4801555.02,6,9,False,0.099,none
B-001167,T-00293,V-0282,4866767.89,4,8,False,0.021,none
B-001168,T-00293,V-0336,4442624.85,1,17,True,0.001,none
B-001169,T-00293,V-0051,4783061.01,7,8,False,0.07,none
B-001170,T-00293,V-0458,5148884.56,5,14,False,0.081,none
B-001171,T-00294,V-0481,1362148.93,2,10,False,0.097,none
B-001172,T-00294,V-0287,1356260.14,9,9,False,0.095,none
B-001173,T-00294,V-0458,1320638.6,0,15,True,0.033,none
B-001174,T-00294,V-0406,1317264.37,2,10,False,0.111,none
B-001175,T-00294,V-0126,1264539.42,10,16,False,0.036,none
B-001176,T-00294,V-0041,1371915.47,6,8,False,0.102,none
B-001177,T-00295,V-0406,17794451.37,3,8,False,0.064,none
B-001178,T-00295,V-0373,17868436.01,9,18,False,0.058,none
B-001179,T-00295,V-0397,16808271.62,8,12,False,0.052,none
B-001180,T-00295,V-0431,15113651.71,6,17,False,0.062,none
B-001181,T-00295,V-0096,18498600.58,9,12,True,0.04,none
B-001182,T-00295,V-0252,16857421.28,9,9,False,0.106,none
B-001183,T-00296,V-0254,3649839.44,4,10,False,0.086,none
B-001184,T-00296,V-0000,4009249.65,10,17,False,0.018,none
B-001185,T-00296,V-0058,3758560.13,10,11,False,0.02,none
B-001186,T-00296,V-0207,4093881.4,0,11,False,0.15,none
B-001187,T-00296,V-0302,3991588.55,0,9,False,0.103,none
B-001188,T-00296,V-0097,4006961.07,2,11,True,0.041,none
B-001189,T-00297,V-0028,25447130.96,0,14,True,0.021,shell_company
B-001190,T-00297,V-0108,25005675.33,2,10,False,0.145,none
B-001191,T-00297,V-0368,27431532.46,5,13,False,0.195,none
B-001192,T-00297,V-0057,25727619.69,8,18,False,0.055,none
B-001193,T-00298,V-0105,3608951.14,10,18,True,0.036,none
B-001194,T-00298,V-0199,4216995.7,7,12,False,0.066,none
B-001195,T-00298,V-0180,3992757.34,4,8,False,0.065,none
B-001196,T-00299,V-0383,634598.7,1,12,False,0.028,none
B-001197,T-00299,V-0234,641926.75,6,8,True,0.095,ai_generated_doc
B-001198,T-00300,V-0300,14918950.58,4,18,False,0.034,none
B-001199,T-00300,V-0232,15388254.75,3,12,True,0.126,none
B-001200,T-00301,V-0082,1667226.84,0,11,False,0.097,none
B-001201,T-00301,V-0245,1911860.72,6,11,True,0.148,none
B-001202,T-00301,V-0112,1750850.43,8,16,False,0.096,none
B-001203,T-00301,V-0224,1714651.85,2,9,False,0.04,none
B-001204,T-00302,V-0353,4551582.43,6,8,False,0.009,none
B-001205,T-00302,V-0050,5343539.15,1,11,False,0.135,none
B-001206,T-00302,V-0139,4820000.06,4,11,True,0.114,none
B-001207,T-00302,V-0441,5470081.43,10,16,False,0.128,none
B-001208,T-00303,V-0471,1402697.15,0,13,False,0.115,none
B-001209,T-00303,V-0093,1300821.71,8,14,True,0.085,none
B-001210,T-00303,V-0321,1352199.02,0,15,False,0.029,none
B-001211,T-00303,V-0254,1556751.91,1,12,False,0.108,none
B-001212,T-00303,V-0270,1435732.53,6,12,False,0.104,none
B-001213,T-00303,V-0001,1401611.41,4,17,False,0.03,none
B-001214,T-00304,V-0289,1269158.05,3,11,False,0.049,none
B-001215,T-00304,V-0288,1294935.74,5,13,False,0.071,none
B-001216,T-00304,V-0182,1341368.78,3,16,False,0.05,none
B-001217,T-00304,V-0049,1366342.13,3,14,False,0.144,none
B-001218,T-00304,V-0194,1229952.96,0,9,True,0.015,none
B-001219,T-00304,V-0241,1157071.05,2,11,False,0.062,none
B-001220,T-00305,V-0094,36302021.82,1,8,False,0.879,bid_rigging
B-001221,T-00305,V-0385,37030514.16,1,8,False,0.855,bid_rigging
B-001222,T-00305,V-0496,33203895.85,1,8,True,0.979,bid_rigging
B-001223,T-00306,V-0457,3684300.72,9,9,False,0.014,none
B-001224,T-00306,V-0107,3837026.43,4,17,True,0.081,none
B-001225,T-00306,V-0047,3559559.28,10,11,False,0.007,none
B-001226,T-00306,V-0174,3561057.2,4,16,False,0.025,none
B-001227,T-00306,V-0472,3855956.01,0,15,False,0.123,none
B-001228,T-00307,V-0454,5333977.37,3,17,False,0.042,none
B-001229,T-00307,V-0169,5360120.63,6,13,False,0.14,none
B-001230,T-00307,V-0051,5106135.08,7,16,False,0.104,none
B-001231,T-00307,V-0045,5275640.58,0,9,False,0.147,none
B-001232,T-00307,V-0257,5052937.29,9,8,True,0.1,none
B-001233,T-00308,V-0119,855392.86,2,11,False,0.124,none
B-001234,T-00308,V-0377,862459.93,3,10,False,0.044,none
B-001235,T-00308,V-0023,722072.63,0,18,True,0.067,none
B-001236,T-00309,V-0060,3547827.64,5,18,True,0.113,none
B-001237,T-00309,V-0371,3419997.45,4,18,False,0.065,none
B-001238,T-00310,V-0242,4539221.91,5,8,True,0.08,none
B-001239,T-00310,V-0193,4699796.1,10,14,False,0.016,none
B-001240,T-00310,V-0003,4312603.98,2,11,False,0.011,none
B-001241,T-00311,V-0117,4794008.71,8,18,False,0.08,none
B-001242,T-00311,V-0358,4769011.49,9,17,False,0.148,none
B-001243,T-00311,V-0416,5137807.49,7,10,False,0.124,none
B-001244,T-00311,V-0085,5095812.44,9,16,False,0.099,none
B-001245,T-00311,V-0136,4854942.32,3,15,True,0.064,none
B-001246,T-00312,V-0142,7388918.27,3,14,True,0.044,none
B-001247,T-00312,V-0161,7071532.13,8,15,False,0.139,none
B-001248,T-00312,V-0133,7192180.37,9,9,False,0.119,none
B-001249,T-00312,V-0310,8045461.98,2,8,False,0.034,none
B-001250,T-00312,V-0109,7899385.13,8,9,False,0.084,none
B-001251,T-00313,V-0364,3008533.24,8,11,False,0.12,none
B-001252,T-00313,V-0377,3425405.46,3,8,True,0.076,none
B-001253,T-00313,V-0418,3421815.7,9,16,False,0.133,none
B-001254,T-00313,V-0069,3038157.93,3,16,False,0.083,none
B-001255,T-00313,V-0027,3423260.76,5,16,False,0.081,none
B-001256,T-00313,V-0265,3564055.15,4,12,False,0.05,none
B-001257,T-00314,V-0022,1093159.89,3,18,True,0.018,ai_generated_doc
B-001258,T-00314,V-0218,1094529.46,7,9,False,0.084,none
B-001259,T-00314,V-0251,1176609.99,1,13,False,0.092,none
B-001260,T-00315,V-0015,1455070.41,10,8,True,0.129,none
B-001261,T-00315,V-0016,1474264.2,0,9,False,0.048,none
B-001262,T-00315,V-0391,1655413.08,10,17,False,0.012,none
B-001263,T-00315,V-0005,1585565.18,3,15,False,0.143,none
B-001264,T-00316,V-0490,296469.75,0,10,True,0.198,shell_company
B-001265,T-00316,V-0331,297748.41,1,16,False,0.129,none
B-001266,T-00316,V-0190,319289.26,4,10,False,0.017,none
B-001267,T-00316,V-0029,322240.34,8,15,False,0.057,none
B-001268,T-00317,V-0077,3442735.65,8,17,False,0.118,none
B-001269,T-00317,V-0089,3400569.17,5,14,True,0.07,none
B-001270,T-00318,V-0013,17362416.43,3,14,False,0.052,none
B-001271,T-00318,V-0022,15614538.55,5,9,False,0.054,none
B-001272,T-00318,V-0306,18030781.23,8,12,True,0.08,none
B-001273,T-00318,V-0025,18155240.24,6,14,False,0.084,none
B-001274,T-00318,V-0001,16731240.13,3,14,False,0.022,none
B-001275,T-00319,V-0164,4316314.71,5,12,True,0.123,none
B-001276,T-00319,V-0189,3930042.17,9,14,False,0.109,none
B-001277,T-00319,V-0338,4461133.22,8,8,False,0.094,none
B-001278,T-00320,V-0106,654753.69,9,17,True,0.0,bid_suppression
B-001279,T-00321,V-0402,7296577.0,2,9,False,0.009,none
B-001280,T-00321,V-0008,7028120.78,0,9,True,0.13,none
B-001281,T-00321,V-0395,7530345.44,4,16,False,0.019,none
B-001282,T-00321,V-0319,6913040.41,8,16,False,0.111,none
B-001283,T-00322,V-0492,2528658.8,7,11,False,0.077,none
B-001284,T-00322,V-0438,2296169.94,6,11,False,0.079,none
B-001285,T-00322,V-0329,2442347.64,1,14,False,0.04,none
B-001286,T-00322,V-0090,2420217.7,2,18,True,0.01,none
B-001287,T-00323,V-0347,1673865.22,10,18,False,0.11,none
B-001288,T-00323,V-0151,1614921.64,6,12,False,0.024,none
B-001289,T-00323,V-0371,1638511.0,3,14,False,0.113,none
B-001290,T-00323,V-0087,1733393.87,2,13,False,0.108,none
B-001291,T-00323,V-0267,1608258.94,8,14,False,0.032,none
B-001292,T-00323,V-0292,1492339.45,4,12,True,0.012,none
B-001293,T-00324,V-0149,3004359.96,5,12,False,0.13,none
B-001294,T-00324,V-0484,2944304.6,0,10,False,0.06,none
B-001295,T-00324,V-0323,2508124.2,3,18,True,0.055,none
B-001296,T-00324,V-0199,2831455.64,8,18,False,0.028,none
B-001297,T-00324,V-0080,2636885.75,3,8,False,0.1,none
B-001298,T-00325,V-0210,606000.72,8,17,False,0.144,none
B-001299,T-00325,V-0405,607100.93,8,16,False,0.137,none
B-001300,T-00325,V-0143,588178.99,0,11,True,0.11,none
B-001301,T-00325,V-0441,568515.18,5,11,False,0.083,none
B-001302,T-00326,V-0425,938525.41,2,15,False,0.092,none
B-001303,T-00326,V-0141,925269.44,0,18,False,0.103,none
B-001304,T-00326,V-0169,930225.78,0,12,True,0.103,none
B-001305,T-00327,V-0436,1907232.01,6,12,True,0.0,bid_suppression
B-001306,T-00328,V-0099,30286586.34,1,14,False,0.109,none
B-001307,T-00328,V-0424,29103217.0,2,9,False,0.014,none
B-001308,T-00328,V-0269,31653594.13,9,15,True,0.079,none
B-001309,T-00328,V-0131,33122710.51,1,16,False,0.007,none
B-001310,T-00329,V-0303,2522115.11,3,15,False,0.033,none
B-001311,T-00329,V-0046,2650592.54,6,18,False,0.048,none
B-001312,T-00329,V-0323,2691400.24,3,8,True,0.132,none
B-001313,T-00330,V-0489,397660.04,5,14,False,0.014,none
B-001314,T-00330,V-0042,388470.76,8,14,True,0.117,none
B-001315,T-00331,V-0456,37796219.61,0,17,True,0.016,none
B-001316,T-00331,V-0004,37230810.74,6,9,False,0.082,none
B-001317,T-00331,V-0005,33496831.5,9,16,False,0.139,none
B-001318,T-00331,V-0466,38070797.69,3,14,False,0.05,none
B-001319,T-00331,V-0094,38110168.83,10,15,False,0.04,none
B-001320,T-00331,V-0106,34526716.73,4,17,False,0.018,none
B-001321,T-00332,V-0469,3263373.85,6,13,False,0.091,none
B-001322,T-00332,V-0001,3389456.01,5,10,True,0.133,none
B-001323,T-00332,V-0451,3215071.32,1,12,False,0.091,none
B-001324,T-00332,V-0317,3465576.97,1,16,False,0.096,none
B-001325,T-00332,V-0348,3717763.2,9,12,False,0.016,none
B-001326,T-00333,V-0203,4273831.35,0,17,False,0.021,none
B-001327,T-00333,V-0271,4113688.34,6,11,True,0.026,none
B-001328,T-00333,V-0244,4567121.12,2,11,False,0.091,none
B-001329,T-00334,V-0122,3821897.58,5,13,False,0.063,none
B-001330,T-00334,V-0231,3612555.64,1,12,True,0.14,none
B-001331,T-00335,V-0066,17375247.49,5,18,True,0.003,none
B-001332,T-00335,V-0266,14698119.17,5,11,False,0.074,none
B-001333,T-00335,V-0274,16646153.45,6,14,False,0.065,none
B-001334,T-00335,V-0208,15400750.31,0,16,False,0.104,none
B-001335,T-00336,V-0113,801901.38,0,11,True,0.175,conflict_of_interest
B-001336,T-00336,V-0400,729378.47,3,13,False,0.078,none
B-001337,T-00336,V-0434,824039.94,1,8,False,0.077,none
B-001338,T-00337,V-0164,1558500.33,1,10,True,0.115,none
B-001339,T-00337,V-0481,1581652.93,4,13,False,0.053,none
B-001340,T-00338,V-0281,3646278.18,7,14,False,0.114,none
B-001341,T-00338,V-0093,3696064.63,10,10,False,0.093,none
B-001342,T-00338,V-0223,4019217.55,8,12,False,0.044,none
B-001343,T-00338,V-0292,3733313.17,0,9,False,0.036,none
B-001344,T-00338,V-0055,3811678.16,8,8,False,0.119,none
B-001345,T-00338,V-0248,3827914.32,7,11,True,0.051,none
B-001346,T-00339,V-0377,651510.97,3,18,False,0.056,none
B-001347,T-00339,V-0457,735709.33,1,8,True,0.015,none
B-001348,T-00339,V-0270,705849.02,5,15,False,0.104,none
B-001349,T-00339,V-0069,714534.88,0,17,False,0.123,none
B-001350,T-00339,V-0208,800099.24,8,13,False,0.149,none
B-001351,T-00339,V-0023,680809.15,9,9,False,0.12,none
B-001352,T-00340,V-0478,945359.85,4,17,False,0.121,none
B-001353,T-00340,V-0008,886292.37,6,17,True,0.106,none
B-001354,T-00340,V-0365,886249.26,9,18,False,0.063,none
B-001355,T-00341,V-0445,6718160.39,10,17,False,0.114,none
B-001356,T-00341,V-0399,6544859.18,10,18,False,0.114,none
B-001357,T-00341,V-0336,6633588.46,7,9,False,0.133,none
B-001358,T-00341,V-0151,6786589.79,4,10,False,0.08,none
B-001359,T-00341,V-0425,6286493.36,5,17,True,0.058,none
B-001360,T-00342,V-0075,24623736.91,4,8,True,0.116,none
B-001361,T-00342,V-0169,23898397.87,4,17,False,0.093,none
B-001362,T-00342,V-0289,24296778.22,3,10,False,0.134,none
B-001363,T-00343,V-0488,14190281.02,6,14,True,0.113,shell_company
B-001364,T-00343,V-0150,15781138.98,0,14,False,0.124,none
B-001365,T-00344,V-0094,6551696.87,1,8,False,0.933,bid_rigging
B-001366,T-00344,V-0385,5712014.25,0,9,True,0.923,bid_rigging
B-001367,T-00344,V-0496,7023940.32,0,8,False,0.892,bid_rigging
B-001368,T-00345,V-0332,1881153.1,10,16,False,0.114,none
B-001369,T-00345,V-0124,1717699.57,4,8,True,0.135,none
B-001370,T-00345,V-0460,1468766.56,6,18,False,0.018,none
B-001371,T-00345,V-0486,1471510.87,2,17,False,0.092,none
B-001372,T-00346,V-0411,7988107.66,8,18,False,0.022,none
B-001373,T-00346,V-0434,8018571.62,10,12,False,0.014,none
B-001374,T-00346,V-0401,8019325.8,8,14,True,0.086,none
B-001375,T-00346,V-0075,7644882.25,5,14,False,0.095,none
B-001376,T-00346,V-0207,7705206.49,3,8,False,0.084,none
B-001377,T-00346,V-0302,7916377.85,6,9,False,0.101,none
B-001378,T-00347,V-0392,8525038.84,5,17,False,0.051,none
B-001379,T-00347,V-0097,7351972.55,1,12,False,0.126,none
B-001380,T-00347,V-0413,8364389.25,4,14,True,0.081,none
B-001381,T-00348,V-0435,1321600.2,0,10,True,0.072,none
B-001382,T-00348,V-0260,1407389.39,3,8,False,0.001,none
B-001383,T-00348,V-0139,1642210.66,8,14,False,0.09,none
B-001384,T-00348,V-0320,1423456.43,6,9,False,0.15,none
B-001385,T-00349,V-0311,1791471.55,5,8,True,0.01,conflict_of_interest
B-001386,T-00349,V-0103,1452857.19,8,8,False,0.122,none
B-001387,T-00349,V-0038,1501219.04,4,18,False,0.121,none
B-001388,T-00349,V-0041,1632573.2,5,8,False,0.091,none
B-001389,T-00350,V-0100,160631.92,10,10,False,0.008,none
B-001390,T-00350,V-0446,172766.21,5,11,False,0.096,none
B-001391,T-00350,V-0298,168452.93,4,8,False,0.134,none
B-001392,T-00350,V-0486,167838.09,7,15,True,0.09,none
B-001393,T-00350,V-0226,169672.54,6,10,False,0.009,none
B-001394,T-00350,V-0328,183912.44,7,10,False,0.109,none
B-001395,T-00351,V-0343,816877.47,8,9,True,0.112,none
B-001396,T-00351,V-0066,901243.81,7,18,False,0.124,none
B-001397,T-00351,V-0305,827630.55,6,8,False,0.147,none
B-001398,T-00351,V-0070,905549.12,9,17,False,0.01,none
B-001399,T-00351,V-0176,828035.13,4,8,False,0.06,none
B-001400,T-00352,V-0134,3763144.5,3,9,False,0.141,none
B-001401,T-00352,V-0034,3791462.38,5,13,False,0.107,none
B-001402,T-00352,V-0496,4085789.23,2,11,False,0.052,none
B-001403,T-00352,V-0099,4072504.81,6,9,True,0.07,none
B-001404,T-00352,V-0101,3571308.37,1,15,False,0.002,none
B-001405,T-00352,V-0103,3872523.78,2,18,False,0.015,none
B-001406,T-00353,V-0194,5054323.29,6,11,True,0.124,none
B-001407,T-00353,V-0057,4880454.17,10,13,False,0.02,none
B-001408,T-00354,V-0499,2123167.69,1,18,False,0.082,none
B-001409,T-00354,V-0176,2111362.14,4,12,False,0.089,none
B-001410,T-00354,V-0192,2464396.21,2,17,False,0.048,none
B-001411,T-00354,V-0062,2207060.66,2,14,True,0.044,none
B-001412,T-00354,V-0097,1973368.18,0,9,False,0.065,none
B-001413,T-00354,V-0111,2078282.46,4,8,False,0.035,none
B-001414,T-00355,V-0425,7029600.29,2,15,True,0.111,none
B-001415,T-00355,V-0052,7453672.0,7,18,False,0.077,none
B-001416,T-00355,V-0203,5993378.37,2,9,False,0.002,none
B-001417,T-00355,V-0240,5876560.06,2,18,False,0.014,none
B-001418,T-00356,V-0274,234036.88,8,14,False,0.026,none
B-001419,T-00356,V-0423,215334.88,8,13,False,0.11,none
B-001420,T-00356,V-0093,199453.86,7,18,True,0.091,none
B-001421,T-00356,V-0052,217165.69,3,14,False,0.13,none
B-001422,T-00356,V-0321,177139.81,3,16,False,0.036,none
B-001423,T-00356,V-0099,210458.64,1,16,False,0.027,none
B-001424,T-00357,V-0209,34837191.39,0,15,False,0.118,none
B-001425,T-00357,V-0014,36059858.82,9,16,False,0.108,none
B-001426,T-00357,V-0173,32086790.4,6,14,False,0.102,none
B-001427,T-00357,V-0117,34340838.16,1,15,True,0.072,none
B-001428,T-00358,V-0120,876101.59,0,13,False,0.229,none
B-001429,T-00358,V-0460,1121817.21,2,9,True,0.198,price_inflation
B-001430,T-00358,V-0207,792167.43,3,18,False,0.105,none
B-001431,T-00358,V-0265,853421.75,1,14,False,0.204,none
B-001432,T-00358,V-0399,851676.73,0,13,False,0.162,none
B-001433,T-00359,V-0351,16147602.56,9,10,False,0.11,none
B-001434,T-00359,V-0135,17358893.53,8,18,True,0.116,none
B-001435,T-00360,V-0071,3094582.23,0,16,False,0.089,none
B-001436,T-00360,V-0167,3190187.49,10,12,False,0.035,none
B-001437,T-00360,V-0290,3074868.61,9,17,False,0.081,none
B-001438,T-00360,V-0203,3398026.54,8,8,False,0.143,none
B-001439,T-00360,V-0496,3438704.99,2,8,True,0.128,none
B-001440,T-00360,V-0233,3224227.06,0,17,False,0.104,none
B-001441,T-00361,V-0221,385726.05,8,12,False,0.097,none
B-001442,T-00361,V-0499,351394.28,4,17,False,0.051,none
B-001443,T-00361,V-0368,377923.4,9,16,True,0.083,none
B-001444,T-00361,V-0306,383683.86,1,18,False,0.013,none
B-001445,T-00361,V-0366,445358.76,5,15,False,0.094,none
B-001446,T-00361,V-0354,359167.14,8,15,False,0.144,none
B-001447,T-00362,V-0355,11652569.75,1,13,False,0.139,none
B-001448,T-00362,V-0335,11352227.36,3,16,True,0.06,none
B-001449,T-00363,V-0276,3728554.79,2,8,False,0.14,none
B-001450,T-00363,V-0393,4053724.21,7,12,False,0.057,none
B-001451,T-00363,V-0497,3748678.79,1,17,True,0.01,none
B-001452,T-00364,V-0253,18707727.16,2,17,False,0.086,none
B-001453,T-00364,V-0312,18222611.35,6,16,False,0.075,none
B-001454,T-00364,V-0272,19622951.61,2,10,False,0.048,none
B-001455,T-00364,V-0252,19483542.02,9,11,False,0.074,none
B-001456,T-00364,V-0196,17594601.11,0,18,True,0.08,none
B-001457,T-00365,V-0204,15090389.97,10,18,True,0.119,none
B-001458,T-00365,V-0329,16187961.95,5,8,False,0.104,none
B-001459,T-00366,V-0386,1005523.98,10,15,False,0.085,none
B-001460,T-00366,V-0199,1052199.46,0,18,False,0.019,none
B-001461,T-00366,V-0195,1134646.04,4,16,True,0.026,none
B-001462,T-00366,V-0372,1027244.43,5,13,False,0.04,none
B-001463,T-00367,V-0201,834799.98,4,10,False,0.096,none
B-001464,T-00367,V-0235,839864.17,10,10,False,0.103,none
B-001465,T-00367,V-0303,879556.12,9,12,False,0.118,none
B-001466,T-00367,V-0100,724118.34,3,11,False,0.082,none
B-001467,T-00367,V-0071,806483.76,9,9,True,0.051,none
B-001468,T-00367,V-0180,847560.48,2,12,False,0.012,none
B-001469,T-00368,V-0095,1510063.91,2,13,False,0.058,none
B-001470,T-00368,V-0272,1367060.81,9,10,False,0.061,none
B-001471,T-00368,V-0389,1250032.76,9,11,False,0.13,none
B-001472,T-00368,V-0172,1461012.33,3,13,True,0.079,none
B-001473,T-00369,V-0052,727971.0,8,14,True,0.055,none
B-001474,T-00369,V-0114,702800.41,0,18,False,0.073,none
B-001475,T-00369,V-0440,728471.28,4,14,False,0.142,none
B-001476,T-00369,V-0481,748443.21,8,13,False,0.002,none
B-001477,T-00370,V-0395,5163919.36,0,11,False,0.046,none
B-001478,T-00370,V-0348,4649254.14,9,9,True,0.132,none
B-001479,T-00370,V-0147,5646752.62,8,17,False,0.011,none
B-001480,T-00370,V-0422,5768218.43,1,15,False,0.09,none
B-001481,T-00370,V-0133,5567809.98,2,8,False,0.03,none
B-001482,T-00371,V-0297,1701407.4,1,13,True,0.032,none
B-001483,T-00371,V-0120,1803979.98,4,9,False,0.049,none
B-001484,T-00371,V-0137,1825341.57,7,9,False,0.049,none
B-001485,T-00371,V-0406,1891662.0,5,11,False,0.016,none
B-001486,T-00372,V-0317,15602965.77,7,16,False,0.015,none
B-001487,T-00372,V-0453,14340584.85,6,15,False,0.128,none
B-001488,T-00372,V-0109,15075205.97,0,8,False,0.144,none
B-001489,T-00372,V-0418,15412993.93,4,10,True,0.105,none
B-001490,T-00373,V-0145,936879.43,0,13,True,0.027,none
B-001491,T-00373,V-0486,898038.61,6,17,False,0.079,none
B-001492,T-00374,V-0268,1024103.93,7,8,False,0.041,none
B-001493,T-00374,V-0242,982729.03,2,11,True,0.127,none
B-001494,T-00374,V-0287,1060560.78,8,16,False,0.128,none
B-001495,T-00374,V-0030,1001851.26,5,14,False,0.024,none
B-001496,T-00374,V-0309,927292.15,2,13,False,0.084,none
B-001497,T-00374,V-0375,1060144.87,6,14,False,0.009,none
B-001498,T-00375,V-0259,39587850.99,4,12,False,0.129,none
B-001499,T-00375,V-0212,36986712.49,2,15,False,0.106,none
B-001500,T-00375,V-0405,36903615.96,8,13,False,0.147,none
B-001501,T-00375,V-0386,38672901.62,10,12,True,0.081,none
B-001502,T-00375,V-0230,39052738.39,5,17,False,0.063,none
B-001503,T-00375,V-0275,38446555.0,5,13,False,0.118,none
B-001504,T-00376,V-0091,1508465.06,1,14,True,0.148,none
B-001505,T-00376,V-0257,1631844.2,0,10,False,0.14,none
B-001506,T-00376,V-0065,1576010.64,0,8,False,0.006,none
B-001507,T-00376,V-0155,1497743.46,4,13,False,0.096,none
B-001508,T-00377,V-0037,25647850.39,10,9,True,0.12,none
B-001509,T-00377,V-0490,22772755.15,5,9,False,0.031,none
B-001510,T-00377,V-0121,24856355.76,5,13,False,0.072,none
B-001511,T-00378,V-0284,4650782.46,4,12,False,0.128,none
B-001512,T-00378,V-0377,4140456.19,8,17,False,0.057,none
B-001513,T-00378,V-0093,3981975.93,9,17,True,0.149,none
B-001514,T-00378,V-0349,4031198.64,7,10,False,0.075,none
B-001515,T-00378,V-0051,3921059.78,3,14,False,0.067,none
B-001516,T-00379,V-0368,24047040.66,0,10,False,0.055,none
B-001517,T-00379,V-0486,24674268.84,8,10,True,0.138,none
B-001518,T-00379,V-0149,23107069.92,4,11,False,0.142,none
B-001519,T-00379,V-0329,25258908.91,1,16,False,0.033,none
B-001520,T-00379,V-0211,26601412.95,2,16,False,0.121,none
B-001521,T-00380,V-0071,420240.81,3,17,True,0.029,shell_company
B-001522,T-00380,V-0429,493499.87,0,18,False,0.061,none
B-001523,T-00381,V-0279,35209551.28,6,12,True,0.098,shell_company
B-001524,T-00381,V-0004,35656317.47,8,15,False,0.069,none
B-001525,T-00381,V-0454,37619085.35,7,14,False,0.104,none
B-001526,T-00381,V-0046,34958174.39,7,10,False,0.157,none
B-001527,T-00382,V-0237,3551074.27,8,18,False,0.04,none
B-001528,T-00382,V-0164,4097977.54,2,14,False,0.023,none
B-001529,T-00382,V-0133,3870726.46,9,8,True,0.049,none
B-001530,T-00382,V-0382,3987854.32,9,9,False,0.077,none
B-001531,T-00382,V-0498,3607390.99,10,15,False,0.057,none
B-001532,T-00383,V-0373,24678662.89,8,10,True,0.108,none
B-001533,T-00383,V-0052,21937068.09,1,18,False,0.07,none
B-001534,T-00383,V-0200,24728977.84,1,15,False,0.103,none
B-001535,T-00384,V-0474,1071074.15,2,8,False,0.049,none
B-001536,T-00384,V-0289,1095335.24,2,10,False,0.086,none
B-001537,T-00384,V-0335,985365.74,9,17,True,0.032,none
B-001538,T-00385,V-0489,7005659.95,5,18,False,0.128,none
B-001539,T-00385,V-0051,7668530.86,1,18,True,0.045,none
B-001540,T-00385,V-0375,6981994.07,8,16,False,0.022,none
B-001541,T-00386,V-0334,4406501.55,9,16,False,0.03,none
B-001542,T-00386,V-0186,3935662.44,8,12,True,0.04,none
B-001543,T-00386,V-0359,4505530.99,1,15,False,0.109,none
B-001544,T-00386,V-0493,3970290.78,7,15,False,0.033,none
B-001545,T-00387,V-0126,4815391.14,4,12,False,0.087,none
B-001546,T-00387,V-0482,4835898.61,7,17,False,0.107,none
B-001547,T-00387,V-0010,4466080.46,1,10,True,0.134,none
B-001548,T-00387,V-0292,4823704.38,9,17,False,0.066,none
B-001549,T-00388,V-0225,1213620.78,5,11,True,0.1,none
B-001550,T-00388,V-0035,1156314.6,9,15,False,0.114,none
B-001551,T-00388,V-0082,1122637.66,7,9,False,0.032,none
B-001552,T-00389,V-0070,22104736.33,2,10,False,0.004,none
B-001553,T-00389,V-0296,25580804.28,10,9,True,0.02,none
B-001554,T-00389,V-0487,22702787.63,5,14,False,0.109,none
B-001555,T-00389,V-0285,25198503.68,0,16,False,0.028,none
B-001556,T-00390,V-0076,2485566.25,1,9,False,0.895,bid_rigging
B-001557,T-00390,V-0166,2257305.42,1,9,False,0.874,bid_rigging
B-001558,T-00390,V-0355,2390929.99,1,8,False,0.954,bid_rigging
B-001559,T-00390,V-0382,2082179.81,0,8,True,0.852,bid_rigging
B-001560,T-00391,V-0472,4387728.51,9,17,True,0.048,none
B-001561,T-00391,V-0198,4639863.99,7,9,False,0.052,none
B-001562,T-00391,V-0330,4377404.05,2,11,False,0.131,none
B-001563,T-00392,V-0011,22961773.27,10,17,True,0.025,none
B-001564,T-00392,V-0398,24453444.21,9,13,False,0.1,none
B-001565,T-00393,V-0128,5769272.59,8,11,True,0.011,shell_company
B-001566,T-00393,V-0142,6232059.79,0,17,False,0.083,none
B-001567,T-00393,V-0335,5897985.28,3,18,False,0.119,none
B-001568,T-00394,V-0058,18267931.18,2,10,True,0.023,shell_company
B-001569,T-00394,V-0204,19261204.26,7,14,False,0.093,none
B-001570,T-00395,V-0058,218501.24,1,9,True,0.057,none
B-001571,T-00395,V-0310,218258.31,1,10,False,0.137,none
B-001572,T-00396,V-0076,31227049.99,1,8,False,0.876,bid_rigging
B-001573,T-00396,V-0166,26864165.48,0,8,True,0.888,bid_rigging
B-001574,T-00396,V-0355,29314422.15,1,9,False,0.877,bid_rigging
B-001575,T-00396,V-0382,28584722.76,0,9,False,0.935,bid_rigging
B-001576,T-00397,V-0397,21728591.59,2,9,False,0.014,none
B-001577,T-00397,V-0266,19186428.28,0,16,False,0.102,none
B-001578,T-00397,V-0053,22093172.14,10,16,True,0.021,none
B-001579,T-00397,V-0076,21910172.61,5,8,False,0.086,none
B-001580,T-00398,V-0076,749678.85,2,8,False,0.126,none
B-001581,T-00398,V-0305,786688.72,9,11,True,0.105,none
B-001582,T-00398,V-0146,796497.94,5,13,False,0.108,none
B-001583,T-00399,V-0414,7330842.73,3,18,True,0.085,none
B-001584,T-00399,V-0379,7538525.67,5,10,False,0.117,none
B-001585,T-00400,V-0397,1423971.07,7,9,True,0.021,none
B-001586,T-00400,V-0049,1396464.19,3,14,False,0.14,none
B-001587,T-00401,V-0187,1000304.46,0,12,False,0.141,none
B-001588,T-00401,V-0198,1126318.64,2,8,True,0.021,none
B-001589,T-00401,V-0157,1172369.04,7,8,False,0.063,none
B-001590,T-00401,V-0390,1110991.93,5,17,False,0.024,none
B-001591,T-00401,V-0473,1156867.0,3,16,False,0.074,none
B-001592,T-00401,V-0066,1216886.78,0,10,False,0.09,none
B-001593,T-00402,V-0220,1705842.88,2,10,True,0.258,price_inflation
B-001594,T-00402,V-0218,1259706.49,1,13,False,0.096,none
B-001595,T-00403,V-0423,667161.32,10,8,False,0.033,none
B-001596,T-00403,V-0449,637956.15,4,8,False,0.037,none
B-001597,T-00403,V-0350,667967.59,1,8,True,0.092,none
B-001598,T-00404,V-0489,2334397.99,5,14,False,0.134,none
B-001599,T-00404,V-0254,2317598.43,4,17,False,0.01,none
B-001600,T-00404,V-0288,2265483.09,7,17,False,0.102,none
B-001601,T-00404,V-0468,2531369.84,5,13,True,0.043,none
B-001602,T-00404,V-0393,2200634.98,2,11,False,0.038,none
B-001603,T-00405,V-0428,16092490.9,6,8,False,0.017,none
B-001604,T-00405,V-0414,15179499.89,8,8,True,0.115,none
B-001605,T-00405,V-0128,13500159.1,8,9,False,0.006,none
B-001606,T-00406,V-0094,3968877.97,0,9,True,0.871,bid_rigging
B-001607,T-00406,V-0385,4556889.83,0,8,False,0.956,bid_rigging
B-001608,T-00406,V-0496,4650203.5,1,8,False,0.869,bid_rigging
B-001609,T-00407,V-0076,1148096.15,0,9,True,0.909,bid_rigging
B-001610,T-00407,V-0166,1278817.13,1,8,False,0.893,bid_rigging
B-001611,T-00407,V-0355,1406279.18,1,9,False,0.976,bid_rigging
B-001612,T-00407,V-0382,1403651.88,1,9,False,0.876,bid_rigging
B-001613,T-00408,V-0360,545343.88,0,17,True,0.065,none
B-001614,T-00408,V-0100,466342.65,5,16,False,0.129,none
B-001615,T-00409,V-0218,2190444.45,0,11,False,0.018,none
B-001616,T-00409,V-0360,2223344.29,0,13,False,0.03,none
B-001617,T-00409,V-0219,2036174.47,10,11,False,0.091,none
B-001618,T-00409,V-0305,2126859.84,2,15,True,0.138,none
B-001619,T-00409,V-0129,2358747.9,6,14,False,0.066,none
B-001620,T-00410,V-0299,874765.9,7,8,False,0.006,none
B-001621,T-00410,V-0032,909636.27,6,14,True,0.085,ai_generated_doc
B-001622,T-00410,V-0268,826396.13,5,18,False,0.118,none
B-001623,T-00410,V-0123,881683.96,1,8,False,0.089,none
B-001624,T-00411,V-0063,5363313.54,9,11,False,0.082,none
B-001625,T-00411,V-0467,5179736.42,8,9,False,0.123,none
B-001626,T-00411,V-0129,6022873.99,9,18,True,0.104,none
B-001627,T-00411,V-0019,6182477.84,9,8,False,0.047,none
B-001628,T-00411,V-0010,5532381.84,10,9,False,0.047,none
B-001629,T-00412,V-0312,2308188.21,10,17,False,0.123,none
B-001630,T-00412,V-0311,2351277.15,6,17,False,0.079,none
B-001631,T-00412,V-0256,2079179.8,7,18,True,0.034,none
B-001632,T-00412,V-0019,2112758.93,1,11,False,0.069,none
B-001633,T-00413,V-0416,593928.62,9,16,False,0.112,none
B-001634,T-00413,V-0212,608999.22,1,14,True,0.136,none
B-001635,T-00414,V-0110,19331583.29,7,15,True,0.086,none
B-001636,T-00414,V-0248,17712876.66,3,11,False,0.125,none
B-001637,T-00414,V-0146,20929516.09,5,14,False,0.027,none
B-001638,T-00415,V-0342,1963376.54,9,15,True,0.121,none
B-001639,T-00415,V-0302,1987205.33,1,12,False,0.025,none
B-001640,T-00415,V-0304,2069639.94,6,18,False,0.021,none
B-001641,T-00415,V-0148,2217093.39,3,15,False,0.008,none
B-001642,T-00415,V-0298,2131895.6,7,16,False,0.127,none
B-001643,T-00415,V-0291,2078465.04,1,9,False,0.062,none
B-001644,T-00416,V-0322,1504631.76,1,16,False,0.142,none
B-001645,T-00416,V-0411,1467760.38,1,11,True,0.055,none
B-001646,T-00417,V-0292,2096722.87,7,10,False,0.135,none
B-001647,T-00417,V-0262,1720866.66,1,15,False,0.144,none
B-001648,T-00417,V-0304,1992677.14,8,16,False,0.094,none
B-001649,T-00417,V-0258,2058157.64,4,18,False,0.076,none
B-001650,T-00417,V-0453,1888672.84,1,16,True,0.139,none
B-001651,T-00417,V-0399,2075808.21,4,12,False,0.08,none
B-001652,T-00418,V-0231,932748.48,3,17,False,0.197,none
B-001653,T-00418,V-0484,994054.68,5,15,True,0.187,ai_generated_doc
B-001654,T-00419,V-0415,302009.97,8,8,False,0.063,none
B-001655,T-00419,V-0013,337966.5,5,15,True,0.1,none
B-001656,T-00420,V-0431,14184084.7,1,12,False,0.089,none
B-001657,T-00420,V-0096,12598593.04,1,18,False,0.1,none
B-001658,T-00420,V-0194,12843527.66,2,16,True,0.134,none
B-001659,T-00421,V-0138,2201032.98,8,10,False,0.07,none
B-001660,T-00421,V-0405,2150929.29,6,17,False,0.141,none
B-001661,T-00421,V-0084,2236712.33,10,15,False,0.1,none
B-001662,T-00421,V-0307,2110255.64,0,12,False,0.006,none
B-001663,T-00421,V-0343,2060865.44,5,11,True,0.107,none
B-001664,T-00421,V-0216,2293445.13,4,9,False,0.119,none
B-001665,T-00422,V-0218,1907639.56,2,15,False,0.043,none
B-001666,T-00422,V-0022,1749497.27,8,16,True,0.034,none
B-001667,T-00422,V-0253,1936958.14,6,13,False,0.016,none
B-001668,T-00422,V-0460,1768548.97,7,17,False,0.12,none
B-001669,T-00423,V-0093,3137376.43,6,18,False,0.042,none
B-001670,T-00423,V-0149,3242546.11,9,14,False,0.058,none
B-001671,T-00423,V-0327,3084200.38,3,12,False,0.14,none
B-001672,T-00423,V-0023,3174753.8,6,8,False,0.04,none
B-001673,T-00423,V-0453,2994673.55,8,12,True,0.023,none
B-001674,T-00424,V-0287,14758077.07,2,10,False,0.147,none
B-001675,T-00424,V-0173,14749660.64,5,17,True,0.114,none
B-001676,T-00424,V-0052,14265150.95,10,14,False,0.041,none
B-001677,T-00425,V-0257,3807924.55,4,16,True,0.06,none
B-001678,T-00425,V-0495,3491131.76,8,11,False,0.092,none
B-001679,T-00426,V-0132,121199.37,8,15,True,0.09,none
B-001680,T-00426,V-0202,122744.96,1,14,False,0.003,none
B-001681,T-00426,V-0245,122959.97,1,9,False,0.045,none
B-001682,T-00427,V-0300,3335931.56,5,18,True,0.113,none
B-001683,T-00427,V-0458,3372435.16,9,18,False,0.122,none
B-001684,T-00428,V-0365,9017515.58,3,15,True,0.108,none
B-001685,T-00428,V-0208,9225294.51,0,13,False,0.028,none
B-001686,T-00428,V-0055,8423640.91,3,8,False,0.138,none
B-001687,T-00429,V-0048,1786989.28,2,13,True,0.136,none
B-001688,T-00429,V-0205,1805612.85,4,12,False,0.074,none
B-001689,T-00429,V-0170,1869731.45,4,9,False,0.092,none
B-001690,T-00429,V-0399,1885364.86,6,13,False,0.098,none
B-001691,T-00429,V-0424,1837051.3,3,12,False,0.041,none
B-001692,T-00429,V-0358,1776251.75,9,14,False,0.06,none
B-001693,T-00430,V-0459,885275.23,4,17,False,0.161,none
B-001694,T-00430,V-0466,971092.14,0,16,False,0.162,none
B-001695,T-00430,V-0476,992270.54,0,14,False,0.139,none
B-001696,T-00430,V-0382,943430.47,1,12,False,0.024,none
B-001697,T-00430,V-0033,1228587.99,8,9,True,0.236,price_inflation
B-001698,T-00431,V-0094,2505065.37,8,14,False,0.092,none
B-001699,T-00431,V-0470,2603587.53,8,17,False,0.121,none
B-001700,T-00431,V-0201,2667502.85,3,17,True,0.059,none
B-001701,T-00431,V-0320,2489410.83,9,16,False,0.066,none
B-001702,T-00431,V-0192,2511729.3,8,14,False,0.085,none
B-001703,T-00431,V-0484,2432345.59,1,13,False,0.051,none
B-001704,T-00432,V-0411,955386.84,9,10,True,0.108,none
B-001705,T-00432,V-0337,908465.87,10,10,False,0.009,none
B-001706,T-00432,V-0025,990108.06,10,15,False,0.149,none
B-001707,T-00432,V-0056,854627.37,3,14,False,0.133,none
B-001708,T-00433,V-0076,2282734.16,0,8,False,0.958,bid_rigging
B-001709,T-00433,V-0166,1953361.54,1,8,True,0.905,bid_rigging
B-001710,T-00433,V-0355,2153719.0,0,8,False,0.917,bid_rigging
B-001711,T-00434,V-0306,20628477.19,0,8,True,0.089,none
B-001712,T-00434,V-0028,21464312.57,10,17,False,0.045,none
B-001713,T-00434,V-0194,21315961.9,2,12,False,0.08,none
B-001714,T-00434,V-0248,24490110.43,9,12,False,0.027,none
B-001715,T-00435,V-0192,15610131.02,9,14,False,0.065,none
B-001716,T-00435,V-0349,14368166.49,6,8,False,0.049,none
B-001717,T-00435,V-0442,15201665.87,6,12,False,0.024,none
B-001718,T-00435,V-0140,13659792.99,4,13,False,0.064,none
B-001719,T-00435,V-0402,15215301.88,5,15,True,0.113,none
B-001720,T-00436,V-0292,609412.23,5,11,False,0.029,none
B-001721,T-00436,V-0230,676707.34,8,17,True,0.004,none
B-001722,T-00437,V-0269,23277203.12,2,18,True,0.037,conflict_of_interest
B-001723,T-00437,V-0410,19242430.96,4,8,False,0.022,none
B-001724,T-00437,V-0207,19851987.13,5,11,False,0.185,none
B-001725,T-00438,V-0094,1343074.32,0,9,True,0.906,bid_rigging
B-001726,T-00438,V-0385,1629226.58,1,9,False,0.902,bid_rigging
B-001727,T-00438,V-0496,1604927.72,0,9,False,0.854,bid_rigging
B-001728,T-00439,V-0363,7431550.35,8,18,False,0.116,none
B-001729,T-00439,V-0051,6919168.32,8,8,False,0.033,none
B-001730,T-00439,V-0047,10505668.52,6,15,True,0.213,price_inflation
B-001731,T-00439,V-0190,7927468.92,2,11,False,0.262,none
B-001732,T-00440,V-0451,1817601.09,4,15,True,0.02,none
B-001733,T-00440,V-0482,1866407.01,6,12,False,0.128,none
B-001734,T-00440,V-0183,1807900.5,10,14,False,0.011,none
B-001735,T-00440,V-0227,2075673.35,1,10,False,0.008,none
B-001736,T-00440,V-0476,1843347.23,8,12,False,0.034,none
B-001737,T-00440,V-0402,2086240.96,7,13,False,0.034,none
B-001738,T-00441,V-0373,1854675.1,8,13,False,0.146,none
B-001739,T-00441,V-0197,1819441.63,10,10,False,0.055,none
B-001740,T-00441,V-0443,1807417.2,4,16,False,0.026,none
B-001741,T-00441,V-0385,1810076.45,2,9,True,0.101,none
B-001742,T-00441,V-0272,1563773.77,3,16,False,0.049,none
B-001743,T-00441,V-0024,1738706.56,4,13,False,0.12,none
B-001744,T-00442,V-0024,108219.95,4,12,False,0.098,none
B-001745,T-00442,V-0016,102694.84,4,18,False,0.07,none
B-001746,T-00442,V-0346,94313.2,2,11,False,0.127,none
B-001747,T-00442,V-0483,102673.17,1,9,True,0.021,none
B-001748,T-00443,V-0146,2718052.75,10,17,False,0.11,none
B-001749,T-00443,V-0394,2650405.55,1,15,False,0.066,none
B-001750,T-00443,V-0275,2456747.52,6,11,False,0.036,none
B-001751,T-00443,V-0314,2606693.28,4,18,True,0.096,none
B-001752,T-00443,V-0391,2411694.69,2,15,False,0.025,none
B-001753,T-00444,V-0275,3101177.5,5,8,False,0.098,none
B-001754,T-00444,V-0194,3262716.51,0,9,False,0.091,none
B-001755,T-00444,V-0350,3778243.76,6,11,False,0.124,none
B-001756,T-00444,V-0086,3397533.03,4,13,True,0.107,none
B-001757,T-00444,V-0419,3403877.05,3,8,False,0.058,none
B-001758,T-00444,V-0037,3392176.39,3,13,False,0.108,none
B-001759,T-00445,V-0136,5010694.24,5,11,True,0.132,none
B-001760,T-00445,V-0319,4935637.54,0,8,False,0.129,none
B-001761,T-00445,V-0457,5095590.04,10,9,False,0.077,none
B-001762,T-00446,V-0225,19425504.8,6,13,True,0.148,none
B-001763,T-00446,V-0242,19960541.8,4,12,False,0.038,none
B-001764,T-00446,V-0258,17827938.87,10,13,False,0.039,none
B-001765,T-00446,V-0146,21350659.81,6,8,False,0.124,none
B-001766,T-00446,V-0263,18238466.81,3,16,False,0.132,none
B-001767,T-00447,V-0308,19475026.02,1,8,False,0.096,none
B-001768,T-00447,V-0317,17959238.85,10,18,False,0.048,none
B-001769,T-00447,V-0111,18545718.69,10,17,False,0.018,none
B-001770,T-00447,V-0230,18259194.73,8,15,False,0.144,none
B-001771,T-00447,V-0360,18523792.49,8,18,True,0.038,none
B-001772,T-00448,V-0411,2213800.51,8,16,False,0.116,none
B-001773,T-00448,V-0318,2212545.05,9,8,False,0.046,none
B-001774,T-00448,V-0290,2402195.3,5,15,False,0.087,none
B-001775,T-00448,V-0296,2136142.33,2,15,False,0.016,none
B-001776,T-00448,V-0217,2318078.32,7,18,True,0.021,none
B-001777,T-00449,V-0414,1005955.71,4,10,False,0.04,none
B-001778,T-00449,V-0045,908583.49,3,16,True,0.097,none
B-001779,T-00450,V-0266,824342.75,1,10,False,0.146,none
B-001780,T-00450,V-0120,849534.7,10,18,False,0.082,none
B-001781,T-00450,V-0121,922426.26,0,14,True,0.138,none
B-001782,T-00451,V-0088,5017714.68,8,11,False,0.034,none
B-001783,T-00451,V-0264,4462514.08,1,8,False,0.037,none
B-001784,T-00451,V-0443,4500265.45,0,8,True,0.013,ai_generated_doc
B-001785,T-00452,V-0222,970032.27,8,18,True,0.09,none
B-001786,T-00452,V-0194,928303.13,8,18,False,0.072,none
B-001787,T-00452,V-0058,986703.23,6,9,False,0.002,none
B-001788,T-00452,V-0023,895447.94,1,12,False,0.028,none
B-001789,T-00452,V-0465,998064.79,6,9,False,0.043,none
B-001790,T-00453,V-0459,9131790.57,10,11,False,0.096,none
B-001791,T-00453,V-0283,8748654.18,1,17,True,0.077,none
B-001792,T-00453,V-0148,8464796.51,0,15,False,0.041,none
B-001793,T-00454,V-0328,4915256.52,5,18,False,0.119,none
B-001794,T-00454,V-0070,5358034.4,0,8,False,0.03,none
B-001795,T-00454,V-0099,5574257.03,0,15,False,0.125,none
B-001796,T-00454,V-0161,4992932.96,6,10,False,0.001,none
B-001797,T-00454,V-0158,5334227.27,4,13,True,0.143,none
B-001798,T-00454,V-0209,4541364.61,9,14,False,0.066,none
B-001799,T-00455,V-0462,33250384.13,6,14,True,0.081,price_inflation
B-001800,T-00455,V-0352,22783958.05,6,13,False,0.09,none
B-001801,T-00456,V-0360,2782193.53,0,15,True,0.162,price_inflation
B-001802,T-00456,V-0430,1683026.08,4,17,False,0.141,none
B-001803,T-00457,V-0188,1446973.76,6,14,True,0.082,none
B-001804,T-00457,V-0395,1496779.92,4,16,False,0.021,none
B-001805,T-00458,V-0289,25027115.22,0,16,False,0.035,none
B-001806,T-00458,V-0318,24984511.81,6,16,False,0.083,none
B-001807,T-00458,V-0207,25411335.71,10,17,False,0.018,none
B-001808,T-00458,V-0081,26936077.89,8,18,True,0.099,none
B-001809,T-00458,V-0198,26174444.41,7,17,False,0.011,none
B-001810,T-00458,V-0310,22916957.54,0,13,False,0.12,none
B-001811,T-00459,V-0232,1633316.85,6,8,False,0.104,none
B-001812,T-00459,V-0432,1803300.2,3,10,False,0.003,none
B-001813,T-00459,V-0039,1922835.08,1,10,False,0.065,none
B-001814,T-00459,V-0291,1562935.09,5,15,True,0.127,none
B-001815,T-00460,V-0286,480618.71,1,16,False,0.128,none
B-001816,T-00460,V-0425,479830.38,9,13,False,0.14,none
B-001817,T-00460,V-0446,536748.13,1,15,True,0.054,none
B-001818,T-00460,V-0095,484028.82,8,13,False,0.146,none
B-001819,T-00460,V-0194,506860.63,1,15,False,0.073,none
B-001820,T-00460,V-0007,499674.3,4,9,False,0.101,none
B-001821,T-00461,V-0197,382601.8,8,10,True,0.056,ai_generated_doc
B-001822,T-00461,V-0308,413066.38,6,10,False,0.087,none
B-001823,T-00461,V-0094,387389.11,2,17,False,0.189,none
B-001824,T-00461,V-0401,396745.51,1,15,False,0.011,none
B-001825,T-00462,V-0369,1273665.22,1,16,False,0.052,none
B-001826,T-00462,V-0374,1527658.19,4,13,True,0.073,none
B-001827,T-00462,V-0187,1479220.45,0,13,False,0.065,none
B-001828,T-00462,V-0136,1504882.15,8,10,False,0.0,none
B-001829,T-00463,V-0432,4948110.5,0,17,False,0.003,none
B-001830,T-00463,V-0445,3503929.6,0,9,True,0.095,none
B-001831,T-00463,V-0187,4419119.14,3,13,False,0.062,none
B-001832,T-00464,V-0087,2977395.84,2,16,False,0.024,none
B-001833,T-00464,V-0108,3081878.04,8,17,False,0.049,none
B-001834,T-00464,V-0423,3021374.56,4,8,False,0.009,none
B-001835,T-00464,V-0069,2952530.52,7,16,True,0.098,none
B-001836,T-00464,V-0142,2926064.14,8,10,False,0.024,none
B-001837,T-00465,V-0123,1477175.49,8,13,False,0.001,none
B-001838,T-00465,V-0046,1316676.2,1,8,False,0.118,none
B-001839,T-00465,V-0069,1513771.66,8,18,False,0.105,none
B-001840,T-00465,V-0214,1412364.77,0,9,True,0.017,none
B-001841,T-00465,V-0037,1350320.3,5,8,False,0.092,none
B-001842,T-00466,V-0417,1273810.72,5,10,True,0.064,none
B-001843,T-00466,V-0336,1407907.51,0,13,False,0.034,none
B-001844,T-00467,V-0027,5297762.35,0,15,True,0.011,none
B-001845,T-00467,V-0420,5591295.48,6,17,False,0.047,none
B-001846,T-00467,V-0291,5233517.53,0,8,False,0.144,none
B-001847,T-00467,V-0069,5722486.62,4,18,False,0.013,none
B-001848,T-00467,V-0102,5698704.78,8,17,False,0.118,none
B-001849,T-00468,V-0357,3053910.02,9,16,False,0.07,none
B-001850,T-00468,V-0150,2720042.91,9,16,True,0.086,none
B-001851,T-00468,V-0116,2859288.37,6,13,False,0.02,none
B-001852,T-00468,V-0415,2765175.69,4,12,False,0.143,none
B-001853,T-00469,V-0428,835032.68,2,15,False,0.03,none
B-001854,T-00469,V-0375,741374.21,4,16,False,0.012,none
B-001855,T-00469,V-0045,809424.3,1,8,False,0.039,none
B-001856,T-00469,V-0491,765739.92,0,10,False,0.053,none
B-001857,T-00469,V-0319,771806.96,8,18,True,0.092,none
B-001858,T-00470,V-0035,3297753.14,3,13,False,0.066,none
B-001859,T-00470,V-0239,3329334.25,8,11,True,0.051,none
B-001860,T-00470,V-0456,3256826.14,2,14,False,0.079,none
B-001861,T-00471,V-0279,312869.12,7,11,False,0.088,none
B-001862,T-00471,V-0222,338137.63,3,12,False,0.134,none
B-001863,T-00471,V-0019,327153.48,8,16,False,0.029,none
B-001864,T-00471,V-0381,324998.14,4,10,True,0.048,none
B-001865,T-00472,V-0207,2674725.08,5,13,True,0.008,none
B-001866,T-00472,V-0468,2603167.34,7,12,False,0.106,none
B-001867,T-00472,V-0070,2907504.05,6,13,False,0.067,none
B-001868,T-00472,V-0276,2894427.72,5,13,False,0.012,none
B-001869,T-00473,V-0105,1461969.66,0,17,False,0.005,none
B-001870,T-00473,V-0289,1294598.54,5,13,False,0.016,none
B-001871,T-00473,V-0093,1324776.5,7,18,True,0.105,none
B-001872,T-00474,V-0052,260516.03,7,16,True,0.141,none
B-001873,T-00474,V-0455,282134.65,1,17,False,0.148,none
B-001874,T-00474,V-0119,306215.51,0,10,False,0.049,none
B-001875,T-00474,V-0051,280851.34,4,15,False,0.102,none
B-001876,T-00474,V-0486,300042.21,0,18,False,0.105,none
B-001877,T-00474,V-0042,285636.03,2,18,False,0.004,none
B-001878,T-00475,V-0470,1603133.22,1,18,False,0.027,none
B-001879,T-00475,V-0119,1464268.69,0,9,False,0.1,none
B-001880,T-00475,V-0161,1580597.12,2,15,True,0.135,none
B-001881,T-00475,V-0418,1290333.35,9,13,False,0.131,none
B-001882,T-00476,V-0080,1395734.11,10,9,True,0.0,bid_suppression
B-001883,T-00477,V-0172,2704843.08,5,18,True,0.206,price_inflation
B-001884,T-00477,V-0109,1791801.66,7,18,False,0.267,none
B-001885,T-00478,V-0144,33172151.33,7,11,True,0.127,none
B-001886,T-00478,V-0022,30266373.15,7,17,False,0.083,none
B-001887,T-00478,V-0489,35975902.77,5,17,False,0.101,none
B-001888,T-00478,V-0427,35113199.11,10,8,False,0.137,none
B-001889,T-00478,V-0252,34487717.47,10,9,False,0.007,none
B-001890,T-00479,V-0490,932644.27,0,11,False,0.104,none
B-001891,T-00479,V-0346,805989.29,9,9,False,0.0,none
B-001892,T-00479,V-0318,944251.61,5,10,True,0.141,none
B-001893,T-00479,V-0110,902450.49,3,14,False,0.007,none
B-001894,T-00480,V-0032,4000697.34,3,18,True,0.051,none
B-001895,T-00480,V-0036,4334819.15,9,17,False,0.134,none
B-001896,T-00480,V-0277,3788917.92,8,13,False,0.052,none
B-001897,T-00480,V-0153,3857530.6,3,13,False,0.103,none
B-001898,T-00481,V-0185,1096391.02,0,8,True,0.061,none
B-001899,T-00481,V-0198,1101826.66,7,17,False,0.141,none
B-001900,T-00482,V-0076,3459326.08,0,8,False,0.921,bid_rigging
B-001901,T-00482,V-0166,3375474.51,1,9,False,0.856,bid_rigging
B-001902,T-00482,V-0355,3365992.99,0,9,False,0.915,bid_rigging
B-001903,T-00482,V-0382,2889267.1,0,8,True,0.936,bid_rigging
B-001904,T-00483,V-0157,5051647.83,3,8,False,0.0,none
B-001905,T-00483,V-0297,5789371.19,7,15,False,0.057,none
B-001906,T-00483,V-0357,5309795.67,2,13,True,0.049,none
B-001907,T-00483,V-0493,5507640.04,3,10,False,0.095,none
B-001908,T-00484,V-0252,386422.45,5,12,False,0.02,none
B-001909,T-00484,V-0108,356407.79,6,10,True,0.043,none
B-001910,T-00485,V-0094,719300.0,10,17,False,0.105,none
B-001911,T-00485,V-0298,626617.54,2,11,True,0.118,none
B-001912,T-00485,V-0031,704915.83,4,13,False,0.128,none
B-001913,T-00485,V-0321,649718.59,1,8,False,0.111,none
B-001914,T-00486,V-0076,7106637.98,0,8,False,0.933,bid_rigging
B-001915,T-00486,V-0166,8027121.32,1,9,False,0.882,bid_rigging
B-001916,T-00486,V-0355,7212608.25,0,8,False,0.9,bid_rigging
B-001917,T-00486,V-0382,6611527.09,0,8,True,0.887,bid_rigging
B-001918,T-00487,V-0171,1831936.06,7,13,False,0.129,none
B-001919,T-00487,V-0386,1726274.52,2,9,False,0.026,none
B-001920,T-00487,V-0448,1647158.59,9,14,False,0.047,none
B-001921,T-00487,V-0288,1760876.94,6,8,False,0.035,none
B-001922,T-00487,V-0284,1553659.27,3,14,True,0.101,none
B-001923,T-00488,V-0452,1105810.49,7,13,True,0.053,none
B-001924,T-00488,V-0355,1083728.59,2,9,False,0.038,none
B-001925,T-00489,V-0355,1226911.64,0,15,True,0.017,none
B-001926,T-00489,V-0305,1299982.28,5,10,False,0.034,none
B-001927,T-00490,V-0092,940292.28,2,9,False,0.097,none
B-001928,T-00490,V-0096,916309.97,9,18,True,0.026,none
B-001929,T-00491,V-0402,1210886.72,0,18,False,0.055,none
B-001930,T-00491,V-0063,1266934.3,1,14,False,0.016,none
B-001931,T-00491,V-0267,1334475.98,1,16,False,0.065,none
B-001932,T-00491,V-0293,1351905.62,8,13,False,0.05,none
B-001933,T-00491,V-0465,1253208.99,8,9,False,0.11,none
B-001934,T-00491,V-0250,1538905.7,5,17,True,0.112,none
B-001935,T-00492,V-0085,4498921.0,8,8,False,0.106,none
B-001936,T-00492,V-0360,4272707.47,5,11,False,0.072,none
B-001937,T-00492,V-0353,4141552.73,9,11,False,0.01,none
B-001938,T-00492,V-0048,4071223.56,6,17,False,0.141,none
B-001939,T-00492,V-0195,3888201.87,8,17,True,0.072,none
B-001940,T-00493,V-0141,752937.05,10,9,True,0.149,none
B-001941,T-00493,V-0169,761043.37,2,10,False,0.108,none
B-001942,T-00493,V-0492,693614.5,7,10,False,0.0,none
B-001943,T-00493,V-0451,764479.94,2,16,False,0.032,none
B-001944,T-00493,V-0159,742471.41,4,16,False,0.019,none
B-001945,T-00493,V-0443,663664.25,3,10,False,0.099,none
B-001946,T-00494,V-0045,2434658.95,8,9,False,0.013,none
B-001947,T-00494,V-0142,2518334.66,5,17,True,0.12,ai_generated_doc
B-001948,T-00494,V-0249,2250328.26,0,18,False,0.025,none
B-001949,T-00494,V-0335,2398872.33,0,10,False,0.007,none
B-001950,T-00495,V-0141,2248791.86,3,10,True,0.02,none
B-001951,T-00495,V-0479,2312356.09,7,15,False,0.054,none
B-001952,T-00496,V-0124,4011331.26,0,10,True,0.076,none
B-001953,T-00496,V-0190,3723548.59,6,13,False,0.133,none
B-001954,T-00497,V-0100,1367577.41,9,11,False,0.14,none
B-001955,T-00497,V-0001,1530061.05,7,15,False,0.069,none
B-001956,T-00497,V-0349,1348682.36,6,17,True,0.014,none
B-001957,T-00497,V-0422,1583284.04,8,11,False,0.02,none
B-001958,T-00497,V-0029,1444680.06,1,18,False,0.003,none
B-001959,T-00498,V-0212,3879012.69,6,17,True,0.008,ai_generated_doc
B-001960,T-00498,V-0349,4149975.16,8,11,False,0.024,none
B-001961,T-00499,V-0126,2530759.6,1,17,False,0.058,none
B-001962,T-00499,V-0431,2747511.95,2,10,False,0.085,none
B-001963,T-00499,V-0494,2348503.8,3,9,True,0.063,none
B-001964,T-00499,V-0379,2331713.35,0,16,False,0.008,none
B-001965,T-00500,V-0496,820688.44,7,8,False,0.057,none
B-001966,T-00500,V-0430,903454.91,6,10,False,0.013,none
B-001967,T-00500,V-0213,772939.06,8,14,False,0.054,none
B-001968,T-00500,V-0464,705948.88,0,12,True,0.087,none
B-001969,T-00501,V-0153,663911.67,6,11,False,0.103,none
B-001970,T-00501,V-0335,704973.4,9,11,False,0.108,none
B-001971,T-00501,V-0018,731525.8,9,14,False,0.052,none
B-001972,T-00501,V-0225,663420.25,4,18,True,0.091,none
B-001973,T-00502,V-0066,2504008.89,2,14,False,0.132,none
B-001974,T-00502,V-0433,2745136.89,1,9,True,0.044,none
B-001975,T-00502,V-0086,2279365.39,2,12,False,0.032,none
B-001976,T-00503,V-0470,37154437.27,10,16,False,0.104,none
B-001977,T-00503,V-0424,38475863.15,4,18,True,0.023,none
B-001978,T-00503,V-0378,39066555.5,10,16,False,0.128,none
B-001979,T-00504,V-0273,3052658.57,9,18,False,0.093,none
B-001980,T-00504,V-0376,3155488.11,9,14,True,0.022,none
B-001981,T-00505,V-0464,3711364.25,4,11,False,0.03,none
B-001982,T-00505,V-0420,4190411.16,5,11,False,0.133,none
B-001983,T-00505,V-0364,4481428.01,4,15,False,0.146,none
B-001984,T-00505,V-0043,4105588.01,2,13,True,0.1,none
B-001985,T-00506,V-0115,35125656.26,0,11,True,0.012,none
B-001986,T-00506,V-0125,35940263.14,5,18,False,0.079,none
B-001987,T-00506,V-0133,34282393.11,6,8,False,0.056,none
B-001988,T-00507,V-0442,12828225.26,9,18,False,0.04,none
B-001989,T-00507,V-0239,11964841.93,5,15,False,0.06,none
B-001990,T-00507,V-0398,12540931.43,4,18,False,0.05,none
B-001991,T-00507,V-0372,13163273.02,3,13,True,0.145,none
B-001992,T-00508,V-0241,7255751.94,9,16,False,0.057,none
B-001993,T-00508,V-0438,6935091.11,1,14,False,0.031,none
B-001994,T-00508,V-0138,7284752.9,4,10,False,0.012,none
B-001995,T-00508,V-0201,7496251.3,5,12,False,0.055,none
B-001996,T-00508,V-0197,6303947.06,8,8,False,0.086,none
B-001997,T-00508,V-0476,7687941.24,9,12,True,0.076,none
B-001998,T-00509,V-0389,31740931.49,5,13,True,0.086,none
B-001999,T-00509,V-0204,33221511.74,6,12,False,0.127,none
B-002000,T-00509,V-0305,34721552.64,2,9,False,0.128,none
B-002001,T-00510,V-0445,10282937.67,1,12,False,0.027,none
B-002002,T-00510,V-0141,10728161.64,1,12,False,0.008,none
B-002003,T-00510,V-0069,11011130.67,10,12,False,0.098,none
B-002004,T-00510,V-0122,10678200.78,9,11,False,0.037,none
B-002005,T-00510,V-0188,12371534.89,2,14,True,0.122,none
B-002006,T-00511,V-0453,78335.34,7,17,True,0.062,none
B-002007,T-00511,V-0158,79827.86,10,15,False,0.034,none
B-002008,T-00511,V-0109,83593.21,10,8,False,0.004,none
B-002009,T-00511,V-0367,76624.05,10,18,False,0.11,none
B-002010,T-00512,V-0420,1334779.1,1,13,True,0.109,none
B-002011,T-00512,V-0182,1393280.55,7,9,False,0.137,none
B-002012,T-00512,V-0470,1339932.52,8,12,False,0.048,none
B-002013,T-00512,V-0085,1359577.56,3,13,False,0.122,none
B-002014,T-00512,V-0072,1323815.1,10,12,False,0.111,none
B-002015,T-00512,V-0477,1242999.96,2,14,False,0.133,none
B-002016,T-00513,V-0132,851488.56,0,9,False,0.075,none
B-002017,T-00513,V-0136,923330.68,10,10,False,0.13,none
B-002018,T-00513,V-0432,836291.94,10,8,False,0.104,none
B-002019,T-00513,V-0348,846660.34,6,13,True,0.131,none
B-002020,T-00513,V-0333,870090.38,2,11,False,0.136,none
B-002021,T-00514,V-0295,3562186.89,5,14,False,0.028,none
B-002022,T-00514,V-0220,4249725.81,7,8,False,0.017,none
B-002023,T-00514,V-0204,3902656.53,0,18,True,0.124,none
B-002024,T-00515,V-0417,7893219.41,0,13,True,0.049,none
B-002025,T-00515,V-0078,6873104.61,8,18,False,0.148,none
B-002026,T-00515,V-0416,7973540.49,0,8,False,0.138,none
B-002027,T-00515,V-0224,7523674.18,7,18,False,0.027,none
B-002028,T-00516,V-0400,416802.04,3,9,True,0.085,conflict_of_interest
B-002029,T-00516,V-0163,379598.25,3,17,False,0.138,none
B-002030,T-00517,V-0011,24730747.6,1,15,True,0.199,conflict_of_interest
B-002031,T-00517,V-0271,22853196.16,3,9,False,0.04,none
B-002032,T-00517,V-0413,21950655.95,5,10,False,0.104,none
B-002033,T-00518,V-0307,4074714.21,9,18,True,0.128,none
B-002034,T-00518,V-0330,3999225.26,3,13,False,0.019,none
B-002035,T-00519,V-0180,3177192.99,3,10,False,0.025,none
B-002036,T-00519,V-0423,3457611.16,10,15,True,0.034,none
B-002037,T-00519,V-0457,3252449.63,9,11,False,0.134,none
B-002038,T-00519,V-0440,2844625.64,9,17,False,0.026,none
B-002039,T-00519,V-0337,3009092.71,4,13,False,0.128,none
B-002040,T-00519,V-0349,3189323.21,3,13,False,0.034,none
B-002041,T-00520,V-0044,5215540.18,6,9,False,0.136,none
B-002042,T-00520,V-0259,5102917.85,8,15,False,0.007,none
B-002043,T-00520,V-0179,5494792.84,2,14,False,0.091,none
B-002044,T-00520,V-0497,4520888.91,1,16,True,0.121,none
B-002045,T-00520,V-0017,5164415.68,3,14,False,0.006,none
B-002046,T-00521,V-0076,8614722.18,0,8,False,0.942,bid_rigging
B-002047,T-00521,V-0166,7504292.96,1,9,True,0.97,bid_rigging
B-002048,T-00521,V-0355,8746835.19,1,9,False,0.912,bid_rigging
B-002049,T-00522,V-0067,393438.14,2,10,False,0.143,none
B-002050,T-00522,V-0074,461737.92,8,8,True,0.095,none
B-002051,T-00522,V-0107,439105.39,9,12,False,0.038,none
B-002052,T-00522,V-0496,452726.4,2,13,False,0.084,none
B-002053,T-00523,V-0078,1741941.86,2,13,False,0.061,none
B-002054,T-00523,V-0367,1978203.23,6,10,True,0.123,none
B-002055,T-00523,V-0417,1951997.11,9,13,False,0.032,none
B-002056,T-00523,V-0340,1901491.86,10,8,False,0.135,none
B-002057,T-00523,V-0350,1822891.04,3,18,False,0.119,none
B-002058,T-00523,V-0323,1901085.44,7,11,False,0.01,none
B-002059,T-00524,V-0028,211376.74,1,11,False,0.001,none
B-002060,T-00524,V-0139,232070.34,10,13,False,0.034,none
B-002061,T-00524,V-0203,242585.36,8,12,True,0.116,none
B-002062,T-00524,V-0350,234918.6,10,16,False,0.049,none
B-002063,T-00524,V-0406,211075.96,0,18,False,0.011,none
B-002064,T-00524,V-0251,225525.81,6,10,False,0.06,none
B-002065,T-00525,V-0401,1025366.02,8,12,True,0.0,bid_suppression
B-002066,T-00526,V-0336,412668.52,7,8,False,0.054,none
B-002067,T-00526,V-0187,462744.63,4,17,False,0.011,none
B-002068,T-00526,V-0197,459475.53,2,18,True,0.099,none
B-002069,T-00526,V-0032,397188.96,5,9,False,0.064,none
B-002070,T-00526,V-0160,416194.53,4,9,False,0.012,none
B-002071,T-00527,V-0168,4489582.0,9,14,True,0.089,none
B-002072,T-00527,V-0219,4484725.95,3,17,False,0.048,none
B-002073,T-00527,V-0139,4235737.37,8,15,False,0.054,none
B-002074,T-00527,V-0008,4673762.55,2,8,False,0.072,none
B-002075,T-00528,V-0036,1614400.09,0,8,False,0.931,bid_rigging
B-002076,T-00528,V-0058,1335229.16,0,8,True,0.945,bid_rigging
B-002077,T-00528,V-0099,1434956.93,1,8,False,0.972,bid_rigging
B-002078,T-00529,V-0463,3438176.02,9,18,False,0.068,none
B-002079,T-00529,V-0484,3347590.3,0,17,False,0.143,none
B-002080,T-00529,V-0317,3233475.34,7,11,False,0.011,none
B-002081,T-00529,V-0206,3600193.19,6,15,False,0.134,none
B-002082,T-00529,V-0236,3723489.32,3,9,True,0.12,none
B-002083,T-00530,V-0067,477919.87,10,8,False,0.069,none
B-002084,T-00530,V-0224,474121.89,5,17,True,0.145,none
B-002085,T-00530,V-0333,506706.78,8,17,False,0.071,none
B-002086,T-00531,V-0121,247349.82,10,18,False,0.086,none
B-002087,T-00531,V-0430,250665.77,4,11,True,0.017,none
B-002088,T-00531,V-0326,263998.15,1,18,False,0.115,none
B-002089,T-00531,V-0479,223821.16,5,12,False,0.028,none
B-002090,T-00532,V-0326,963406.16,2,9,True,0.088,none
B-002091,T-00532,V-0171,896681.57,5,8,False,0.116,none
B-002092,T-00532,V-0093,870745.69,7,14,False,0.041,none
B-002093,T-00532,V-0119,888008.24,4,17,False,0.096,none
B-002094,T-00532,V-0063,890775.71,4,15,False,0.001,none
B-002095,T-00532,V-0074,800052.5,0,8,False,0.021,none
B-002096,T-00533,V-0202,1476567.93,7,14,False,0.045,none
B-002097,T-00533,V-0156,1358386.87,7,17,False,0.068,none
B-002098,T-00533,V-0158,1391043.82,4,9,False,0.063,none
B-002099,T-00533,V-0278,1432389.57,3,14,True,0.134,none
B-002100,T-00533,V-0340,1272004.87,6,8,False,0.039,none
B-002101,T-00534,V-0208,1354558.35,5,11,False,0.071,none
B-002102,T-00534,V-0125,1295989.35,0,17,True,0.111,none
B-002103,T-00535,V-0218,962800.17,1,18,True,0.085,none
B-002104,T-00535,V-0315,799304.8,5,10,False,0.085,none
B-002105,T-00535,V-0095,910801.3,6,11,False,0.048,none
B-002106,T-00535,V-0492,883108.97,0,13,False,0.089,none
B-002107,T-00535,V-0237,940012.63,0,10,False,0.055,none
B-002108,T-00535,V-0225,942089.65,1,10,False,0.079,none
B-002109,T-00536,V-0218,2453090.36,5,17,True,0.043,none
B-002110,T-00536,V-0153,2452391.29,8,17,False,0.127,none
B-002111,T-00536,V-0120,2544850.14,9,13,False,0.092,none
B-002112,T-00537,V-0211,1290211.63,5,12,False,0.131,none
B-002113,T-00537,V-0336,1432455.89,4,11,False,0.046,none
B-002114,T-00537,V-0222,1333363.3,4,9,True,0.119,none
B-002115,T-00537,V-0126,1125736.82,4,17,False,0.018,none
B-002116,T-00538,V-0301,423462.93,4,12,False,0.087,none
B-002117,T-00538,V-0125,406211.26,4,11,False,0.086,none
B-002118,T-00538,V-0385,390804.78,4,14,False,0.04,none
B-002119,T-00538,V-0311,401041.83,8,18,False,0.126,none
B-002120,T-00538,V-0124,436049.21,8,10,False,0.022,none
B-002121,T-00538,V-0426,467739.9,0,17,True,0.049,none
B-002122,T-00539,V-0370,5602647.79,10,16,False,0.087,none
B-002123,T-00539,V-0244,5299188.88,4,9,False,0.037,none
B-002124,T-00539,V-0478,5649739.39,1,8,False,0.15,none
B-002125,T-00539,V-0111,5347829.09,9,15,False,0.019,none
B-002126,T-00539,V-0294,5270120.52,2,9,True,0.129,none
B-002127,T-00539,V-0342,5118418.0,0,15,False,0.049,none
B-002128,T-00540,V-0178,2326542.5,5,13,False,0.071,none
B-002129,T-00540,V-0098,2538983.97,9,10,False,0.129,none
B-002130,T-00540,V-0146,2624462.09,2,8,False,0.037,none
B-002131,T-00540,V-0322,2584735.39,0,12,True,0.042,none
B-002132,T-00540,V-0363,2534921.53,6,12,False,0.057,none
B-002133,T-00540,V-0401,2452282.1,1,10,False,0.109,none
B-002134,T-00541,V-0421,627650.31,5,9,True,0.02,none
B-002135,T-00541,V-0014,557695.45,1,11,False,0.11,none
B-002136,T-00542,V-0442,1136506.99,3,13,False,0.087,none
B-002137,T-00542,V-0182,1020642.57,10,18,False,0.126,none
B-002138,T-00542,V-0270,1036917.5,0,16,False,0.141,none
B-002139,T-00542,V-0361,990372.88,1,17,True,0.091,none
B-002140,T-00542,V-0304,1053273.97,1,12,False,0.106,none
B-002141,T-00543,V-0132,125011.75,6,11,False,0.013,none
B-002142,T-00543,V-0356,121754.41,3,16,True,0.083,none
B-002143,T-00543,V-0167,125033.79,0,11,False,0.044,none
B-002144,T-00544,V-0080,300230.96,3,11,True,0.047,none
B-002145,T-00544,V-0477,271833.46,4,10,False,0.04,none
B-002146,T-00544,V-0343,285333.1,3,18,False,0.016,none
B-002147,T-00544,V-0379,277483.41,4,11,False,0.099,none
B-002148,T-00544,V-0069,314351.57,9,14,False,0.076,none
B-002149,T-00545,V-0400,1394390.33,8,18,True,0.047,none
B-002150,T-00545,V-0420,1582818.05,2,17,False,0.129,none
B-002151,T-00545,V-0276,1582751.01,6,17,False,0.144,none
B-002152,T-00545,V-0425,1667178.21,2,18,False,0.013,none
B-002153,T-00545,V-0014,1465336.43,10,15,False,0.066,none
B-002154,T-00546,V-0134,268315.05,0,10,False,0.034,none
B-002155,T-00546,V-0096,292544.0,5,8,False,0.025,none
B-002156,T-00546,V-0019,247781.67,8,17,True,0.142,none
B-002157,T-00546,V-0154,233617.91,6,14,False,0.051,none
B-002158,T-00546,V-0106,228291.9,7,13,False,0.109,none
B-002159,T-00547,V-0101,2681305.41,2,17,False,0.119,none
B-002160,T-00547,V-0102,2280813.57,0,10,False,0.002,none
B-002161,T-00547,V-0068,2513905.89,5,14,True,0.086,none
B-002162,T-00548,V-0128,1221912.82,3,12,True,0.082,shell_company
B-002163,T-00548,V-0117,1353791.57,1,18,False,0.18,none
B-002164,T-00549,V-0477,861693.38,2,15,False,0.091,none
B-002165,T-00549,V-0417,848990.76,5,13,False,0.037,none
B-002166,T-00549,V-0005,861095.45,0,10,False,0.042,none
B-002167,T-00549,V-0224,850860.57,5,11,True,0.008,none
B-002168,T-00550,V-0466,2716532.01,8,12,False,0.122,none
B-002169,T-00550,V-0118,2378783.44,2,11,False,0.004,none
B-002170,T-00550,V-0376,2420460.61,4,10,True,0.007,none
B-002171,T-00551,V-0034,2127271.78,1,15,True,0.108,none
B-002172,T-00551,V-0484,2341799.19,2,18,False,0.12,none
B-002173,T-00551,V-0497,2351195.75,4,8,False,0.132,none
B-002174,T-00551,V-0409,2291077.89,0,15,False,0.122,none
B-002175,T-00551,V-0297,2389085.51,6,12,False,0.099,none
B-002176,T-00552,V-0425,2777326.14,10,18,False,0.104,none
B-002177,T-00552,V-0469,3287521.74,5,12,True,0.062,none
B-002178,T-00553,V-0479,1774808.23,5,18,False,0.081,none
B-002179,T-00553,V-0441,1697959.64,8,15,False,0.023,none
B-002180,T-00553,V-0093,1800036.23,10,15,False,0.094,none
B-002181,T-00553,V-0473,1464545.76,5,16,True,0.131,none
B-002182,T-00553,V-0135,1575013.27,1,10,False,0.023,none
B-002183,T-00553,V-0025,1554439.9,9,8,False,0.12,none
B-002184,T-00554,V-0197,1227083.71,4,16,False,0.109,none
B-002185,T-00554,V-0201,1102060.25,2,11,False,0.073,none
B-002186,T-00554,V-0388,1229625.35,10,11,True,0.068,none
B-002187,T-00554,V-0273,1272887.73,1,10,False,0.015,none
B-002188,T-00555,V-0061,1099823.95,0,11,False,0.209,none
B-002189,T-00555,V-0271,1601047.79,8,14,True,0.242,price_inflation
B-002190,T-00556,V-0342,28354888.98,7,8,True,0.129,none
B-002191,T-00556,V-0469,27682918.01,7,12,False,0.104,none
B-002192,T-00557,V-0306,1768545.78,9,17,True,0.093,none
B-002193,T-00557,V-0077,1784452.91,5,10,False,0.09,none
B-002194,T-00557,V-0180,2020931.75,1,15,False,0.015,none
B-002195,T-00558,V-0484,19450629.51,8,15,False,0.027,none
B-002196,T-00558,V-0198,18538227.32,0,13,True,0.129,none
B-002197,T-00558,V-0383,18115801.38,2,10,False,0.017,none
B-002198,T-00558,V-0130,16323149.39,2,14,False,0.102,none
B-002199,T-00558,V-0127,17387832.88,10,12,False,0.089,none
B-002200,T-00559,V-0465,2179255.07,0,16,False,0.122,none
B-002201,T-00559,V-0099,1804840.34,3,12,False,0.044,none
B-002202,T-00559,V-0378,1977267.37,7,8,True,0.046,none
B-002203,T-00560,V-0260,543223.64,4,15,True,0.003,none
B-002204,T-00560,V-0306,473688.54,2,8,False,0.129,none
B-002205,T-00560,V-0297,517936.47,9,18,False,0.057,none
B-002206,T-00560,V-0472,541086.65,8,18,False,0.052,none
B-002207,T-00560,V-0169,512643.46,9,13,False,0.028,none
B-002208,T-00561,V-0131,1575484.49,6,18,False,0.099,none
B-002209,T-00561,V-0319,1209579.64,2,17,False,0.111,none
B-002210,T-00561,V-0359,1429535.99,6,11,False,0.04,none
B-002211,T-00561,V-0462,1330214.27,7,15,True,0.071,none
B-002212,T-00561,V-0093,1406405.17,2,10,False,0.137,none
B-002213,T-00562,V-0214,1263233.7,5,16,False,0.013,none
B-002214,T-00562,V-0041,1176512.63,9,10,True,0.004,none
B-002215,T-00563,V-0077,593172.53,1,13,True,0.139,none
B-002216,T-00563,V-0303,519905.77,6,11,False,0.006,none
B-002217,T-00563,V-0146,606311.73,9,13,False,0.047,none
B-002218,T-00564,V-0205,1061756.34,2,18,False,0.061,none
B-002219,T-00564,V-0119,1083066.9,9,12,False,0.1,none
B-002220,T-00564,V-0223,1109319.0,2,8,False,0.065,none
B-002221,T-00564,V-0125,1066103.63,1,13,False,0.099,none
B-002222,T-00564,V-0237,1052364.16,9,16,False,0.004,none
B-002223,T-00564,V-0342,987953.55,10,16,True,0.051,none
B-002224,T-00565,V-0114,23625370.55,0,12,True,0.086,none
B-002225,T-00565,V-0335,26437346.9,3,10,False,0.01,none
B-002226,T-00566,V-0435,798411.24,1,13,True,0.112,none
B-002227,T-00566,V-0077,724561.81,8,18,False,0.137,none
B-002228,T-00566,V-0048,737092.29,1,13,False,0.081,none
B-002229,T-00567,V-0213,1104436.95,1,17,True,0.016,none
B-002230,T-00567,V-0274,1249997.02,5,12,False,0.083,none
B-002231,T-00567,V-0255,1214448.03,0,14,False,0.046,none
B-002232,T-00567,V-0205,1303842.57,4,10,False,0.126,none
B-002233,T-00567,V-0152,1106279.16,10,8,False,0.006,none
B-002234,T-00567,V-0457,1141335.93,6,10,False,0.086,none
B-002235,T-00568,V-0226,6134758.68,8,13,False,0.116,none
B-002236,T-00568,V-0326,6285437.78,6,18,False,0.06,none
B-002237,T-00568,V-0268,5972436.77,6,12,True,0.116,none
B-002238,T-00568,V-0245,5733810.32,1,17,False,0.065,none
B-002239,T-00568,V-0125,6370723.35,2,11,False,0.044,none
B-002240,T-00569,V-0072,699507.11,1,11,False,0.027,none
B-002241,T-00569,V-0366,633634.52,4,9,True,0.007,none
B-002242,T-00569,V-0476,725025.15,2,17,False,0.038,none
B-002243,T-00569,V-0223,717572.82,3,9,False,0.042,none
B-002244,T-00569,V-0414,675898.73,7,16,False,0.138,none
B-002245,T-00569,V-0074,673698.21,9,9,False,0.014,none
B-002246,T-00570,V-0078,1142636.78,9,17,False,0.042,none
B-002247,T-00570,V-0422,1048697.61,8,9,False,0.098,none
B-002248,T-00570,V-0389,1107866.36,8,11,False,0.017,none
B-002249,T-00570,V-0208,963057.84,8,8,False,0.009,none
B-002250,T-00570,V-0301,1164028.65,6,14,True,0.061,none
B-002251,T-00571,V-0361,2336792.98,5,11,True,0.112,none
B-002252,T-00571,V-0001,2810939.62,8,13,False,0.029,none
B-002253,T-00571,V-0031,2527288.25,6,11,False,0.131,none
B-002254,T-00572,V-0076,3493081.03,0,8,False,0.972,bid_rigging
B-002255,T-00572,V-0166,2913285.4,0,9,True,0.96,bid_rigging
B-002256,T-00572,V-0355,3373334.12,0,8,False,0.909,bid_rigging
B-002257,T-00572,V-0382,3337030.39,1,8,False,0.957,bid_rigging
B-002258,T-00573,V-0439,3601838.68,3,16,False,0.091,none
B-002259,T-00573,V-0116,3510765.69,6,18,False,0.118,none
B-002260,T-00573,V-0090,3585121.61,3,11,True,0.122,none
B-002261,T-00574,V-0258,1726903.35,10,16,True,0.137,none
B-002262,T-00574,V-0172,1353898.22,6,10,False,0.06,none
B-002263,T-00575,V-0294,3970001.59,1,11,True,0.031,shell_company
B-002264,T-00575,V-0156,4404354.03,2,11,False,0.18,none
B-002265,T-00575,V-0495,4552596.26,2,9,False,0.135,none
B-002266,T-00575,V-0398,4645488.7,3,13,False,0.18,none
B-002267,T-00576,V-0372,34858523.45,0,14,False,0.143,none
B-002268,T-00576,V-0438,33034470.87,7,15,False,0.058,none
B-002269,T-00576,V-0032,30032960.82,10,8,False,0.063,none
B-002270,T-00576,V-0270,30288828.2,10,13,False,0.124,none
B-002271,T-00576,V-0244,35634478.83,2,8,False,0.095,none
B-002272,T-00576,V-0166,30540997.25,8,16,True,0.015,none
B-002273,T-00577,V-0126,2700161.53,7,17,False,0.067,none
B-002274,T-00577,V-0394,3098861.94,6,9,True,0.069,none
B-002275,T-00577,V-0038,2959833.93,8,9,False,0.053,none
B-002276,T-00577,V-0318,2737657.19,9,14,False,0.087,none
B-002277,T-00578,V-0277,1764691.33,10,15,False,0.027,none
B-002278,T-00578,V-0354,1634834.36,10,8,True,0.149,none
B-002279,T-00578,V-0153,1857110.14,2,14,False,0.057,none
B-002280,T-00579,V-0273,3832286.98,9,9,False,0.021,none
B-002281,T-00579,V-0196,3717853.69,7,11,False,0.046,none
B-002282,T-00579,V-0391,3681030.02,8,17,True,0.085,none
B-002283,T-00579,V-0087,3983567.13,2,13,False,0.049,none
B-002284,T-00579,V-0313,3602781.59,9,12,False,0.101,none
B-002285,T-00580,V-0391,2861124.2,2,17,False,0.129,none
B-002286,T-00580,V-0227,3162548.28,0,15,True,0.04,none
B-002287,T-00581,V-0210,771586.18,9,17,False,0.059,none
B-002288,T-00581,V-0216,644002.54,0,16,False,0.001,none
B-002289,T-00581,V-0302,670882.63,9,15,False,0.046,none
B-002290,T-00581,V-0155,702889.93,10,15,True,0.038,none
B-002291,T-00581,V-0032,683537.2,5,18,False,0.093,none
B-002292,T-00581,V-0391,645337.95,9,12,False,0.061,none
B-002293,T-00582,V-0410,1334397.94,7,11,False,0.087,none
B-002294,T-00582,V-0311,1946523.71,5,11,True,0.12,price_inflation
B-002295,T-00582,V-0258,1431484.25,8,9,False,0.299,none
B-002296,T-00583,V-0273,1444609.77,2,18,False,0.096,none
B-002297,T-00583,V-0014,1541914.45,6,8,False,0.049,none
B-002298,T-00583,V-0135,1369431.34,2,9,False,0.125,none
B-002299,T-00583,V-0148,1280083.89,0,10,False,0.06,none
B-002300,T-00583,V-0161,1227712.05,7,8,True,0.06,none
B-002301,T-00583,V-0005,1374453.74,4,16,False,0.09,none
B-002302,T-00584,V-0138,4779162.06,1,11,False,0.0,none
B-002303,T-00584,V-0273,7413288.8,8,11,True,0.262,price_inflation
B-002304,T-00584,V-0426,5097631.31,5,15,False,0.092,none
B-002305,T-00585,V-0121,2495866.91,1,16,False,0.052,none
B-002306,T-00585,V-0316,2407564.86,3,8,False,0.022,none
B-002307,T-00585,V-0304,2340490.09,7,13,False,0.137,none
B-002308,T-00585,V-0377,2258064.71,0,8,False,0.032,none
B-002309,T-00585,V-0242,2187433.7,10,13,False,0.108,none
B-002310,T-00585,V-0134,2458068.25,10,14,True,0.015,none
B-002311,T-00586,V-0182,335901.79,6,12,False,0.015,none
B-002312,T-00586,V-0330,288909.16,4,17,False,0.029,none
B-002313,T-00586,V-0104,348819.11,7,16,True,0.1,none
B-002314,T-00586,V-0008,329411.28,4,14,False,0.067,none
B-002315,T-00586,V-0466,345184.2,0,16,False,0.114,none
B-002316,T-00586,V-0495,292799.3,0,18,False,0.018,none
B-002317,T-00587,V-0449,20740814.7,10,11,True,0.064,none
B-002318,T-00587,V-0329,22390303.01,1,8,False,0.035,none
B-002319,T-00587,V-0411,23273777.47,4,12,False,0.142,none
B-002320,T-00587,V-0017,25027264.46,4,10,False,0.09,none
B-002321,T-00587,V-0015,23549350.09,0,14,False,0.073,none
B-002322,T-00588,V-0286,34659807.46,2,12,False,0.141,none
B-002323,T-00588,V-0462,33005977.88,6,10,False,0.118,none
B-002324,T-00588,V-0475,37767632.27,2,9,True,0.049,none
B-002325,T-00588,V-0205,33136107.98,5,17,False,0.09,none
B-002326,T-00588,V-0419,38608525.83,7,10,False,0.047,none
B-002327,T-00589,V-0094,29315647.1,1,17,True,0.001,none
B-002328,T-00589,V-0480,32670848.94,3,11,False,0.14,none
B-002329,T-00589,V-0437,31039474.72,10,18,False,0.044,none
B-002330,T-00590,V-0255,1619047.75,4,16,False,0.043,none
B-002331,T-00590,V-0157,1581592.36,5,13,False,0.09,none
B-002332,T-00590,V-0245,1599074.95,9,14,False,0.049,none
B-002333,T-00590,V-0461,1674418.93,1,11,True,0.08,none
B-002334,T-00591,V-0425,2784451.03,5,11,False,0.015,none
B-002335,T-00591,V-0041,2672870.94,9,8,False,0.0,none
B-002336,T-00591,V-0496,2744076.08,3,14,True,0.019,none
B-002337,T-00591,V-0070,2784687.26,2,9,False,0.14,none
B-002338,T-00591,V-0147,2417617.59,1,15,False,0.036,none
B-002339,T-00592,V-0324,18098865.47,2,14,False,0.116,none
B-002340,T-00592,V-0496,16579191.49,8,18,True,0.082,none
B-002341,T-00592,V-0237,16395705.61,3,17,False,0.052,none
B-002342,T-00593,V-0283,3107104.82,2,18,False,0.126,none
B-002343,T-00593,V-0166,3085003.94,2,13,False,0.015,none
B-002344,T-00593,V-0087,3175948.94,1,16,True,0.049,none
B-002345,T-00593,V-0092,3310034.78,5,17,False,0.013,none
B-002346,T-00594,V-0469,9629045.58,1,12,True,0.134,price_inflation
B-002347,T-00594,V-0026,6964682.51,7,11,False,0.229,none
B-002348,T-00594,V-0270,7312227.33,5,10,False,0.089,none
B-002349,T-00594,V-0436,7558923.5,4,9,False,0.25,none
B-002350,T-00595,V-0182,2415298.43,9,15,False,0.03,none
B-002351,T-00595,V-0297,2093714.97,4,17,True,0.03,none
B-002352,T-00596,V-0261,2024678.04,8,11,True,0.063,none
B-002353,T-00596,V-0273,2051450.07,1,11,False,0.036,none
B-002354,T-00596,V-0015,2019066.57,10,16,False,0.138,none
B-002355,T-00596,V-0113,1994004.09,2,14,False,0.14,none
B-002356,T-00596,V-0099,1859639.87,8,15,False,0.076,none
B-002357,T-00597,V-0034,26854657.84,3,8,False,0.043,none
B-002358,T-00597,V-0180,27382734.83,8,14,False,0.028,none
B-002359,T-00597,V-0406,22209924.92,10,9,False,0.047,none
B-002360,T-00597,V-0089,23186174.07,1,15,True,0.104,none
B-002361,T-00597,V-0245,24289285.57,6,13,False,0.125,none
B-002362,T-00597,V-0278,23274353.83,3,13,False,0.109,none
B-002363,T-00598,V-0025,3913931.68,6,18,False,0.072,none
B-002364,T-00598,V-0051,3632628.14,4,12,False,0.13,none
B-002365,T-00598,V-0262,4292066.31,7,9,True,0.11,none
B-002366,T-00598,V-0289,4069959.67,7,14,False,0.14,none
B-002367,T-00598,V-0442,3847062.82,9,14,False,0.088,none
B-002368,T-00598,V-0054,4032681.06,1,12,False,0.034,none
B-002369,T-00599,V-0300,2075384.56,6,18,False,0.119,none
B-002370,T-00599,V-0309,1880388.72,4,13,True,0.008,none
B-002371,T-00599,V-0294,1850930.02,9,17,False,0.088,none
B-002372,T-00600,V-0076,18941064.34,1,8,True,0.925,bid_rigging
B-002373,T-00600,V-0166,21687716.39,0,9,False,0.871,bid_rigging
B-002374,T-00600,V-0355,22185843.66,1,9,False,0.968,bid_rigging
B-002375,T-00601,V-0199,1866683.06,9,18,False,0.092,none
B-002376,T-00601,V-0141,1954025.54,7,17,False,0.056,none
B-002377,T-00601,V-0376,1873474.02,2,16,True,0.137,none
B-002378,T-00601,V-0480,1682170.9,5,15,False,0.049,none
B-002379,T-00602,V-0386,999489.87,9,8,True,0.027,none
B-002380,T-00602,V-0266,1045410.63,1,15,False,0.112,none
B-002381,T-00602,V-0064,1045303.98,7,16,False,0.091,none
B-002382,T-00602,V-0484,1174349.83,10,18,False,0.126,none
B-002383,T-00603,V-0270,2682801.66,1,15,False,0.002,none
B-002384,T-00603,V-0276,3014902.52,5,17,False,0.079,none
B-002385,T-00603,V-0096,3187578.06,4,13,False,0.122,none
B-002386,T-00603,V-0327,3324931.51,4,11,True,0.064,none
B-002387,T-00604,V-0267,35895923.49,2,11,True,0.096,none
B-002388,T-00604,V-0200,37873294.09,3,16,False,0.075,none
B-002389,T-00604,V-0053,38046194.93,6,16,False,0.017,none
B-002390,T-00605,V-0312,349137.32,5,17,False,0.003,none
B-002391,T-00605,V-0251,389493.41,2,9,False,0.134,none
B-002392,T-00605,V-0427,526983.46,5,13,True,0.044,price_inflation
B-002393,T-00606,V-0299,4279520.75,1,18,False,0.124,none
B-002394,T-00606,V-0106,4204822.19,5,16,False,0.081,none
B-002395,T-00606,V-0113,4340556.72,0,15,True,0.144,none
B-002396,T-00606,V-0421,3587238.4,0,18,False,0.048,none
B-002397,T-00606,V-0404,4403014.05,2,18,False,0.059,none
B-002398,T-00607,V-0062,484798.74,9,9,True,0.002,none
B-002399,T-00607,V-0294,474733.35,8,10,False,0.128,none
B-002400,T-00608,V-0068,8328849.79,1,11,False,0.109,none
B-002401,T-00608,V-0330,7117457.11,0,17,False,0.009,none
B-002402,T-00608,V-0443,7238453.25,8,13,True,0.124,none
B-002403,T-00608,V-0161,8304233.4,1,16,False,0.108,none
B-002404,T-00609,V-0046,5959326.55,0,9,True,0.859,bid_rigging
B-002405,T-00609,V-0250,6620805.28,1,8,False,0.899,bid_rigging
B-002406,T-00609,V-0264,6673825.77,1,8,False,0.878,bid_rigging
B-002407,T-00610,V-0205,1348335.4,0,8,False,0.094,none
B-002408,T-00610,V-0290,1372343.44,8,13,False,0.146,none
B-002409,T-00610,V-0125,1406667.02,6,9,False,0.055,none
B-002410,T-00610,V-0107,1490775.95,4,15,False,0.1,none
B-002411,T-00610,V-0180,1436881.04,1,18,True,0.05,none
B-002412,T-00610,V-0123,1309117.83,6,14,False,0.036,none
B-002413,T-00611,V-0182,3825279.24,1,14,True,0.044,none
B-002414,T-00611,V-0177,3807453.65,6,18,False,0.092,none
B-002415,T-00611,V-0404,3933141.37,10,10,False,0.126,none
B-002416,T-00612,V-0248,1782284.98,8,17,False,0.063,none
B-002417,T-00612,V-0093,1781488.55,10,14,True,0.061,none
B-002418,T-00612,V-0233,1552691.21,5,11,False,0.044,none
B-002419,T-00612,V-0014,1848821.21,8,9,False,0.057,none
B-002420,T-00612,V-0437,1764217.12,4,12,False,0.01,none
B-002421,T-00613,V-0039,7368171.18,5,18,False,0.134,none
B-002422,T-00613,V-0017,6984344.05,5,16,False,0.131,none
B-002423,T-00613,V-0457,7252570.38,10,12,False,0.061,none
B-002424,T-00613,V-0053,6993465.69,4,8,True,0.146,none
B-002425,T-00613,V-0319,7352535.25,1,8,False,0.028,none
B-002426,T-00614,V-0069,1597292.21,0,12,True,0.021,none
B-002427,T-00614,V-0251,1539662.86,6,11,False,0.063,none
B-002428,T-00615,V-0446,1422622.84,7,9,False,0.079,none
B-002429,T-00615,V-0052,1318708.04,9,11,False,0.089,none
B-002430,T-00615,V-0134,1295024.62,3,8,True,0.086,none
B-002431,T-00615,V-0324,1156057.01,9,8,False,0.063,none
B-002432,T-00615,V-0132,1155155.38,6,12,False,0.104,none
B-002433,T-00615,V-0346,1273914.95,10,17,False,0.094,none
B-002434,T-00616,V-0291,380933.9,8,16,True,0.115,none
B-002435,T-00616,V-0088,363721.74,4,17,False,0.076,none
B-002436,T-00617,V-0386,15439987.82,5,16,False,0.112,none
B-002437,T-00617,V-0491,16769835.25,7,10,True,0.127,none
B-002438,T-00617,V-0179,15949293.7,1,15,False,0.04,none
B-002439,T-00617,V-0057,14262314.0,3,8,False,0.096,none
B-002440,T-00618,V-0491,2057211.51,4,8,False,0.03,none
B-002441,T-00618,V-0286,1971039.63,3,17,False,0.076,none
B-002442,T-00618,V-0061,2022890.88,8,9,False,0.076,none
B-002443,T-00618,V-0403,2019670.48,3,16,True,0.07,none
B-002444,T-00618,V-0054,2011713.86,10,13,False,0.144,none
B-002445,T-00618,V-0387,1915099.8,3,11,False,0.032,none
B-002446,T-00619,V-0230,3863783.04,0,17,False,0.002,none
B-002447,T-00619,V-0007,3762638.17,1,13,True,0.029,none
B-002448,T-00619,V-0424,3209238.25,10,14,False,0.145,none
B-002449,T-00619,V-0128,4373213.02,2,16,False,0.019,none
B-002450,T-00619,V-0048,4147959.62,2,13,False,0.04,none
B-002451,T-00620,V-0473,556519.99,10,10,True,0.129,none
B-002452,T-00620,V-0134,570018.28,3,9,False,0.092,none
B-002453,T-00621,V-0230,985128.32,4,9,False,0.003,none
B-002454,T-00621,V-0236,1167427.91,7,17,False,0.126,none
B-002455,T-00621,V-0068,1180242.89,4,9,True,0.085,none
B-002456,T-00621,V-0003,1069580.87,2,12,False,0.056,none
B-002457,T-00622,V-0329,9719347.28,4,9,False,0.143,none
B-002458,T-00622,V-0038,9253305.18,2,10,False,0.113,none
B-002459,T-00622,V-0030,8422575.51,8,15,False,0.004,none
B-002460,T-00622,V-0318,8930735.16,8,15,False,0.023,none
B-002461,T-00622,V-0247,9229482.99,6,12,True,0.13,none
B-002462,T-00622,V-0365,8907261.55,9,14,False,0.031,none
B-002463,T-00623,V-0253,1086468.74,2,10,False,0.043,none
B-002464,T-00623,V-0431,1094874.45,4,18,True,0.101,none
B-002465,T-00624,V-0055,223089.18,0,11,True,0.046,none
B-002466,T-00624,V-0273,224879.96,8,14,False,0.015,none
B-002467,T-00625,V-0243,474896.5,8,14,True,0.067,none
B-002468,T-00625,V-0006,485352.0,10,10,False,0.008,none
B-002469,T-00626,V-0016,2574552.85,3,14,False,0.134,none
B-002470,T-00626,V-0304,2953218.6,6,10,True,0.011,none
B-002471,T-00627,V-0490,17453440.45,7,15,False,0.091,none
B-002472,T-00627,V-0278,21360097.06,0,8,False,0.014,none
B-002473,T-00627,V-0298,21639091.68,3,10,True,0.05,none
B-002474,T-00627,V-0015,19615149.81,9,8,False,0.004,none
B-002475,T-00627,V-0005,16857128.19,7,11,False,0.092,none
B-002476,T-00628,V-0335,2259545.67,1,11,True,0.162,price_inflation
B-002477,T-00628,V-0231,1742297.19,0,16,False,0.142,none
B-002478,T-00629,V-0253,955083.53,4,14,False,0.238,none
B-002479,T-00629,V-0072,1053123.47,1,17,False,0.05,none
B-002480,T-00629,V-0095,1467635.04,1,15,True,0.25,price_inflation
B-002481,T-00629,V-0061,974987.22,4,11,False,0.122,none
B-002482,T-00629,V-0012,1050890.98,2,11,False,0.228,none
B-002483,T-00630,V-0094,34893939.25,10,14,True,0.002,none
B-002484,T-00630,V-0184,35529798.45,5,10,False,0.032,none
B-002485,T-00630,V-0073,33504444.66,9,12,False,0.113,none
B-002486,T-00631,V-0298,1000794.58,7,15,False,0.177,none
B-002487,T-00631,V-0139,949012.45,0,11,True,0.135,ai_generated_doc
B-002488,T-00632,V-0161,525848.84,7,14,False,0.012,none
B-002489,T-00632,V-0048,592442.15,7,17,True,0.123,none
B-002490,T-00632,V-0115,564271.29,8,8,False,0.146,none
B-002491,T-00632,V-0472,512521.61,10,10,False,0.041,none
B-002492,T-00633,V-0299,264683.26,0,10,False,0.016,none
B-002493,T-00633,V-0276,287000.62,9,18,False,0.017,none
B-002494,T-00633,V-0179,288995.27,8,17,False,0.138,none
B-002495,T-00633,V-0057,301460.15,1,10,True,0.121,none
B-002496,T-00634,V-0387,21179532.97,6,12,False,0.072,none
B-002497,T-00634,V-0359,22553942.44,6,16,False,0.101,none
B-002498,T-00634,V-0146,24423118.72,2,11,False,0.07,none
B-002499,T-00634,V-0375,22953078.82,0,8,False,0.075,none
B-002500,T-00634,V-0310,21819235.53,4,12,True,0.068,none
B-002501,T-00635,V-0036,531579.01,0,9,True,0.888,bid_rigging
B-002502,T-00635,V-0058,642817.08,0,8,False,0.907,bid_rigging
B-002503,T-00635,V-0099,577050.75,1,8,False,0.901,bid_rigging
B-002504,T-00635,V-0379,652285.77,0,8,False,0.952,bid_rigging
B-002505,T-00636,V-0276,4350232.04,7,8,False,0.076,none
B-002506,T-00636,V-0137,4304436.97,1,11,False,0.086,none
B-002507,T-00636,V-0261,4710155.79,8,14,True,0.048,none
B-002508,T-00636,V-0223,4233011.18,6,10,False,0.022,none
B-002509,T-00637,V-0033,2310425.74,7,18,False,0.141,none
B-002510,T-00637,V-0085,2311251.81,2,8,False,0.054,none
B-002511,T-00637,V-0102,2234801.8,5,8,True,0.132,none
B-002512,T-00638,V-0031,34581325.89,8,16,True,0.057,none
B-002513,T-00638,V-0010,38414841.91,4,14,False,0.068,none
B-002514,T-00639,V-0002,4805229.03,1,9,False,0.038,none
B-002515,T-00639,V-0001,4967637.97,6,8,False,0.003,none
B-002516,T-00639,V-0264,4668472.45,1,14,False,0.085,none
B-002517,T-00639,V-0266,5176154.55,10,10,False,0.123,none
B-002518,T-00639,V-0292,4569167.34,2,18,True,0.074,none
B-002519,T-00639,V-0393,5318300.02,7,17,False,0.101,none
B-002520,T-00640,V-0372,1786770.02,0,16,False,0.119,none
B-002521,T-00640,V-0235,2048144.82,5,12,False,0.081,none
B-002522,T-00640,V-0378,2053014.52,1,16,False,0.064,none
B-002523,T-00640,V-0366,1900795.32,4,14,True,0.037,none
B-002524,T-00640,V-0316,2046902.13,0,8,False,0.138,none
B-002525,T-00640,V-0022,2149315.71,9,16,False,0.042,none
B-002526,T-00641,V-0060,484242.26,7,9,False,0.139,none
B-002527,T-00641,V-0455,575380.08,8,9,True,0.048,none
B-002528,T-00641,V-0049,474977.82,10,17,False,0.083,none
B-002529,T-00641,V-0370,526170.84,5,12,False,0.049,none
B-002530,T-00641,V-0427,613128.64,2,17,False,0.144,none
B-002531,T-00642,V-0096,30065694.23,10,8,False,0.01,none
B-002532,T-00642,V-0325,28958951.11,3,13,True,0.114,none
B-002533,T-00643,V-0015,2471589.79,9,17,False,0.038,none
B-002534,T-00643,V-0228,2811642.57,9,12,False,0.129,none
B-002535,T-00643,V-0164,2226401.09,6,15,False,0.022,none
B-002536,T-00643,V-0192,2343517.61,0,9,False,0.009,none
B-002537,T-00643,V-0483,2726027.02,2,12,True,0.132,none
B-002538,T-00644,V-0361,22490740.48,8,10,True,0.138,none
B-002539,T-00644,V-0394,20109696.02,10,11,False,0.077,none
B-002540,T-00644,V-0276,18730919.35,9,12,False,0.145,none
B-002541,T-00645,V-0072,3914641.83,5,10,True,0.094,ai_generated_doc
B-002542,T-00645,V-0017,4082449.16,5,18,False,0.194,none
B-002543,T-00645,V-0271,3865756.29,2,11,False,0.069,none
B-002544,T-00645,V-0177,3890314.0,0,12,False,0.017,none
B-002545,T-00645,V-0256,3985065.51,8,10,False,0.11,none
B-002546,T-00646,V-0059,24730771.67,10,13,False,0.052,none
B-002547,T-00646,V-0351,24069877.36,0,12,True,0.1,none
B-002548,T-00646,V-0214,22863167.4,6,9,False,0.133,none
B-002549,T-00646,V-0480,20897427.23,0,15,False,0.09,none
B-002550,T-00646,V-0035,21903625.41,3,8,False,0.04,none
B-002551,T-00646,V-0321,21756880.91,6,8,False,0.008,none
B-002552,T-00647,V-0346,4163195.79,2,11,True,0.197,conflict_of_interest
B-002553,T-00647,V-0073,3820763.96,6,9,False,0.07,none
B-002554,T-00647,V-0234,3819546.36,4,16,False,0.143,none
B-002555,T-00647,V-0044,3752383.39,6,14,False,0.15,none
B-002556,T-00648,V-0159,1187103.03,10,10,False,0.134,none
B-002557,T-00648,V-0195,1265334.08,7,14,False,0.148,none
B-002558,T-00648,V-0371,1225414.75,10,12,True,0.057,none
B-002559,T-00648,V-0023,1088752.73,0,9,False,0.093,none
B-002560,T-00649,V-0187,2808168.28,4,15,True,0.127,none
B-002561,T-00649,V-0255,2642670.36,4,11,False,0.052,none
B-002562,T-00650,V-0251,937703.69,2,13,True,0.114,none
B-002563,T-00650,V-0209,979822.39,10,10,False,0.124,none
B-002564,T-00651,V-0201,1401270.35,6,14,False,0.106,none
B-002565,T-00651,V-0231,1498179.04,6,13,False,0.14,none
B-002566,T-00651,V-0001,1453530.62,6,10,True,0.128,none
B-002567,T-00652,V-0489,1937404.07,6,16,False,0.066,none
B-002568,T-00652,V-0474,2183072.13,4,17,True,0.044,none
B-002569,T-00653,V-0339,241861.32,10,11,True,0.054,none
B-002570,T-00653,V-0081,186981.78,0,14,False,0.146,none
B-002571,T-00654,V-0355,772495.5,4,10,True,0.025,shell_company
B-002572,T-00654,V-0256,799506.63,4,11,False,0.062,none
B-002573,T-00654,V-0289,798721.53,6,14,False,0.11,none
B-002574,T-00655,V-0044,1826803.01,6,12,False,0.091,none
B-002575,T-00655,V-0172,1900693.09,5,10,False,0.054,none
B-002576,T-00655,V-0404,1843864.66,9,10,True,0.003,none
B-002577,T-00656,V-0410,1456753.67,1,9,True,0.101,none
B-002578,T-00656,V-0144,1352374.87,9,15,False,0.116,none
B-002579,T-00656,V-0329,1487195.06,8,16,False,0.012,none
B-002580,T-00656,V-0419,1400112.07,2,15,False,0.037,none
B-002581,T-00657,V-0119,1823009.89,4,16,False,0.131,none
B-002582,T-00657,V-0157,2249210.83,8,10,False,0.109,none
B-002583,T-00657,V-0115,2219466.12,8,16,False,0.042,none
B-002584,T-00657,V-0172,2105285.18,6,16,False,0.003,none
B-002585,T-00657,V-0346,2127626.32,6,14,True,0.039,none
B-002586,T-00658,V-0433,421786.76,2,9,True,0.024,none
B-002587,T-00658,V-0050,401578.77,5,12,False,0.029,none
B-002588,T-00658,V-0418,417737.91,4,9,False,0.12,none
B-002589,T-00658,V-0051,389172.61,2,11,False,0.129,none
B-002590,T-00659,V-0311,157036.53,8,14,True,0.001,conflict_of_interest
B-002591,T-00659,V-0159,146270.81,7,10,False,0.02,none
B-002592,T-00660,V-0197,8527772.69,3,9,False,0.089,none
B-002593,T-00660,V-0027,8057619.97,8,17,False,0.093,none
B-002594,T-00660,V-0029,7997506.62,0,9,False,0.013,none
B-002595,T-00660,V-0103,7303037.19,4,8,False,0.141,none
B-002596,T-00660,V-0083,8041573.52,3,12,False,0.138,none
B-002597,T-00660,V-0031,7510843.1,7,9,True,0.036,none
B-002598,T-00661,V-0382,2550891.17,6,8,False,0.117,none
B-002599,T-00661,V-0050,2522707.13,1,18,False,0.114,none
B-002600,T-00661,V-0301,2482783.28,2,13,False,0.103,none
B-002601,T-00661,V-0421,2990626.73,9,8,False,0.108,none
B-002602,T-00661,V-0238,2864353.27,4,9,True,0.087,none
B-002603,T-00662,V-0420,925880.35,10,9,True,0.012,none
B-002604,T-00662,V-0268,769304.27,7,13,False,0.034,none
B-002605,T-00662,V-0168,833770.01,8,10,False,0.106,none
B-002606,T-00662,V-0444,765786.83,0,15,False,0.138,none
B-002607,T-00662,V-0186,795565.82,8,16,False,0.101,none
B-002608,T-00663,V-0381,3898648.58,0,11,False,0.07,none
B-002609,T-00663,V-0001,4432803.3,6,9,False,0.064,none
B-002610,T-00663,V-0241,4027847.49,8,16,False,0.017,none
B-002611,T-00663,V-0070,4390420.52,9,15,False,0.146,none
B-002612,T-00663,V-0399,4275490.47,2,10,True,0.134,none
B-002613,T-00663,V-0239,4696216.65,10,17,False,0.132,none
B-002614,T-00664,V-0128,1300134.29,3,15,False,0.051,none
B-002615,T-00664,V-0246,1534584.56,3,8,False,0.067,none
B-002616,T-00664,V-0251,1524928.73,6,16,False,0.129,none
B-002617,T-00664,V-0396,1343457.09,0,10,False,0.12,none
B-002618,T-00664,V-0061,1513003.02,8,8,True,0.101,none
B-002619,T-00665,V-0401,38866922.63,0,10,True,0.098,none
B-002620,T-00665,V-0180,37578534.39,10,12,False,0.029,none
B-002621,T-00665,V-0238,36215081.39,2,11,False,0.131,none
B-002622,T-00665,V-0443,36454704.43,2,10,False,0.146,none
B-002623,T-00666,V-0042,4780013.42,8,13,True,0.169,conflict_of_interest
B-002624,T-00666,V-0309,3930487.62,7,8,False,0.078,none
B-002625,T-00666,V-0343,4039528.26,5,9,False,0.087,none
B-002626,T-00667,V-0295,810662.66,2,9,False,0.048,none
B-002627,T-00667,V-0435,721909.18,1,14,True,0.134,none
B-002628,T-00667,V-0468,755755.83,2,14,False,0.011,none
B-002629,T-00668,V-0111,2099780.79,0,18,False,0.078,none
B-002630,T-00668,V-0101,2101241.82,4,10,True,0.042,none
B-002631,T-00669,V-0317,1885252.65,9,10,True,0.043,none
B-002632,T-00669,V-0275,1626973.49,4,16,False,0.01,none
B-002633,T-00670,V-0046,29180714.52,0,8,False,0.891,bid_rigging
B-002634,T-00670,V-0250,27010720.44,0,8,False,0.898,bid_rigging
B-002635,T-00670,V-0264,24216794.94,1,9,True,0.949,bid_rigging
B-002636,T-00671,V-0357,709602.32,3,18,False,0.13,none
B-002637,T-00671,V-0148,729217.96,9,13,True,0.035,none
B-002638,T-00671,V-0206,732595.16,8,9,False,0.014,none
B-002639,T-00671,V-0365,719912.27,5,8,False,0.123,none
B-002640,T-00671,V-0406,745015.24,4,15,False,0.063,none
B-002641,T-00672,V-0251,978500.57,6,9,False,0.048,none
B-002642,T-00672,V-0258,980855.67,3,16,False,0.051,none
B-002643,T-00672,V-0419,883879.91,1,10,True,0.082,none
B-002644,T-00673,V-0464,986868.26,5,17,False,0.149,none
B-002645,T-00673,V-0252,1286726.26,5,12,True,0.046,price_inflation
B-002646,T-00673,V-0168,1080012.94,0,18,False,0.244,none
B-002647,T-00673,V-0413,1021075.89,3,14,False,0.006,none
B-002648,T-00673,V-0050,996098.34,4,14,False,0.228,none
B-002649,T-00674,V-0395,1461838.88,2,8,False,0.054,none
B-002650,T-00674,V-0143,1593805.2,7,9,False,0.004,none
B-002651,T-00674,V-0216,1567025.37,3,8,False,0.124,none
B-002652,T-00674,V-0236,1364691.97,7,9,True,0.054,none
B-002653,T-00675,V-0272,1537023.98,3,9,True,0.073,none
B-002654,T-00675,V-0328,1326612.54,4,11,False,0.08,none
B-002655,T-00675,V-0385,1509518.46,2,15,False,0.044,none
B-002656,T-00675,V-0117,1676679.63,1,12,False,0.075,none
B-002657,T-00675,V-0246,1419668.84,5,15,False,0.101,none
B-002658,T-00676,V-0288,4488576.3,6,18,False,0.079,none
B-002659,T-00676,V-0088,4941720.12,2,15,True,0.028,none
B-002660,T-00676,V-0170,4287717.87,8,12,False,0.15,none
B-002661,T-00677,V-0128,3800453.52,10,11,False,0.022,none
B-002662,T-00677,V-0069,4091804.94,1,11,False,0.141,none
B-002663,T-00677,V-0005,3800090.68,3,16,False,0.145,none
B-002664,T-00677,V-0228,3894501.88,6,15,True,0.063,none
B-002665,T-00677,V-0334,4126824.24,2,13,False,0.091,none
B-002666,T-00678,V-0220,3195977.62,6,18,True,0.104,none
B-002667,T-00678,V-0369,3167039.18,4,16,False,0.138,none
B-002668,T-00678,V-0258,3053711.19,8,14,False,0.089,none
B-002669,T-00678,V-0427,3186348.48,3,10,False,0.009,none
B-002670,T-00678,V-0243,3093995.12,5,13,False,0.117,none
B-002671,T-00678,V-0310,3202759.18,4,8,False,0.052,none
B-002672,T-00679,V-0036,993460.98,1,9,False,0.906,bid_rigging
B-002673,T-00679,V-0058,836392.21,0,9,True,0.875,bid_rigging
B-002674,T-00679,V-0099,982430.01,1,9,False,0.909,bid_rigging
B-002675,T-00679,V-0379,992760.58,1,9,False,0.942,bid_rigging
B-002676,T-00680,V-0223,373007.87,0,11,False,0.125,none
B-002677,T-00680,V-0435,380259.68,8,12,False,0.022,none
B-002678,T-00680,V-0039,361634.61,2,15,True,0.032,none
B-002679,T-00681,V-0233,1180204.8,0,10,True,0.026,none
B-002680,T-00681,V-0373,1125139.28,10,10,False,0.072,none
B-002681,T-00681,V-0105,1103634.76,1,9,False,0.125,none
B-002682,T-00682,V-0218,1212276.96,6,10,True,0.009,none
B-002683,T-00682,V-0310,1208987.84,4,10,False,0.093,none
B-002684,T-00682,V-0061,1249823.7,8,13,False,0.017,none
B-002685,T-00682,V-0495,1162870.97,4,16,False,0.061,none
B-002686,T-00682,V-0251,1222977.14,8,11,False,0.005,none
B-002687,T-00683,V-0427,330921.88,3,17,True,0.128,none
B-002688,T-00683,V-0217,328884.09,2,10,False,0.004,none
B-002689,T-00684,V-0492,5990564.63,4,10,True,0.102,none
B-002690,T-00684,V-0291,6359284.94,4,15,False,0.124,none
B-002691,T-00684,V-0406,6440506.67,0,14,False,0.082,none
B-002692,T-00684,V-0281,6305515.12,1,15,False,0.07,none
B-002693,T-00684,V-0007,5513761.31,0,11,False,0.121,none
B-002694,T-00685,V-0228,4676282.02,0,8,True,0.087,price_inflation
B-002695,T-00685,V-0454,2935274.28,2,14,False,0.251,none
B-002696,T-00685,V-0398,2928648.09,4,14,False,0.173,none
B-002697,T-00686,V-0081,2411221.35,3,16,False,0.001,none
B-002698,T-00686,V-0288,2705265.46,3,17,False,0.005,none
B-002699,T-00686,V-0142,2336632.97,6,13,False,0.039,none
B-002700,T-00686,V-0400,2283895.56,2,13,True,0.092,none
B-002701,T-00686,V-0227,2441722.64,9,16,False,0.049,none
B-002702,T-00687,V-0377,1482473.15,7,10,True,0.149,none
B-002703,T-00687,V-0309,1559338.82,7,10,False,0.081,none
B-002704,T-00687,V-0115,1345371.92,1,10,False,0.134,none
B-002705,T-00688,V-0311,4227910.83,4,17,True,0.163,conflict_of_interest
B-002706,T-00688,V-0178,3434513.6,6,14,False,0.091,none
B-002707,T-00689,V-0232,7770342.77,10,12,False,0.053,none
B-002708,T-00689,V-0441,7707387.8,3,17,False,0.073,none
B-002709,T-00689,V-0085,7380206.87,9,18,True,0.088,none
B-002710,T-00690,V-0076,2155965.45,1,9,False,0.948,bid_rigging
B-002711,T-00690,V-0166,2415716.87,0,8,False,0.856,bid_rigging
B-002712,T-00690,V-0355,2158256.13,0,8,False,0.927,bid_rigging
B-002713,T-00690,V-0382,2001123.57,0,9,True,0.951,bid_rigging
B-002714,T-00691,V-0317,1055723.53,8,17,False,0.137,none
B-002715,T-00691,V-0016,1098607.81,9,11,True,0.026,none
B-002716,T-00691,V-0143,1088852.14,2,13,False,0.144,none
B-002717,T-00692,V-0003,3121243.73,5,9,True,0.006,none
B-002718,T-00692,V-0490,3515967.68,5,18,False,0.121,none
B-002719,T-00692,V-0085,3338057.01,5,8,False,0.017,none
B-002720,T-00693,V-0172,3143342.77,10,8,False,0.034,none
B-002721,T-00693,V-0145,3143403.41,6,17,False,0.076,none
B-002722,T-00693,V-0168,3101445.96,8,16,True,0.043,none
B-002723,T-00694,V-0099,3113437.05,4,11,False,0.059,none
B-002724,T-00694,V-0386,2891078.79,2,17,True,0.064,none
B-002725,T-00694,V-0397,2710492.04,0,16,False,0.004,none
B-002726,T-00694,V-0125,2837066.05,9,16,False,0.15,none
B-002727,T-00694,V-0098,2936827.94,3,9,False,0.019,none
B-002728,T-00694,V-0448,3119976.08,4,12,False,0.014,none
B-002729,T-00695,V-0227,972667.86,9,14,False,0.047,none
B-002730,T-00695,V-0399,890796.48,9,17,True,0.092,none
B-002731,T-00696,V-0073,5656643.08,6,11,False,0.011,none
B-002732,T-00696,V-0124,5000827.13,7,12,True,0.088,none
B-002733,T-00697,V-0464,1375059.26,2,17,False,0.116,none
B-002734,T-00697,V-0007,1265687.52,4,18,True,0.014,none
B-002735,T-00698,V-0175,1244329.07,2,14,False,0.067,none
B-002736,T-00698,V-0318,1266474.43,3,9,True,0.072,none
B-002737,T-00698,V-0407,1293873.22,3,14,False,0.019,none
B-002738,T-00698,V-0050,1282238.3,6,12,False,0.071,none
B-002739,T-00698,V-0300,1268842.16,2,18,False,0.128,none
B-002740,T-00699,V-0128,1099072.82,0,17,False,0.064,none
B-002741,T-00699,V-0196,1081821.44,7,11,True,0.004,none
B-002742,T-00699,V-0052,1142607.64,9,17,False,0.024,none
B-002743,T-00699,V-0459,1182971.68,8,12,False,0.047,none
B-002744,T-00699,V-0463,1105281.21,2,12,False,0.009,none
B-002745,T-00700,V-0032,3240789.66,5,13,True,0.001,none
B-002746,T-00700,V-0181,3311601.66,1,12,False,0.031,none
B-002747,T-00701,V-0297,842131.61,4,11,True,0.1,none
B-002748,T-00701,V-0327,846376.94,0,16,False,0.128,none
B-002749,T-00702,V-0236,723209.64,5,12,False,0.129,none
B-002750,T-00702,V-0326,742814.1,2,9,True,0.075,none
B-002751,T-00702,V-0071,706396.95,3,12,False,0.094,none
B-002752,T-00702,V-0133,788526.56,10,13,False,0.105,none
B-002753,T-00702,V-0238,747910.27,8,9,False,0.089,none
B-002754,T-00702,V-0309,731078.86,0,12,False,0.116,none
B-002755,T-00703,V-0220,6448503.33,9,11,False,0.144,none
B-002756,T-00703,V-0252,6499349.44,3,10,True,0.088,none
B-002757,T-00704,V-0181,1732486.59,2,13,True,0.07,none
B-002758,T-00704,V-0048,1485754.35,8,18,False,0.043,none
B-002759,T-00704,V-0183,1807277.73,6,12,False,0.009,none
B-002760,T-00704,V-0446,1687592.88,8,13,False,0.095,none
B-002761,T-00704,V-0316,2035287.42,5,16,False,0.08,none
B-002762,T-00705,V-0087,935452.58,7,10,False,0.061,none
B-002763,T-00705,V-0498,812726.13,2,8,False,0.111,none
B-002764,T-00705,V-0396,816429.17,4,14,False,0.072,none
B-002765,T-00705,V-0164,870754.08,10,17,False,0.117,none
B-002766,T-00705,V-0358,905638.54,5,12,False,0.139,none
B-002767,T-00705,V-0223,740916.3,10,13,True,0.111,none
B-002768,T-00706,V-0086,3424174.12,1,16,False,0.055,none
B-002769,T-00706,V-0284,3813304.48,6,10,False,0.227,none
B-002770,T-00706,V-0081,5745150.83,7,10,True,0.166,price_inflation
B-002771,T-00706,V-0088,3521403.68,4,10,False,0.194,none
B-002772,T-00706,V-0093,3468456.97,2,10,False,0.074,none
B-002773,T-00707,V-0291,1710404.22,0,17,True,0.105,none
B-002774,T-00707,V-0293,1844238.51,6,14,False,0.026,none
B-002775,T-00707,V-0089,1982720.2,7,8,False,0.02,none
B-002776,T-00707,V-0304,1972850.62,6,8,False,0.039,none
B-002777,T-00708,V-0423,7383731.67,6,11,False,0.028,none
B-002778,T-00708,V-0429,6438945.02,7,12,False,0.097,none
B-002779,T-00708,V-0026,5974165.11,0,11,True,0.092,none
B-002780,T-00708,V-0492,7295576.5,0,9,False,0.086,none
B-002781,T-00709,V-0275,1162985.6,2,12,True,0.125,none
B-002782,T-00709,V-0317,1075584.99,1,9,False,0.142,none
B-002783,T-00709,V-0090,1234450.04,3,14,False,0.128,none
B-002784,T-00710,V-0494,17521797.77,7,18,False,0.006,none
B-002785,T-00710,V-0010,16603317.29,6,12,False,0.06,none
B-002786,T-00710,V-0477,16266334.5,10,14,False,0.125,none
B-002787,T-00710,V-0270,16565879.82,0,15,True,0.146,none
B-002788,T-00710,V-0073,16353909.78,2,14,False,0.042,none
B-002789,T-00711,V-0005,21077728.18,7,10,False,0.03,none
B-002790,T-00711,V-0007,21949211.77,6,9,True,0.067,none
B-002791,T-00711,V-0293,23649837.67,6,18,False,0.022,none
B-002792,T-00711,V-0166,23375195.21,3,18,False,0.017,none
B-002793,T-00712,V-0402,177906.83,10,17,True,0.039,none
B-002794,T-00712,V-0210,165614.22,1,14,False,0.045,none
B-002795,T-00712,V-0058,174212.7,3,9,False,0.058,none
B-002796,T-00713,V-0059,2207738.26,2,15,False,0.07,none
B-002797,T-00713,V-0468,2566645.27,6,16,False,0.054,none
B-002798,T-00713,V-0383,2757162.17,6,8,False,0.063,none
B-002799,T-00713,V-0100,2314842.09,3,12,True,0.091,none
B-002800,T-00714,V-0419,1680448.8,1,15,False,0.049,none
B-002801,T-00714,V-0142,1776070.56,5,9,True,0.077,none
B-002802,T-00715,V-0427,7777881.45,9,17,False,0.085,none
B-002803,T-00715,V-0433,7039540.96,2,12,True,0.105,none
B-002804,T-00716,V-0036,6755019.18,1,8,False,0.95,bid_rigging
B-002805,T-00716,V-0058,6042670.34,1,9,True,0.906,bid_rigging
B-002806,T-00716,V-0099,6818819.68,0,9,False,0.924,bid_rigging
B-002807,T-00716,V-0379,6924230.56,0,8,False,0.897,bid_rigging
B-002808,T-00717,V-0189,2473034.73,6,16,False,0.085,none
B-002809,T-00717,V-0381,2275390.18,4,15,True,0.026,none
B-002810,T-00717,V-0115,2596217.02,8,14,False,0.11,none
B-002811,T-00717,V-0193,2896341.84,4,9,False,0.098,none
B-002812,T-00717,V-0431,2623142.01,0,17,False,0.051,none
B-002813,T-00717,V-0389,2576754.47,8,13,False,0.094,none
B-002814,T-00718,V-0089,705134.72,3,13,False,0.117,none
B-002815,T-00718,V-0046,691306.0,9,8,False,0.125,none
B-002816,T-00718,V-0200,658021.42,0,17,True,0.117,none
B-002817,T-00718,V-0371,725937.42,7,16,False,0.012,none
B-002818,T-00719,V-0156,10507389.33,1,12,False,0.033,none
B-002819,T-00719,V-0250,10377917.42,8,16,True,0.039,none
B-002820,T-00720,V-0202,16380032.93,1,16,False,0.113,none
B-002821,T-00720,V-0372,18758932.64,10,13,True,0.132,none
B-002822,T-00721,V-0434,587978.63,3,14,False,0.083,none
B-002823,T-00721,V-0239,546669.91,1,13,False,0.099,none
B-002824,T-00721,V-0067,599415.73,1,16,False,0.056,none
B-002825,T-00721,V-0347,548547.7,8,17,True,0.086,none
B-002826,T-00721,V-0448,538898.12,0,10,False,0.068,none
B-002827,T-00722,V-0295,20452186.81,8,12,True,0.05,none
B-002828,T-00722,V-0431,19151835.88,7,18,False,0.126,none
B-002829,T-00722,V-0056,22035245.88,8,14,False,0.003,none
B-002830,T-00723,V-0210,11468021.52,5,8,True,0.034,none
B-002831,T-00723,V-0385,11933916.06,3,15,False,0.04,none
B-002832,T-00723,V-0451,11279064.29,6,17,False,0.076,none
B-002833,T-00723,V-0219,12816983.83,3,8,False,0.059,none
B-002834,T-00724,V-0011,1003976.99,1,16,False,0.14,none
B-002835,T-00724,V-0418,993255.66,2,10,True,0.063,none
B-002836,T-00724,V-0207,949739.47,7,17,False,0.096,none
B-002837,T-00725,V-0008,3361286.86,6,13,False,0.033,none
B-002838,T-00725,V-0394,3716323.68,5,18,False,0.09,none
B-002839,T-00725,V-0262,3496151.48,0,14,False,0.071,none
B-002840,T-00725,V-0231,3684214.77,3,17,False,0.062,none
B-002841,T-00725,V-0260,3423544.0,4,18,True,0.122,none
B-002842,T-00725,V-0331,3654864.41,8,17,False,0.13,none
B-002843,T-00726,V-0204,35944788.06,0,18,False,0.096,none
B-002844,T-00726,V-0012,34510368.1,9,10,False,0.021,none
B-002845,T-00726,V-0379,32512936.65,1,15,True,0.009,none
B-002846,T-00726,V-0432,33852344.76,10,16,False,0.063,none
B-002847,T-00726,V-0161,32856480.75,1,16,False,0.13,none
B-002848,T-00727,V-0015,761197.23,1,14,True,0.114,none
B-002849,T-00727,V-0208,745973.27,9,18,False,0.134,none
B-002850,T-00727,V-0200,753335.56,0,15,False,0.029,none
B-002851,T-00727,V-0105,770519.61,9,17,False,0.027,none
B-002852,T-00727,V-0095,715490.43,8,17,False,0.012,none
B-002853,T-00728,V-0476,16219588.49,5,11,False,0.116,none
B-002854,T-00728,V-0081,15833380.94,3,15,False,0.014,none
B-002855,T-00728,V-0251,15613957.49,0,16,False,0.063,none
B-002856,T-00728,V-0061,16010864.95,4,17,True,0.039,none
B-002857,T-00728,V-0287,17437645.55,6,17,False,0.044,none
B-002858,T-00728,V-0078,16347153.34,0,11,False,0.108,none
B-002859,T-00729,V-0497,3005360.42,3,13,False,0.045,none
B-002860,T-00729,V-0452,2921585.93,10,17,False,0.104,none
B-002861,T-00729,V-0044,2571161.4,1,12,True,0.054,none
B-002862,T-00730,V-0230,1779399.01,9,13,True,0.123,none
B-002863,T-00730,V-0013,1795406.23,7,11,False,0.0,none
B-002864,T-00730,V-0194,1610018.93,4,17,False,0.08,none
B-002865,T-00730,V-0306,1755280.36,4,11,False,0.084,none
B-002866,T-00730,V-0091,1624129.95,8,12,False,0.099,none
B-002867,T-00731,V-0357,35595320.68,7,16,True,0.017,none
B-002868,T-00731,V-0075,32703059.89,7,16,False,0.129,none
B-002869,T-00732,V-0094,1518093.77,1,8,False,0.863,bid_rigging
B-002870,T-00732,V-0385,1304345.86,1,8,True,0.967,bid_rigging
B-002871,T-00732,V-0496,1513397.42,0,9,False,0.85,bid_rigging
B-002872,T-00733,V-0058,2472366.41,9,10,True,0.062,none
B-002873,T-00733,V-0243,2706792.58,4,8,False,0.067,none
B-002874,T-00734,V-0015,6164593.04,9,9,True,0.0,bid_suppression
B-002875,T-00735,V-0232,4330622.31,2,16,False,0.025,none
B-002876,T-00735,V-0081,4258907.28,6,16,True,0.026,none
B-002877,T-00736,V-0426,1343171.01,0,18,False,0.128,none
B-002878,T-00736,V-0153,1411197.06,7,10,False,0.077,none
B-002879,T-00736,V-0431,1469251.89,10,17,True,0.145,none
B-002880,T-00736,V-0269,1441995.04,9,10,False,0.096,none
B-002881,T-00737,V-0045,3450623.26,6,17,True,0.103,none
B-002882,T-00737,V-0038,3276011.82,9,14,False,0.129,none
B-002883,T-00737,V-0214,3653209.81,2,15,False,0.061,none
B-002884,T-00737,V-0276,3172373.7,2,8,False,0.084,none
B-002885,T-00738,V-0122,5836413.77,7,8,True,0.095,none
B-002886,T-00738,V-0319,6072647.2,2,14,False,0.029,none
B-002887,T-00739,V-0143,4247958.59,10,18,False,0.028,none
B-002888,T-00739,V-0137,4078652.3,4,13,False,0.15,none
B-002889,T-00739,V-0111,3997948.79,10,15,False,0.135,none
B-002890,T-00739,V-0166,4385492.89,1,10,True,0.002,none
B-002891,T-00740,V-0152,866134.22,3,14,False,0.09,none
B-002892,T-00740,V-0083,891864.83,9,9,True,0.141,none
B-002893,T-00740,V-0336,924397.59,2,11,False,0.069,none
B-002894,T-00741,V-0282,32875804.63,7,14,False,0.123,none
B-002895,T-00741,V-0465,31300559.33,0,11,False,0.092,none
B-002896,T-00741,V-0136,28825712.55,10,15,True,0.0,none
B-002897,T-00742,V-0124,943406.5,0,13,False,0.053,none
B-002898,T-00742,V-0192,925871.41,6,12,False,0.075,none
B-002899,T-00742,V-0162,920365.11,1,16,True,0.122,none
B-002900,T-00742,V-0068,1017765.17,5,12,False,0.102,none
B-002901,T-00743,V-0423,1218022.8,8,10,False,0.018,none
B-002902,T-00743,V-0359,1455379.08,9,15,False,0.15,none
B-002903,T-00743,V-0139,1393219.3,3,16,False,0.055,none
B-002904,T-00743,V-0430,1414134.19,6,14,False,0.023,none
B-002905,T-00743,V-0449,1290396.06,3,10,True,0.035,none
B-002906,T-00744,V-0094,6978768.68,1,9,False,0.926,bid_rigging
B-002907,T-00744,V-0385,6242546.43,1,9,False,0.976,bid_rigging
B-002908,T-00744,V-0496,5812080.23,0,8,True,0.947,bid_rigging
B-002909,T-00745,V-0309,337324.69,2,14,True,0.085,none
B-002910,T-00745,V-0268,311117.39,2,8,False,0.058,none
B-002911,T-00745,V-0198,329671.67,6,9,False,0.145,none
B-002912,T-00746,V-0298,1284382.41,9,17,False,0.136,none
B-002913,T-00746,V-0208,1344439.5,9,18,False,0.123,none
B-002914,T-00746,V-0090,1164567.97,9,17,False,0.119,none
B-002915,T-00746,V-0096,1220077.61,8,11,True,0.032,none
B-002916,T-00746,V-0456,1236110.14,8,15,False,0.13,none
B-002917,T-00746,V-0176,1142964.97,6,16,False,0.077,none
B-002918,T-00747,V-0312,935959.55,0,12,False,0.018,none
B-002919,T-00747,V-0095,864624.32,4,16,False,0.026,none
B-002920,T-00747,V-0190,893292.05,8,12,False,0.134,none
B-002921,T-00747,V-0469,879378.0,3,9,True,0.049,none
B-002922,T-00747,V-0399,861080.27,9,16,False,0.112,none
B-002923,T-00748,V-0043,2109553.22,1,12,True,0.045,none
B-002924,T-00748,V-0079,2083143.37,10,18,False,0.105,none
B-002925,T-00748,V-0064,2063358.16,6,10,False,0.126,none
B-002926,T-00748,V-0206,2018202.6,1,12,False,0.111,none
B-002927,T-00748,V-0005,2150905.66,10,11,False,0.128,none
B-002928,T-00748,V-0015,2319837.43,4,17,False,0.011,none
B-002929,T-00749,V-0104,3102452.59,5,10,False,0.135,none
B-002930,T-00749,V-0264,3260510.93,8,15,True,0.02,none
B-002931,T-00750,V-0222,999487.72,2,18,False,0.141,none
B-002932,T-00750,V-0329,1100767.2,2,12,False,0.136,none
B-002933,T-00750,V-0167,1018648.18,5,17,True,0.145,none
B-002934,T-00750,V-0426,993815.03,10,10,False,0.008,none
B-002935,T-00750,V-0343,1042070.74,2,11,False,0.051,none
B-002936,T-00750,V-0196,1168427.46,3,8,False,0.086,none
B-002937,T-00751,V-0219,1306508.33,4,16,False,0.136,none
B-002938,T-00751,V-0311,1254074.17,6,10,False,0.137,none
B-002939,T-00751,V-0482,1122382.31,9,16,False,0.138,none
B-002940,T-00751,V-0409,1221495.39,0,18,False,0.148,none
B-002941,T-00751,V-0052,1258427.2,5,14,True,0.08,none
B-002942,T-00752,V-0242,3431446.96,3,18,False,0.14,none
B-002943,T-00752,V-0337,3020026.72,7,17,True,0.061,none
B-002944,T-00753,V-0355,823404.22,2,18,True,0.183,shell_company
B-002945,T-00753,V-0292,855870.96,4,8,False,0.062,none
B-002946,T-00753,V-0170,876370.12,4,15,False,0.052,none
B-002947,T-00754,V-0115,106143.11,7,18,False,0.093,none
B-002948,T-00754,V-0493,111702.05,6,9,True,0.002,none
B-002949,T-00754,V-0037,115741.32,7,15,False,0.074,none
B-002950,T-00754,V-0336,97357.63,10,10,False,0.011,none
B-002951,T-00755,V-0031,12781892.64,0,10,False,0.104,none
B-002952,T-00755,V-0115,13018232.74,9,17,True,0.09,none
B-002953,T-00755,V-0214,13565428.47,1,17,False,0.03,none
B-002954,T-00755,V-0044,13444030.5,7,11,False,0.031,none
B-002955,T-00756,V-0046,20808353.3,1,9,False,0.96,bid_rigging
B-002956,T-00756,V-0250,17289505.64,0,9,True,0.914,bid_rigging
B-002957,T-00756,V-0264,18619039.6,1,8,False,0.951,bid_rigging
B-002958,T-00756,V-0449,19386363.55,0,8,False,0.94,bid_rigging
B-002959,T-00757,V-0039,1524197.82,7,18,True,0.005,none
B-002960,T-00757,V-0398,1402034.66,8,13,False,0.013,none
B-002961,T-00757,V-0387,1304122.79,3,18,False,0.025,none
B-002962,T-00757,V-0311,1437988.56,8,17,False,0.052,none
B-002963,T-00758,V-0098,27571995.39,8,13,True,0.076,none
B-002964,T-00758,V-0497,28183448.37,5,13,False,0.082,none
B-002965,T-00758,V-0130,27117750.66,1,9,False,0.048,none
B-002966,T-00758,V-0018,26678915.34,7,12,False,0.041,none
B-002967,T-00758,V-0309,26601354.93,9,14,False,0.1,none
B-002968,T-00759,V-0471,412476.93,10,15,True,0.123,none
B-002969,T-00759,V-0203,423385.27,0,8,False,0.043,none
B-002970,T-00760,V-0367,5700775.38,4,9,False,0.081,none
B-002971,T-00760,V-0159,4888792.6,0,11,True,0.091,none
B-002972,T-00761,V-0076,1235063.98,3,17,False,0.057,none
B-002973,T-00761,V-0091,1104216.53,2,8,False,0.036,none
B-002974,T-00761,V-0041,1215516.2,5,16,False,0.083,none
B-002975,T-00761,V-0411,1030930.14,10,12,False,0.094,none
B-002976,T-00761,V-0276,1165554.93,0,18,False,0.067,none
B-002977,T-00761,V-0012,1076197.26,8,8,True,0.023,none
B-002978,T-00762,V-0357,5769430.13,6,17,False,0.031,none
B-002979,T-00762,V-0173,6387478.47,3,11,False,0.051,none
B-002980,T-00762,V-0046,6686681.18,6,10,True,0.03,none
B-002981,T-00762,V-0497,5985177.85,3,17,False,0.148,none
B-002982,T-00762,V-0461,5737748.93,4,12,False,0.128,none
B-002983,T-00762,V-0195,6270065.72,8,16,False,0.135,none
B-002984,T-00763,V-0249,771766.61,8,15,False,0.149,none
B-002985,T-00763,V-0021,801361.13,0,17,False,0.025,none
B-002986,T-00763,V-0258,820040.56,10,9,False,0.09,none
B-002987,T-00763,V-0368,773070.95,9,9,False,0.081,none
B-002988,T-00763,V-0494,862210.8,10,12,True,0.13,none
B-002989,T-00764,V-0348,29547474.24,6,9,True,0.029,price_inflation
B-002990,T-00764,V-0438,19853534.35,8,13,False,0.168,none
B-002991,T-00764,V-0466,19292344.01,6,11,False,0.056,none
B-002992,T-00765,V-0311,2932972.92,2,10,True,0.004,conflict_of_interest
B-002993,T-00765,V-0151,2310709.22,7,18,False,0.001,none
B-002994,T-00766,V-0186,7818837.21,0,16,False,0.102,none
B-002995,T-00766,V-0364,7554676.8,10,10,False,0.138,none
B-002996,T-00766,V-0142,6969040.18,3,9,False,0.067,none
B-002997,T-00766,V-0151,7593452.73,1,12,True,0.059,none
B-002998,T-00767,V-0373,590168.49,7,14,False,0.299,none
B-002999,T-00767,V-0124,529256.2,6,10,False,0.074,none
B-003000,T-00767,V-0295,575984.59,6,8,False,0.109,none
B-003001,T-00767,V-0139,868602.02,2,14,True,0.022,price_inflation
B-003002,T-00768,V-0066,5066817.36,8,15,False,0.001,none
B-003003,T-00768,V-0191,5469143.61,6,16,True,0.06,none
B-003004,T-00769,V-0201,1922767.74,6,14,True,0.036,none
B-003005,T-00769,V-0121,1738467.8,0,13,False,0.007,none
B-003006,T-00770,V-0331,757430.07,4,8,False,0.094,none
B-003007,T-00770,V-0324,779888.0,9,9,True,0.002,none
B-003008,T-00771,V-0303,4120032.04,0,11,True,0.096,none
B-003009,T-00771,V-0060,3974990.15,2,13,False,0.02,none
B-003010,T-00772,V-0080,18308568.93,5,17,False,0.07,none
B-003011,T-00772,V-0352,17572381.01,9,13,False,0.035,none
B-003012,T-00772,V-0102,17917200.63,1,17,False,0.097,none
B-003013,T-00772,V-0392,18821931.51,2,14,True,0.006,none
B-003014,T-00773,V-0220,756585.16,7,12,False,0.099,none
B-003015,T-00773,V-0022,805103.77,4,12,False,0.147,none
B-003016,T-00773,V-0068,784226.26,9,10,True,0.007,none
B-003017,T-00773,V-0441,841053.05,4,16,False,0.144,none
B-003018,T-00773,V-0495,883045.41,4,12,False,0.139,none
B-003019,T-00773,V-0237,792890.22,3,16,False,0.014,none
B-003020,T-00774,V-0061,1270712.32,5,16,False,0.032,none
B-003021,T-00774,V-0367,1446777.84,4,13,False,0.06,none
B-003022,T-00774,V-0280,1564775.43,6,10,False,0.13,none
B-003023,T-00774,V-0304,1531322.27,9,18,False,0.056,none
B-003024,T-00774,V-0199,1521580.9,1,15,False,0.092,none
B-003025,T-00774,V-0178,1458547.16,0,13,True,0.105,none
B-003026,T-00775,V-0496,3963368.82,6,10,True,0.046,none
B-003027,T-00775,V-0415,4425530.26,6,8,False,0.067,none
B-003028,T-00775,V-0209,4077922.09,4,15,False,0.13,none
B-003029,T-00776,V-0461,524851.65,1,13,False,0.101,none
B-003030,T-00776,V-0471,499251.63,5,11,True,0.136,ai_generated_doc
B-003031,T-00776,V-0207,502444.58,3,18,False,0.145,none
B-003032,T-00776,V-0008,571775.07,6,15,False,0.162,none
B-003033,T-00776,V-0067,521924.98,0,13,False,0.105,none
B-003034,T-00777,V-0066,1011321.4,3,11,True,0.089,none
B-003035,T-00777,V-0091,924754.21,4,15,False,0.085,none
B-003036,T-00777,V-0130,862996.07,0,14,False,0.145,none
B-003037,T-00777,V-0154,861347.07,5,11,False,0.015,none
B-003038,T-00778,V-0298,2946774.25,9,9,True,0.114,none
B-003039,T-00778,V-0027,2920716.58,8,18,False,0.086,none
B-003040,T-00778,V-0163,3161870.32,6,14,False,0.145,none
B-003041,T-00778,V-0370,2996443.96,4,14,False,0.087,none
B-003042,T-00778,V-0235,2833216.9,6,13,False,0.058,none
B-003043,T-00779,V-0346,2936915.56,7,12,True,0.125,conflict_of_interest
B-003044,T-00779,V-0452,2724724.43,6,16,False,0.191,none
B-003045,T-00780,V-0025,467151.16,7,9,False,0.081,none
B-003046,T-00780,V-0395,420803.03,3,8,False,0.121,none
B-003047,T-00780,V-0095,438916.3,1,17,False,0.028,none
B-003048,T-00780,V-0496,404250.44,0,17,True,0.054,none
B-003049,T-00780,V-0124,428702.73,7,11,False,0.033,none
B-003050,T-00781,V-0353,5346461.79,7,11,False,0.118,none
B-003051,T-00781,V-0361,4653421.96,2,11,False,0.085,none
B-003052,T-00781,V-0309,5883119.43,6,12,True,0.039,none
B-003053,T-00782,V-0471,42012114.34,7,14,False,0.093,none
B-003054,T-00782,V-0068,38063320.6,9,18,False,0.028,none
B-003055,T-00782,V-0164,36413760.31,2,15,False,0.071,none
B-003056,T-00782,V-0122,39805720.29,3,17,True,0.14,none
B-003057,T-00782,V-0390,39195414.85,2,11,False,0.108,none
B-003058,T-00782,V-0083,39824687.84,5,18,False,0.021,none
B-003059,T-00783,V-0011,5109204.66,0,9,False,0.085,none
B-003060,T-00783,V-0294,4745524.34,2,16,True,0.056,ai_generated_doc
B-003061,T-00783,V-0048,4708709.08,4,15,False,0.132,none
B-003062,T-00784,V-0076,3841989.23,5,13,False,0.129,none
B-003063,T-00784,V-0455,3913700.97,5,12,False,0.104,none
B-003064,T-00784,V-0311,4128169.36,2,14,False,0.009,none
B-003065,T-00784,V-0004,3927799.36,7,13,True,0.065,none
B-003066,T-00784,V-0409,3559112.59,9,17,False,0.01,none
B-003067,T-00784,V-0344,4108856.49,8,11,False,0.019,none
B-003068,T-00785,V-0094,236361.52,1,8,True,0.969,bid_rigging
B-003069,T-00785,V-0385,272561.82,1,9,False,0.878,bid_rigging
B-003070,T-00785,V-0496,288802.93,1,8,False,0.974,bid_rigging
B-003071,T-00786,V-0373,4217627.8,0,11,False,0.084,none
B-003072,T-00786,V-0244,4565833.54,0,11,False,0.057,none
B-003073,T-00786,V-0014,3580833.01,0,13,False,0.092,none
B-003074,T-00786,V-0473,3895618.45,2,17,True,0.076,none
B-003075,T-00787,V-0043,257126.04,4,8,False,0.02,none
B-003076,T-00787,V-0372,303585.48,7,12,False,0.003,none
B-003077,T-00787,V-0421,284168.68,10,14,False,0.071,none
B-003078,T-00787,V-0019,327743.82,5,16,True,0.025,none
B-003079,T-00788,V-0190,78264.37,6,10,True,0.002,none
B-003080,T-00788,V-0291,73760.35,0,11,False,0.106,none
B-003081,T-00788,V-0474,79758.29,3,16,False,0.099,none
B-003082,T-00789,V-0452,12602553.09,1,12,False,0.086,none
B-003083,T-00789,V-0489,14941504.95,4,13,False,0.089,none
B-003084,T-00789,V-0407,12525695.46,10,17,False,0.031,none
B-003085,T-00789,V-0134,14321600.13,8,11,True,0.147,none
B-003086,T-00789,V-0484,12514776.32,9,18,False,0.073,none
B-003087,T-00790,V-0362,12482842.37,9,16,False,0.064,none
B-003088,T-00790,V-0142,13982396.04,9,17,False,0.133,none
B-003089,T-00790,V-0431,13002843.96,5,8,True,0.13,none
B-003090,T-00790,V-0306,12068032.96,9,18,False,0.031,none
B-003091,T-00790,V-0404,12703608.14,6,14,False,0.044,none
B-003092,T-00790,V-0039,12741195.09,2,10,False,0.112,none
B-003093,T-00791,V-0457,4008493.14,2,16,True,0.088,none
B-003094,T-00791,V-0195,3578278.42,8,18,False,0.011,none
B-003095,T-00791,V-0051,4036543.67,1,13,False,0.092,none
B-003096,T-00791,V-0066,3265459.7,8,13,False,0.034,none
B-003097,T-00792,V-0076,4269351.54,0,8,False,0.968,bid_rigging
B-003098,T-00792,V-0166,4310884.03,1,9,False,0.889,bid_rigging
B-003099,T-00792,V-0355,3657568.04,0,9,True,0.902,bid_rigging
B-003100,T-00793,V-0356,18228339.42,8,10,False,0.136,none
B-003101,T-00793,V-0251,18389302.39,2,11,False,0.068,none
B-003102,T-00793,V-0032,19664178.95,10,16,False,0.097,none
B-003103,T-00793,V-0433,18970026.38,0,13,False,0.099,none
B-003104,T-00793,V-0262,17346658.11,4,9,True,0.058,none
B-003105,T-00793,V-0396,17824702.36,0,14,False,0.105,none
B-003106,T-00794,V-0357,1771585.94,10,13,False,0.06,none
B-003107,T-00794,V-0370,1742410.53,7,17,False,0.09,none
B-003108,T-00794,V-0130,1689883.09,4,14,True,0.004,none
B-003109,T-00795,V-0219,7747697.21,3,18,False,0.081,none
B-003110,T-00795,V-0351,8311094.44,0,17,False,0.129,none
B-003111,T-00795,V-0227,7730053.96,7,10,False,0.03,none
B-003112,T-00795,V-0319,7935691.88,1,8,True,0.126,none
B-003113,T-00795,V-0137,9016545.49,0,17,False,0.132,none
B-003114,T-00795,V-0290,7296382.32,6,9,False,0.058,none
B-003115,T-00796,V-0228,2762564.42,7,18,True,0.101,conflict_of_interest
B-003116,T-00796,V-0165,2453759.64,5,15,False,0.133,none
B-003117,T-00796,V-0182,2309471.49,6,13,False,0.066,none
B-003118,T-00797,V-0180,851231.95,6,12,False,0.001,none
B-003119,T-00797,V-0051,1002658.94,0,14,False,0.079,none
B-003120,T-00797,V-0494,918641.79,5,16,False,0.118,none
B-003121,T-00797,V-0088,939350.02,6,16,True,0.128,none
B-003122,T-00797,V-0130,912751.57,4,18,False,0.009,none
B-003123,T-00798,V-0180,311316.74,4,12,False,0.021,none
B-003124,T-00798,V-0130,410573.56,7,12,True,0.001,price_inflation
B-003125,T-00798,V-0166,307434.55,3,11,False,0.159,none
B-003126,T-00798,V-0054,312194.67,6,8,False,0.154,none
B-003127,T-00798,V-0078,282947.78,5,15,False,0.26,none
B-003128,T-00799,V-0010,1585039.29,9,12,True,0.121,none
B-003129,T-00799,V-0490,1764570.17,4,10,False,0.137,none
B-003130,T-00799,V-0125,1687630.4,8,18,False,0.062,none
B-003131,T-00799,V-0209,1693436.08,2,8,False,0.12,none
B-003132,T-00799,V-0099,1473318.87,5,8,False,0.081,none
B-003133,T-00800,V-0015,3917394.89,1,11,False,0.04,none
B-003134,T-00800,V-0311,3491223.45,9,8,True,0.088,none
B-003135,T-00800,V-0397,4003686.56,6,18,False,0.01,none
B-003136,T-00801,V-0248,1524247.62,7,10,False,0.126,none
B-003137,T-00801,V-0444,1486213.0,5,10,False,0.083,none
B-003138,T-00801,V-0432,1422343.52,1,11,False,0.054,none
B-003139,T-00801,V-0470,1439573.48,9,12,False,0.079,none
B-003140,T-00801,V-0420,1381920.43,4,13,True,0.137,none
B-003141,T-00801,V-0458,1459211.85,7,11,False,0.053,none
B-003142,T-00802,V-0153,177239.32,7,18,False,0.096,none
B-003143,T-00802,V-0260,153023.55,3,17,False,0.038,none
B-003144,T-00802,V-0498,172499.08,0,13,True,0.088,none
B-003145,T-00802,V-0007,178932.73,10,16,False,0.007,none
B-003146,T-00802,V-0293,165232.13,10,14,False,0.0,none
B-003147,T-00803,V-0138,3612131.03,3,9,True,0.053,none
B-003148,T-00803,V-0075,4051799.17,8,17,False,0.146,none
B-003149,T-00803,V-0333,3444695.04,2,13,False,0.078,none
B-003150,T-00803,V-0446,3548198.14,9,8,False,0.07,none
B-003151,T-00804,V-0020,3802691.7,7,18,False,0.069,none
B-003152,T-00804,V-0116,4022161.31,4,16,False,0.066,none
B-003153,T-00804,V-0049,4088772.83,5,17,True,0.055,none
B-003154,T-00805,V-0034,1769009.94,10,16,False,0.108,none
B-003155,T-00805,V-0262,1641587.82,3,8,False,0.075,none
B-003156,T-00805,V-0460,1770218.49,2,17,True,0.048,none
B-003157,T-00805,V-0217,1901973.19,10,16,False,0.131,none
B-003158,T-00806,V-0054,1957964.0,10,11,False,0.025,none
B-003159,T-00806,V-0292,2016690.61,6,8,True,0.111,none
B-003160,T-00806,V-0215,1879526.97,5,16,False,0.057,none
B-003161,T-00806,V-0081,1992428.19,9,12,False,0.025,none
B-003162,T-00807,V-0149,1051009.23,3,8,False,0.058,none
B-003163,T-00807,V-0475,974711.93,2,17,False,0.032,none
B-003164,T-00807,V-0264,1053443.76,10,18,False,0.013,none
B-003165,T-00807,V-0107,972182.33,1,16,True,0.138,none
B-003166,T-00807,V-0050,994436.6,1,15,False,0.081,none
B-003167,T-00808,V-0453,3894820.01,4,14,False,0.125,none
B-003168,T-00808,V-0195,3770718.48,0,14,True,0.186,ai_generated_doc
B-003169,T-00808,V-0421,3575758.95,7,10,False,0.044,none
B-003170,T-00809,V-0319,7651788.28,2,11,False,0.071,none
B-003171,T-00809,V-0257,7700776.79,9,8,True,0.005,none
B-003172,T-00809,V-0484,7025989.85,6,13,False,0.124,none
B-003173,T-00809,V-0296,8044300.02,8,18,False,0.096,none
B-003174,T-00809,V-0013,7825505.16,0,18,False,0.133,none
B-003175,T-00810,V-0228,630756.37,10,15,True,0.063,none
B-003176,T-00810,V-0297,597844.98,5,13,False,0.03,none
B-003177,T-00810,V-0165,652878.52,8,9,False,0.148,none
B-003178,T-00810,V-0360,640982.57,8,16,False,0.094,none
B-003179,T-00810,V-0132,663075.5,0,15,False,0.112,none
B-003180,T-00811,V-0180,3800726.09,5,15,True,0.09,none
B-003181,T-00811,V-0298,3417393.21,8,17,False,0.045,none
B-003182,T-00812,V-0390,3283151.71,3,16,False,0.04,none
B-003183,T-00812,V-0364,3299836.97,8,15,False,0.062,none
B-003184,T-00812,V-0321,3489279.07,8,8,False,0.129,none
B-003185,T-00812,V-0199,3220657.94,0,18,False,0.072,none
B-003186,T-00812,V-0085,3700046.42,1,10,True,0.036,none
B-003187,T-00812,V-0207,2975920.73,6,18,False,0.016,none
B-003188,T-00813,V-0425,463266.13,1,16,True,0.176,shell_company
B-003189,T-00813,V-0308,480269.76,2,17,False,0.129,none
B-003190,T-00813,V-0014,479752.14,6,18,False,0.157,none
B-003191,T-00813,V-0323,446139.19,2,8,False,0.13,none
B-003192,T-00814,V-0198,2124502.72,0,9,False,0.007,none
B-003193,T-00814,V-0366,1943048.98,9,10,False,0.033,none
B-003194,T-00814,V-0389,2071137.64,2,17,False,0.083,none
B-003195,T-00814,V-0435,1978987.95,6,16,False,0.091,none
B-003196,T-00814,V-0494,2104222.74,3,11,True,0.041,none
B-003197,T-00815,V-0338,857334.55,3,13,True,0.007,none
B-003198,T-00815,V-0155,819876.78,7,13,False,0.069,none
B-003199,T-00815,V-0311,952544.16,9,14,False,0.129,none
B-003200,T-00815,V-0461,871758.26,3,11,False,0.051,none
B-003201,T-00815,V-0232,889402.78,7,8,False,0.12,none
B-003202,T-00816,V-0392,4824442.53,1,13,True,0.049,none
B-003203,T-00816,V-0087,4213563.65,10,8,False,0.102,none
B-003204,T-00817,V-0346,11121947.72,8,15,True,0.093,none
B-003205,T-00817,V-0463,10358207.89,10,11,False,0.077,none
B-003206,T-00817,V-0016,10653118.77,4,12,False,0.007,none
B-003207,T-00817,V-0183,10784844.1,5,16,False,0.081,none
B-003208,T-00817,V-0065,9771687.32,1,9,False,0.047,none
B-003209,T-00818,V-0486,1165756.07,2,11,True,0.147,none
B-003210,T-00818,V-0026,1322036.41,5,8,False,0.03,none
B-003211,T-00818,V-0333,1287926.11,8,15,False,0.017,none
B-003212,T-00818,V-0470,1218306.45,10,14,False,0.123,none
B-003213,T-00818,V-0359,1240741.56,8,17,False,0.011,none
B-003214,T-00819,V-0094,371043.08,0,8,False,0.933,bid_rigging
B-003215,T-00819,V-0385,384147.74,1,9,False,0.905,bid_rigging
B-003216,T-00819,V-0496,343247.57,1,9,True,0.925,bid_rigging
B-003217,T-00820,V-0419,977352.09,6,12,False,0.122,none
B-003218,T-00820,V-0395,1075898.16,1,14,False,0.033,none
B-003219,T-00820,V-0216,982956.85,2,17,True,0.048,none
B-003220,T-00821,V-0259,9981576.26,9,15,False,0.055,none
B-003221,T-00821,V-0338,10521566.97,2,17,False,0.137,none
B-003222,T-00821,V-0106,9385456.07,10,10,True,0.099,none
B-003223,T-00821,V-0444,10765374.63,3,9,False,0.076,none
B-003224,T-00821,V-0060,8940622.46,8,11,False,0.107,none
B-003225,T-00822,V-0169,3821648.99,4,18,False,0.033,none
B-003226,T-00822,V-0286,3768909.83,3,10,True,0.06,ai_generated_doc
B-003227,T-00823,V-0035,3203622.87,8,11,False,0.087,none
B-003228,T-00823,V-0281,2853023.69,6,8,False,0.142,none
B-003229,T-00823,V-0177,2875782.21,3,12,True,0.044,none
B-003230,T-00823,V-0320,2587343.45,6,15,False,0.106,none
B-003231,T-00824,V-0176,4715056.09,8,12,False,0.098,none
B-003232,T-00824,V-0380,4544911.42,10,15,True,0.04,none
B-003233,T-00825,V-0058,5253816.78,2,10,True,0.012,none
B-003234,T-00825,V-0217,5407690.17,10,9,False,0.061,none
B-003235,T-00825,V-0032,5765960.36,8,9,False,0.097,none
B-003236,T-00825,V-0226,5520531.22,4,9,False,0.034,none
B-003237,T-00825,V-0001,5553270.87,4,12,False,0.1,none
B-003238,T-00825,V-0172,5094205.83,6,8,False,0.106,none
B-003239,T-00826,V-0104,33157690.92,2,17,True,0.122,none
B-003240,T-00826,V-0355,38785831.81,2,16,False,0.061,none
B-003241,T-00826,V-0249,33463419.41,10,18,False,0.15,none
B-003242,T-00826,V-0415,38486480.93,3,8,False,0.122,none
B-003243,T-00826,V-0230,34497139.85,6,18,False,0.052,none
B-003244,T-00826,V-0147,35012486.1,0,17,False,0.109,none
B-003245,T-00827,V-0059,3400985.75,6,14,True,0.068,none
B-003246,T-00827,V-0285,3439627.58,1,17,False,0.112,none
B-003247,T-00827,V-0456,3174500.92,6,14,False,0.065,none
B-003248,T-00828,V-0160,6278085.74,0,10,True,0.238,price_inflation
B-003249,T-00828,V-0382,5012847.24,2,18,False,0.21,none
B-003250,T-00828,V-0201,4580800.59,8,8,False,0.022,none
B-003251,T-00829,V-0497,4155841.98,7,13,False,0.093,none
B-003252,T-00829,V-0216,4240683.14,0,9,False,0.071,none
B-003253,T-00829,V-0283,4341239.23,7,17,False,0.011,none
B-003254,T-00829,V-0113,4482507.15,2,18,True,0.046,none
B-003255,T-00829,V-0456,4256039.36,6,9,False,0.041,none
B-003256,T-00830,V-0036,6716719.8,1,9,True,0.961,bid_rigging
B-003257,T-00830,V-0058,8125676.53,1,9,False,0.868,bid_rigging
B-003258,T-00830,V-0099,8023990.32,0,8,False,0.921,bid_rigging
B-003259,T-00831,V-0194,3324901.22,9,13,False,0.11,none
B-003260,T-00831,V-0111,3520998.41,10,14,False,0.134,none
B-003261,T-00831,V-0034,3279203.0,10,13,True,0.053,none
B-003262,T-00832,V-0248,934944.3,4,9,False,0.045,none
B-003263,T-00832,V-0350,834140.74,0,8,True,0.032,none
B-003264,T-00832,V-0224,772916.24,8,13,False,0.0,none
B-003265,T-00833,V-0175,348207.5,4,12,False,0.139,none
B-003266,T-00833,V-0032,338342.15,4,16,True,0.06,none
B-003267,T-00833,V-0373,329767.99,2,10,False,0.08,none
B-003268,T-00833,V-0369,345250.23,8,11,False,0.086,none
B-003269,T-00834,V-0489,7363743.5,5,12,False,0.057,none
B-003270,T-00834,V-0119,7890621.95,1,13,True,0.103,none
B-003271,T-00834,V-0033,7428712.72,4,17,False,0.124,none
B-003272,T-00835,V-0058,3251235.25,7,17,False,0.165,none
B-003273,T-00835,V-0133,3103195.99,2,8,True,0.058,ai_generated_doc
B-003274,T-00836,V-0124,4594192.6,6,9,False,0.077,none
B-003275,T-00836,V-0225,5095489.87,0,16,False,0.121,none
B-003276,T-00836,V-0253,4747082.47,8,8,False,0.009,none
B-003277,T-00836,V-0333,4961693.52,8,15,True,0.145,none
B-003278,T-00837,V-0298,19819382.21,4,11,True,0.13,price_inflation
B-003279,T-00837,V-0043,12936109.25,2,18,False,0.031,none
B-003280,T-00837,V-0166,13435847.6,7,16,False,0.023,none
B-003281,T-00838,V-0314,798754.72,10,16,False,0.048,none
B-003282,T-00838,V-0343,790247.95,4,10,True,0.05,none
B-003283,T-00839,V-0208,232688.59,2,14,True,0.123,none
B-003284,T-00839,V-0328,231697.6,10,11,False,0.037,none
B-003285,T-00840,V-0190,1442953.63,2,11,False,0.002,none
B-003286,T-00840,V-0482,1379966.32,0,8,True,0.028,none
B-003287,T-00841,V-0490,809029.13,7,14,True,0.0,bid_suppression
B-003288,T-00842,V-0345,998277.51,2,12,True,0.111,none
B-003289,T-00842,V-0167,1092757.56,1,12,False,0.118,none
B-003290,T-00843,V-0094,3962134.26,1,8,True,0.852,bid_rigging
B-003291,T-00843,V-0385,4879879.31,1,9,False,0.966,bid_rigging
B-003292,T-00843,V-0496,4404736.2,0,8,False,0.868,bid_rigging
B-003293,T-00844,V-0016,154602.59,2,10,True,0.133,ai_generated_doc
B-003294,T-00844,V-0163,136960.8,6,10,False,0.131,none
B-003295,T-00845,V-0427,1247987.32,1,11,True,0.051,shell_company
B-003296,T-00845,V-0314,1244506.81,3,17,False,0.02,none
B-003297,T-00845,V-0387,1228329.56,2,13,False,0.036,none
B-003298,T-00845,V-0023,1259282.59,1,11,False,0.032,none
B-003299,T-00846,V-0171,7810956.8,5,10,False,0.032,none
B-003300,T-00846,V-0426,7322810.37,2,16,False,0.06,none
B-003301,T-00846,V-0440,7345621.97,4,17,True,0.066,none
B-003302,T-00846,V-0210,7897097.74,0,10,False,0.04,none
B-003303,T-00847,V-0098,1546356.61,5,11,False,0.066,none
B-003304,T-00847,V-0137,1465831.12,7,18,False,0.101,none
B-003305,T-00847,V-0089,1599793.64,10,11,False,0.042,none
B-003306,T-00847,V-0381,1568435.31,9,16,False,0.096,none
B-003307,T-00847,V-0027,1521712.02,5,10,True,0.093,none
B-003308,T-00848,V-0207,494763.22,2,14,False,0.147,none
B-003309,T-00848,V-0427,514770.74,6,13,False,0.122,none
B-003310,T-00848,V-0396,499746.17,9,9,True,0.04,none
B-003311,T-00848,V-0047,509234.73,6,10,False,0.055,none
B-003312,T-00849,V-0031,3119108.94,7,13,False,0.033,none
B-003313,T-00849,V-0317,2755166.0,6,17,False,0.105,none
B-003314,T-00849,V-0469,2860018.19,2,12,True,0.132,none
B-003315,T-00849,V-0213,2727091.68,4,14,False,0.065,none
B-003316,T-00849,V-0153,2670187.35,5,18,False,0.035,none
B-003317,T-00849,V-0053,2714315.83,3,16,False,0.087,none
B-003318,T-00850,V-0065,2371444.86,8,13,False,0.112,none
B-003319,T-00850,V-0390,2494241.87,2,12,False,0.03,none
B-003320,T-00850,V-0324,2785707.98,6,15,False,0.139,none
B-003321,T-00850,V-0450,2336683.86,2,12,False,0.015,none
B-003322,T-00850,V-0392,2380547.07,7,9,True,0.023,none
B-003323,T-00851,V-0486,4734980.39,5,12,False,0.032,none
B-003324,T-00851,V-0100,4865855.22,10,12,True,0.062,none
B-003325,T-00851,V-0381,4828140.87,5,16,False,0.112,none
B-003326,T-00851,V-0320,5119178.77,3,18,False,0.087,none
B-003327,T-00851,V-0280,4061025.91,6,9,False,0.059,none
B-003328,T-00852,V-0289,2846408.82,9,17,False,0.113,none
B-003329,T-00852,V-0240,3223355.98,8,18,True,0.012,none
B-003330,T-00852,V-0302,3540927.45,1,13,False,0.129,none
B-003331,T-00852,V-0327,3010116.59,10,16,False,0.012,none
B-003332,T-00853,V-0335,16585626.44,0,15,False,0.121,none
B-003333,T-00853,V-0100,20931236.34,7,10,True,0.057,none
B-003334,T-00853,V-0355,20533539.07,7,10,False,0.116,none
B-003335,T-00853,V-0236,18913878.67,0,9,False,0.041,none
B-003336,T-00853,V-0045,19040973.87,9,14,False,0.122,none
B-003337,T-00853,V-0014,19060154.18,8,8,False,0.083,none
B-003338,T-00854,V-0293,5396709.3,6,11,True,0.118,ai_generated_doc
B-003339,T-00854,V-0106,4893970.83,7,14,False,0.037,none
B-003340,T-00854,V-0060,5148289.43,2,17,False,0.198,none
B-003341,T-00854,V-0067,5141197.3,6,12,False,0.069,none
B-003342,T-00855,V-0306,1459601.75,9,17,True,0.095,none
B-003343,T-00855,V-0055,1395496.4,4,8,False,0.032,none
B-003344,T-00855,V-0235,1492968.4,9,12,False,0.076,none
B-003345,T-00856,V-0092,3493598.64,6,12,False,0.085,none
B-003346,T-00856,V-0328,3998913.08,1,17,True,0.061,none
B-003347,T-00857,V-0210,1617062.18,3,13,True,0.033,none
B-003348,T-00857,V-0349,1707559.29,1,8,False,0.016,none
B-003349,T-00858,V-0179,30613090.51,0,9,False,0.06,none
B-003350,T-00858,V-0402,33148693.15,3,17,False,0.09,none
B-003351,T-00858,V-0395,28105204.35,9,8,True,0.114,none
B-003352,T-00859,V-0118,3443526.02,6,15,False,0.197,none
B-003353,T-00859,V-0139,4633560.32,4,16,True,0.238,price_inflation
B-003354,T-00859,V-0497,3478232.03,8,12,False,0.027,none
B-003355,T-00860,V-0442,3079624.31,0,9,False,0.298,none
B-003356,T-00860,V-0222,4642937.44,1,9,True,0.12,price_inflation
B-003357,T-00861,V-0335,779871.5,0,12,True,0.098,none
B-003358,T-00861,V-0363,803803.36,2,8,False,0.023,none
B-003359,T-00861,V-0302,864388.94,8,14,False,0.128,none
B-003360,T-00861,V-0339,755267.07,1,14,False,0.137,none
B-003361,T-00861,V-0336,792889.47,0,9,False,0.131,none
B-003362,T-00861,V-0042,693571.53,9,8,False,0.037,none
B-003363,T-00862,V-0132,1484624.99,4,16,False,0.052,none
B-003364,T-00862,V-0256,1325578.77,0,11,False,0.064,none
B-003365,T-00862,V-0458,1308981.8,0,15,True,0.113,ai_generated_doc
B-003366,T-00863,V-0428,1268160.22,8,14,False,0.009,none
B-003367,T-00863,V-0480,1555710.22,5,15,True,0.015,none
B-003368,T-00863,V-0475,1480166.79,1,15,False,0.017,none
B-003369,T-00863,V-0302,1585359.41,2,9,False,0.087,none
B-003370,T-00863,V-0051,1358648.13,4,8,False,0.149,none
B-003371,T-00864,V-0342,1440800.61,8,18,False,0.013,none
B-003372,T-00864,V-0444,1553884.18,1,9,False,0.02,none
B-003373,T-00864,V-0002,1432400.84,8,15,False,0.128,none
B-003374,T-00864,V-0082,1420402.32,4,13,False,0.021,none
B-003375,T-00864,V-0496,1397932.96,7,9,True,0.116,none
B-003376,T-00865,V-0243,700493.78,4,14,False,0.028,none
B-003377,T-00865,V-0434,836290.84,1,11,False,0.083,none
B-003378,T-00865,V-0261,745042.03,1,8,False,0.138,none
B-003379,T-00865,V-0188,796797.49,7,12,True,0.092,none
B-003380,T-00865,V-0251,700857.92,1,18,False,0.148,none
B-003381,T-00866,V-0400,3093418.07,1,13,True,0.057,conflict_of_interest
B-003382,T-00866,V-0127,2512949.97,3,9,False,0.184,none
B-003383,T-00867,V-0210,5304969.55,10,10,False,0.058,none
B-003384,T-00867,V-0305,6200553.41,6,16,True,0.038,none
B-003385,T-00868,V-0165,14130841.4,7,12,False,0.134,none
B-003386,T-00868,V-0089,15689951.07,0,10,False,0.095,none
B-003387,T-00868,V-0387,14363828.93,4,15,True,0.108,none
B-003388,T-00869,V-0298,212978.46,5,14,False,0.117,none
B-003389,T-00869,V-0277,205574.48,3,8,False,0.009,none
B-003390,T-00869,V-0305,266632.54,5,14,True,0.135,price_inflation
B-003391,T-00869,V-0360,225982.39,6,11,False,0.11,none
B-003392,T-00869,V-0314,220986.22,4,10,False,0.256,none
B-003393,T-00870,V-0233,1401172.56,6,10,False,0.114,none
B-003394,T-00870,V-0079,1659575.05,5,14,True,0.055,none
B-003395,T-00871,V-0243,4134669.5,1,12,True,0.129,none
B-003396,T-00871,V-0011,4466070.38,10,12,False,0.017,none
B-003397,T-00872,V-0260,3113498.51,4,8,False,0.118,none
B-003398,T-00872,V-0331,2820961.6,8,15,True,0.117,none
B-003399,T-00872,V-0489,3139441.51,1,8,False,0.001,none
B-003400,T-00872,V-0492,3518452.56,10,14,False,0.061,none
B-003401,T-00872,V-0215,3200751.64,9,8,False,0.101,none
B-003402,T-00873,V-0248,2193571.18,0,15,True,0.061,none
B-003403,T-00873,V-0069,2343188.21,3,16,False,0.108,none
B-003404,T-00874,V-0392,105855.24,2,10,True,0.035,conflict_of_interest
B-003405,T-00874,V-0117,95519.49,0,16,False,0.056,none
B-003406,T-00875,V-0269,166011.02,9,17,False,0.045,none
B-003407,T-00875,V-0098,165999.87,0,12,False,0.014,none
B-003408,T-00875,V-0183,153201.24,8,12,True,0.068,none
B-003409,T-00876,V-0190,17322775.24,1,11,True,0.052,none
B-003410,T-00876,V-0455,18144398.54,0,13,False,0.029,none
B-003411,T-00876,V-0400,16226133.28,7,10,False,0.025,none
B-003412,T-00877,V-0067,7645179.07,4,9,False,0.096,none
B-003413,T-00877,V-0472,7004444.43,10,13,False,0.143,none
B-003414,T-00877,V-0422,6668034.43,8,8,False,0.09,none
B-003415,T-00877,V-0003,7464789.9,7,16,True,0.036,none
B-003416,T-00877,V-0405,6922001.72,2,16,False,0.003,none
B-003417,T-00877,V-0475,7364163.5,1,8,False,0.134,none
B-003418,T-00878,V-0228,23098243.09,5,10,True,0.157,shell_company
B-003419,T-00878,V-0483,25140599.06,1,18,False,0.053,none
B-003420,T-00878,V-0168,24976309.67,6,15,False,0.058,none
B-003421,T-00878,V-0124,26635945.11,2,16,False,0.007,none
B-003422,T-00879,V-0011,28895024.22,8,18,False,0.213,none
B-003423,T-00879,V-0197,35495716.13,3,15,True,0.167,price_inflation
B-003424,T-00879,V-0113,30059897.66,2,9,False,0.067,none
B-003425,T-00880,V-0128,1189654.14,9,17,False,0.002,none
B-003426,T-00880,V-0476,1206504.28,5,16,False,0.048,none
B-003427,T-00880,V-0469,1246708.37,5,15,False,0.118,none
B-003428,T-00880,V-0462,1231984.68,9,17,True,0.046,none
B-003429,T-00880,V-0122,1065873.25,0,16,False,0.114,none
B-003430,T-00881,V-0427,1232017.3,9,18,False,0.007,none
B-003431,T-00881,V-0214,1394537.21,4,13,True,0.134,none
B-003432,T-00882,V-0219,994985.82,5,14,False,0.069,none
B-003433,T-00882,V-0007,971421.12,3,15,False,0.113,none
B-003434,T-00882,V-0193,921183.43,5,15,False,0.134,none
B-003435,T-00882,V-0034,937962.83,1,14,True,0.048,none
B-003436,T-00882,V-0372,881273.06,7,14,False,0.014,none
B-003437,T-00882,V-0024,996842.61,3,14,False,0.1,none
B-003438,T-00883,V-0071,1121449.9,8,12,True,0.058,price_inflation
B-003439,T-00883,V-0183,806231.48,2,18,False,0.184,none
B-003440,T-00884,V-0154,1262208.37,2,13,False,0.12,none
B-003441,T-00884,V-0235,1233289.04,0,16,False,0.042,none
B-003442,T-00884,V-0396,1303866.17,2,11,False,0.112,none
B-003443,T-00884,V-0428,1337808.47,4,10,True,0.032,none
B-003444,T-00885,V-0140,4820778.31,2,12,False,0.017,none
B-003445,T-00885,V-0040,3894369.81,5,13,True,0.037,none
B-003446,T-00886,V-0055,581000.79,9,8,False,0.058,none
B-003447,T-00886,V-0167,574929.42,7,17,False,0.121,none
B-003448,T-00886,V-0273,517820.51,0,10,True,0.042,none
B-003449,T-00886,V-0173,549837.35,5,15,False,0.009,none
B-003450,T-00886,V-0161,528297.77,3,11,False,0.099,none
B-003451,T-00886,V-0234,549265.43,9,13,False,0.101,none
B-003452,T-00887,V-0476,6136340.11,5,18,True,0.081,none
B-003453,T-00887,V-0113,5831300.66,2,16,False,0.058,none
B-003454,T-00887,V-0434,5798553.17,0,12,False,0.003,none
B-003455,T-00888,V-0222,2189288.48,9,9,False,0.066,none
B-003456,T-00888,V-0200,2047202.61,1,15,False,0.044,none
B-003457,T-00888,V-0094,2219201.24,2,17,False,0.021,none
B-003458,T-00888,V-0463,2410008.22,2,8,False,0.045,none
B-003459,T-00888,V-0451,2041389.56,6,15,True,0.081,none
B-003460,T-00888,V-0353,2105043.99,2,9,False,0.054,none
B-003461,T-00889,V-0460,2819421.92,3,15,False,0.129,none
B-003462,T-00889,V-0207,2632905.42,0,14,False,0.033,none
B-003463,T-00889,V-0195,2665163.0,2,13,True,0.113,none
B-003464,T-00890,V-0429,2877574.39,8,8,True,0.045,none
B-003465,T-00890,V-0118,2710689.09,5,8,False,0.028,none
B-003466,T-00891,V-0048,8647970.46,5,10,True,0.0,bid_suppression
B-003467,T-00892,V-0108,1371621.16,7,17,True,0.073,none
B-003468,T-00892,V-0191,1518248.93,9,8,False,0.0,none
B-003469,T-00892,V-0316,1342493.32,10,8,False,0.028,none
B-003470,T-00893,V-0220,3660175.35,5,14,False,0.107,none
B-003471,T-00893,V-0050,3895263.19,10,12,True,0.105,none
B-003472,T-00893,V-0192,4226085.1,1,16,False,0.111,none
B-003473,T-00893,V-0074,4000462.95,5,17,False,0.046,none
B-003474,T-00894,V-0318,2832545.63,5,11,False,0.021,none
B-003475,T-00894,V-0415,2921521.55,3,9,False,0.144,none
B-003476,T-00894,V-0460,2608571.45,10,18,True,0.07,none
B-003477,T-00894,V-0073,3000253.89,8,9,False,0.043,none
B-003478,T-00894,V-0116,2980800.89,6,12,False,0.066,none
B-003479,T-00894,V-0000,2842208.72,4,11,False,0.067,none
B-003480,T-00895,V-0314,4359291.58,3,18,False,0.092,none
B-003481,T-00895,V-0151,3833041.5,1,9,True,0.101,none
B-003482,T-00896,V-0496,3120552.5,5,10,True,0.099,none
B-003483,T-00896,V-0215,2949849.15,10,14,False,0.01,none
B-003484,T-00896,V-0364,2863736.64,0,17,False,0.024,none
B-003485,T-00896,V-0219,2919271.16,1,18,False,0.048,none
B-003486,T-00896,V-0174,2903945.78,8,8,False,0.061,none
B-003487,T-00897,V-0079,6861353.16,1,14,True,0.144,price_inflation
B-003488,T-00897,V-0067,5557332.66,7,8,False,0.116,none
B-003489,T-00898,V-0104,1223924.01,10,15,False,0.018,none
B-003490,T-00898,V-0171,1066753.17,5,17,True,0.023,none
B-003491,T-00898,V-0125,1088249.73,2,14,False,0.123,none
B-003492,T-00898,V-0069,1211335.09,8,12,False,0.097,none
B-003493,T-00898,V-0077,1099675.72,5,14,False,0.033,none
B-003494,T-00899,V-0146,5197634.04,9,12,True,0.029,none
B-003495,T-00899,V-0433,5434006.65,0,8,False,0.141,none
B-003496,T-00900,V-0395,18725513.95,3,9,False,0.031,none
B-003497,T-00900,V-0465,19972537.51,4,14,True,0.052,none
B-003498,T-00900,V-0125,17859865.4,10,18,False,0.075,none
B-003499,T-00900,V-0291,20057008.45,6,14,False,0.092,none
B-003500,T-00901,V-0328,3119460.82,8,11,True,0.16,conflict_of_interest
B-003501,T-00901,V-0366,2783551.51,5,17,False,0.014,none
B-003502,T-00901,V-0132,2982630.61,3,16,False,0.028,none
B-003503,T-00901,V-0052,2619444.62,4,18,False,0.174,none
B-003504,T-00902,V-0083,13796796.64,2,14,False,0.067,none
B-003505,T-00902,V-0358,14020618.56,3,13,False,0.01,none
B-003506,T-00902,V-0219,13105573.1,2,15,True,0.027,none
B-003507,T-00902,V-0201,12274864.68,4,13,False,0.141,none
B-003508,T-00903,V-0250,6112394.22,10,14,False,0.047,none
B-003509,T-00903,V-0486,5198679.44,6,17,True,0.07,none
B-003510,T-00903,V-0427,5820264.33,6,12,False,0.079,none
B-003511,T-00904,V-0218,269502.53,4,13,False,0.125,none
B-003512,T-00904,V-0081,258034.12,0,12,False,0.061,none
B-003513,T-00904,V-0084,284917.95,2,13,False,0.001,none
B-003514,T-00904,V-0142,270787.1,6,17,False,0.019,none
B-003515,T-00904,V-0416,245088.52,9,14,True,0.049,none
B-003516,T-00904,V-0410,255515.02,8,13,False,0.129,none
B-003517,T-00905,V-0443,4562162.21,6,15,True,0.036,ai_generated_doc
B-003518,T-00905,V-0215,4687076.35,5,8,False,0.123,none
B-003519,T-00906,V-0131,11357549.97,2,9,False,0.02,none
B-003520,T-00906,V-0350,10308670.61,1,12,True,0.066,none
B-003521,T-00906,V-0449,10747258.62,10,13,False,0.135,none
B-003522,T-00907,V-0149,941577.84,8,18,False,0.109,none
B-003523,T-00907,V-0457,855320.04,0,12,True,0.137,none
B-003524,T-00907,V-0252,977137.4,7,17,False,0.07,none
B-003525,T-00908,V-0059,6907932.99,7,8,True,0.031,none
B-003526,T-00908,V-0442,6308839.92,10,17,False,0.079,none
B-003527,T-00908,V-0266,7182811.69,1,12,False,0.068,none
B-003528,T-00908,V-0149,7313946.94,10,10,False,0.116,none
B-003529,T-00909,V-0355,2015027.66,4,13,False,0.01,none
B-003530,T-00909,V-0028,1949293.86,6,15,False,0.06,none
B-003531,T-00909,V-0474,2058493.06,7,8,True,0.059,none
B-003532,T-00910,V-0343,2033898.9,6,11,False,0.001,none
B-003533,T-00910,V-0071,1990186.64,1,10,False,0.132,none
B-003534,T-00910,V-0434,1857459.33,2,8,True,0.123,none
B-003535,T-00911,V-0149,2942128.18,8,11,False,0.031,none
B-003536,T-00911,V-0257,3101687.86,3,14,False,0.127,none
B-003537,T-00911,V-0470,2790495.44,10,17,True,0.057,none
B-003538,T-00911,V-0137,3258396.07,8,10,False,0.141,none
B-003539,T-00911,V-0064,2802823.97,8,17,False,0.061,none
B-003540,T-00911,V-0198,2899724.94,10,9,False,0.105,none
B-003541,T-00912,V-0327,1013030.96,6,17,False,0.02,none
B-003542,T-00912,V-0346,1069765.91,8,13,False,0.138,none
B-003543,T-00912,V-0129,945276.59,4,17,True,0.107,none
B-003544,T-00912,V-0310,1021039.59,0,9,False,0.13,none
B-003545,T-00913,V-0390,20075075.87,0,9,False,0.022,none
B-003546,T-00913,V-0443,19948181.91,6,9,True,0.095,ai_generated_doc
B-003547,T-00913,V-0047,21310798.67,8,18,False,0.012,none
B-003548,T-00913,V-0464,21582231.77,3,16,False,0.147,none
B-003549,T-00914,V-0146,1262981.73,0,12,True,0.009,none
B-003550,T-00914,V-0130,1362519.72,3,9,False,0.052,none
B-003551,T-00915,V-0174,22180350.0,8,18,False,0.098,none
B-003552,T-00915,V-0038,21742747.51,4,16,True,0.097,none
B-003553,T-00915,V-0351,17952902.89,7,12,False,0.069,none
B-003554,T-00915,V-0109,23496044.4,5,16,False,0.007,none
B-003555,T-00915,V-0426,21302275.24,0,17,False,0.096,none
B-003556,T-00915,V-0169,19956242.65,1,14,False,0.077,none
B-003557,T-00916,V-0229,3430920.28,8,12,False,0.005,none
B-003558,T-00916,V-0056,3434807.62,9,8,False,0.023,none
B-003559,T-00916,V-0249,3262884.57,7,18,False,0.015,none
B-003560,T-00916,V-0430,3439238.43,9,16,True,0.104,none
B-003561,T-00917,V-0247,28260649.95,1,9,False,0.055,none
B-003562,T-00917,V-0359,28618079.4,6,14,True,0.147,none
B-003563,T-00917,V-0052,28121967.24,8,14,False,0.017,none
B-003564,T-00918,V-0423,5925640.72,8,11,False,0.1,none
B-003565,T-00918,V-0425,6539640.51,2,14,False,0.01,none
B-003566,T-00918,V-0197,6710580.54,0,13,False,0.13,none
B-003567,T-00918,V-0224,6683190.55,5,16,False,0.031,none
B-003568,T-00918,V-0182,6801844.07,3,12,True,0.053,none
B-003569,T-00919,V-0178,40636394.26,5,11,False,0.055,none
B-003570,T-00919,V-0216,38586600.49,3,11,False,0.087,none
B-003571,T-00919,V-0167,41868863.61,9,16,False,0.024,none
B-003572,T-00919,V-0225,36613993.76,2,14,False,0.06,none
B-003573,T-00919,V-0361,37706605.91,2,9,True,0.07,none
B-003574,T-00919,V-0076,37554668.07,7,13,False,0.084,none
B-003575,T-00920,V-0276,4948111.24,7,17,False,0.261,none
B-003576,T-00920,V-0416,4638204.12,3,8,False,0.045,none
B-003577,T-00920,V-0137,5012281.0,3,10,False,0.27,none
B-003578,T-00920,V-0475,6887738.67,7,14,True,0.129,price_inflation
B-003579,T-00921,V-0130,4210664.03,5,8,False,0.025,none
B-003580,T-00921,V-0162,4178095.34,2,16,False,0.056,none
B-003581,T-00921,V-0035,4070025.41,4,14,True,0.016,none
B-003582,T-00922,V-0239,1954591.33,9,15,False,0.019,none
B-003583,T-00922,V-0418,1739589.92,0,18,False,0.069,none
B-003584,T-00922,V-0097,1874888.08,3,16,False,0.13,none
B-003585,T-00922,V-0481,1822684.07,2,15,False,0.119,none
B-003586,T-00922,V-0468,1929793.63,7,15,True,0.138,none
B-003587,T-00922,V-0003,1823780.47,1,9,False,0.132,none
B-003588,T-00923,V-0163,1012395.26,7,18,False,0.076,none
B-003589,T-00923,V-0065,1069964.56,6,11,False,0.0,none
B-003590,T-00923,V-0354,1090811.02,9,8,True,0.001,none
B-003591,T-00924,V-0037,4553320.23,4,10,True,0.029,none
B-003592,T-00924,V-0024,4726156.65,10,12,False,0.073,none
B-003593,T-00924,V-0423,4442294.24,10,8,False,0.052,none
B-003594,T-00925,V-0240,295102.59,1,18,False,0.087,none
B-003595,T-00925,V-0048,351307.17,10,15,False,0.016,none
B-003596,T-00925,V-0387,359814.24,5,17,False,0.065,none
B-003597,T-00925,V-0316,352590.32,6,14,True,0.115,none
B-003598,T-00925,V-0427,306526.69,6,12,False,0.006,none
B-003599,T-00926,V-0268,1299709.91,0,8,False,0.092,none
B-003600,T-00926,V-0437,1150945.92,5,10,False,0.024,none
B-003601,T-00926,V-0120,1436768.11,4,10,True,0.148,none
B-003602,T-00926,V-0099,1241143.83,6,18,False,0.107,none
B-003603,T-00926,V-0147,1427663.23,3,15,False,0.094,none
B-003604,T-00927,V-0065,3018448.06,1,12,False,0.037,none
B-003605,T-00927,V-0428,2702000.53,9,8,False,0.069,none
B-003606,T-00927,V-0045,2662206.87,5,12,True,0.072,none
B-003607,T-00928,V-0390,3599900.74,7,18,False,0.088,none
B-003608,T-00928,V-0058,3347166.92,1,13,True,0.006,none
B-003609,T-00929,V-0035,1111186.16,6,8,True,0.005,none
B-003610,T-00929,V-0203,1072401.2,0,10,False,0.06,none
B-003611,T-00930,V-0342,4014472.56,5,17,False,0.068,none
B-003612,T-00930,V-0133,3893298.25,8,11,True,0.033,none
B-003613,T-00930,V-0432,4555967.62,4,16,False,0.075,none
B-003614,T-00931,V-0457,2550214.37,9,14,False,0.071,none
B-003615,T-00931,V-0045,2551555.25,1,12,False,0.058,none
B-003616,T-00931,V-0307,2749324.77,8,14,True,0.148,none
B-003617,T-00931,V-0095,2824948.44,6,12,False,0.102,none
B-003618,T-00931,V-0055,2595979.05,3,10,False,0.003,none
B-003619,T-00932,V-0354,9112335.88,5,10,False,0.117,none
B-003620,T-00932,V-0071,9581592.85,2,12,False,0.059,none
B-003621,T-00932,V-0418,8545071.13,5,12,False,0.129,none
B-003622,T-00932,V-0336,9426991.89,9,10,True,0.148,none
B-003623,T-00932,V-0208,9610472.98,7,18,False,0.019,none
B-003624,T-00933,V-0076,17555085.18,0,8,False,0.89,bid_rigging
B-003625,T-00933,V-0166,15713863.35,0,9,True,0.861,bid_rigging
B-003626,T-00933,V-0355,16683318.49,1,9,False,0.877,bid_rigging
B-003627,T-00933,V-0382,16966326.05,0,9,False,0.974,bid_rigging
B-003628,T-00934,V-0450,2057204.07,3,13,True,0.135,none
B-003629,T-00934,V-0330,1746850.7,10,11,False,0.057,none
B-003630,T-00935,V-0415,3363161.49,0,8,True,0.088,none
B-003631,T-00935,V-0006,3338441.42,8,17,False,0.088,none
B-003632,T-00935,V-0045,3545270.26,1,16,False,0.067,none
B-003633,T-00936,V-0028,5238685.54,0,10,True,0.105,shell_company
B-003634,T-00936,V-0438,5989827.29,3,13,False,0.14,none
B-003635,T-00936,V-0422,5365092.46,5,16,False,0.176,none
B-003636,T-00937,V-0319,15317655.38,3,8,False,0.139,none
B-003637,T-00937,V-0349,16225210.12,3,18,False,0.067,none
B-003638,T-00937,V-0025,14446060.81,6,9,True,0.036,none
B-003639,T-00938,V-0273,18110083.26,8,9,True,0.021,none
B-003640,T-00938,V-0469,19955068.21,2,18,False,0.095,none
B-003641,T-00938,V-0329,18999564.9,8,9,False,0.052,none
B-003642,T-00939,V-0155,3961228.29,0,13,False,0.137,none
B-003643,T-00939,V-0399,3745009.34,3,9,False,0.149,none
B-003644,T-00939,V-0234,3425659.56,1,8,False,0.147,none
B-003645,T-00939,V-0457,3386783.1,10,16,True,0.142,none
B-003646,T-00939,V-0357,3338547.73,10,11,False,0.001,none
B-003647,T-00939,V-0131,3827466.94,9,14,False,0.075,none
B-003648,T-00940,V-0316,1097746.23,9,9,False,0.112,none
B-003649,T-00940,V-0257,1138370.25,2,18,False,0.063,none
B-003650,T-00940,V-0148,1076505.32,3,15,False,0.15,none
B-003651,T-00940,V-0071,1096162.61,5,18,False,0.004,none
B-003652,T-00940,V-0048,989011.44,1,14,True,0.122,none
B-003653,T-00941,V-0260,3298400.94,6,10,False,0.099,none
B-003654,T-00941,V-0253,3725101.04,8,11,True,0.061,none
B-003655,T-00942,V-0269,3733811.51,10,14,True,0.132,none
B-003656,T-00942,V-0463,3666008.85,10,10,False,0.069,none
B-003657,T-00942,V-0340,3727187.37,6,10,False,0.089,none
B-003658,T-00942,V-0341,3713159.42,2,14,False,0.065,none
B-003659,T-00942,V-0183,3923106.94,7,16,False,0.125,none
B-003660,T-00942,V-0012,3925547.88,8,8,False,0.085,none
B-003661,T-00943,V-0329,2702523.1,2,10,False,0.083,none
B-003662,T-00943,V-0203,2749878.81,10,17,False,0.101,none
B-003663,T-00943,V-0043,2697787.6,8,17,True,0.0,none
B-003664,T-00943,V-0486,2544652.68,4,17,False,0.088,none
B-003665,T-00943,V-0202,2735866.27,5,17,False,0.08,none
B-003666,T-00944,V-0318,1796117.16,7,14,False,0.059,none
B-003667,T-00944,V-0244,1826695.92,3,16,True,0.074,ai_generated_doc
B-003668,T-00944,V-0245,1877923.26,0,13,False,0.006,none
B-003669,T-00944,V-0238,1700197.2,4,9,False,0.155,none
B-003670,T-00945,V-0488,2545487.16,3,17,True,0.014,shell_company
B-003671,T-00945,V-0168,2836113.46,5,14,False,0.07,none
B-003672,T-00945,V-0247,2521769.47,8,15,False,0.016,none
B-003673,T-00946,V-0228,4750170.75,5,8,True,0.001,shell_company
B-003674,T-00946,V-0219,4957550.9,4,12,False,0.119,none
B-003675,T-00946,V-0020,4984897.54,8,15,False,0.112,none
B-003676,T-00946,V-0028,5179828.48,5,18,False,0.093,none
B-003677,T-00947,V-0119,2361321.69,6,12,True,0.0,bid_suppression
B-003678,T-00948,V-0076,2885079.52,1,8,False,0.914,bid_rigging
B-003679,T-00948,V-0166,2674312.42,0,9,True,0.936,bid_rigging
B-003680,T-00948,V-0355,3126778.61,0,8,False,0.871,bid_rigging
B-003681,T-00948,V-0382,3229728.37,1,8,False,0.957,bid_rigging
B-003682,T-00949,V-0196,4731025.86,0,15,True,0.096,none
B-003683,T-00949,V-0086,5489489.08,0,10,False,0.122,none
B-003684,T-00950,V-0333,27718309.76,7,13,False,0.036,none
B-003685,T-00950,V-0363,30370310.78,10,12,False,0.149,none
B-003686,T-00950,V-0216,28344203.48,5,15,False,0.133,none
B-003687,T-00950,V-0071,30849689.94,1,18,False,0.114,none
B-003688,T-00950,V-0132,29797517.89,4,14,True,0.142,none
B-003689,T-00951,V-0461,217734.68,4,8,False,0.108,none
B-003690,T-00951,V-0208,246850.73,8,15,False,0.118,none
B-003691,T-00951,V-0347,232424.27,5,18,False,0.046,none
B-003692,T-00951,V-0397,253502.53,5,11,True,0.038,none
B-003693,T-00952,V-0194,2977206.66,5,16,False,0.03,none
B-003694,T-00952,V-0335,3047599.25,4,16,False,0.03,none
B-003695,T-00952,V-0219,2805930.63,4,16,False,0.111,none
B-003696,T-00952,V-0458,2871704.41,3,18,True,0.141,none
B-003697,T-00953,V-0483,7098679.06,3,14,False,0.147,none
B-003698,T-00953,V-0219,7674762.99,4,16,False,0.047,none
B-003699,T-00953,V-0322,8034196.33,2,8,False,0.129,none
B-003700,T-00953,V-0081,6946906.9,7,15,True,0.055,none
B-003701,T-00953,V-0437,7771180.85,7,8,False,0.139,none
B-003702,T-00953,V-0213,6349290.23,9,12,False,0.037,none
B-003703,T-00954,V-0394,971850.3,4,11,False,0.131,none
B-003704,T-00954,V-0411,986636.83,6,17,False,0.104,none
B-003705,T-00954,V-0312,961906.02,8,8,True,0.053,none
B-003706,T-00954,V-0287,947391.55,4,13,False,0.12,none
B-003707,T-00954,V-0111,1072800.29,5,8,False,0.089,none
B-003708,T-00955,V-0237,1322994.25,7,11,True,0.042,none
B-003709,T-00955,V-0084,1370716.89,9,11,False,0.085,none
B-003710,T-00955,V-0375,1395730.58,7,15,False,0.034,none
B-003711,T-00955,V-0421,1361566.88,7,10,False,0.127,none
B-003712,T-00955,V-0004,1393100.33,9,13,False,0.04,none
B-003713,T-00956,V-0341,3880764.21,3,16,True,0.139,none
B-003714,T-00956,V-0321,3619477.95,1,14,False,0.021,none
B-003715,T-00956,V-0496,4144361.87,8,13,False,0.016,none
B-003716,T-00956,V-0351,3759275.35,0,18,False,0.02,none
B-003717,T-00957,V-0153,992489.3,10,10,True,0.144,none
B-003718,T-00957,V-0175,1040292.01,1,12,False,0.031,none
B-003719,T-00958,V-0071,4866195.39,9,12,False,0.116,none
B-003720,T-00958,V-0465,5019213.08,10,18,True,0.103,none
B-003721,T-00959,V-0317,13079204.77,1,9,False,0.017,none
B-003722,T-00959,V-0439,13082501.59,3,18,True,0.053,none
B-003723,T-00959,V-0426,12124344.87,0,12,False,0.149,none
B-003724,T-00959,V-0388,12439681.59,2,14,False,0.054,none
B-003725,T-00959,V-0169,13640701.83,7,12,False,0.022,none
B-003726,T-00960,V-0463,1328454.19,0,16,True,0.055,none
B-003727,T-00960,V-0093,1450645.87,3,16,False,0.029,none
B-003728,T-00960,V-0412,1381376.05,10,13,False,0.052,none
B-003729,T-00960,V-0341,1378602.34,5,9,False,0.039,none
B-003730,T-00960,V-0176,1182608.19,6,8,False,0.12,none
B-003731,T-00961,V-0299,1372745.37,1,9,False,0.071,none
B-003732,T-00961,V-0118,1308404.92,4,13,True,0.124,none
B-003733,T-00962,V-0352,1936878.66,6,10,True,0.071,none
B-003734,T-00962,V-0232,2023292.0,8,9,False,0.062,none
B-003735,T-00962,V-0357,2116700.05,3,11,False,0.066,none
B-003736,T-00963,V-0433,2321055.18,7,13,False,0.144,none
B-003737,T-00963,V-0044,2134572.33,2,14,True,0.039,none
B-003738,T-00963,V-0341,2353723.32,1,10,False,0.113,none
B-003739,T-00964,V-0046,1794782.95,1,9,True,0.871,bid_rigging
B-003740,T-00964,V-0250,2056487.68,0,9,False,0.924,bid_rigging
B-003741,T-00964,V-0264,1919557.73,1,8,False,0.853,bid_rigging
B-003742,T-00964,V-0449,2125567.05,1,8,False,0.907,bid_rigging
B-003743,T-00965,V-0159,4679582.15,5,17,True,0.123,none
B-003744,T-00965,V-0171,4928980.74,8,10,False,0.138,none
B-003745,T-00966,V-0298,1192500.9,2,11,True,0.056,conflict_of_interest
B-003746,T-00966,V-0116,969523.09,8,16,False,0.106,none
B-003747,T-00966,V-0347,941353.54,8,13,False,0.17,none
B-003748,T-00967,V-0228,609002.98,3,14,True,0.06,shell_company
B-003749,T-00967,V-0077,609573.1,2,16,False,0.035,none
B-003750,T-00967,V-0029,680502.72,1,11,False,0.051,none
B-003751,T-00967,V-0074,654175.45,5,15,False,0.076,none
B-003752,T-00968,V-0032,3819084.56,4,18,True,0.039,none
B-003753,T-00968,V-0056,3838802.5,1,16,False,0.128,none
B-003754,T-00968,V-0367,4068720.15,3,18,False,0.045,none
B-003755,T-00968,V-0169,3647110.36,6,17,False,0.056,none
B-003756,T-00968,V-0149,4343879.39,1,8,False,0.103,none
B-003757,T-00968,V-0302,3464855.51,2,18,False,0.147,none
B-003758,T-00969,V-0347,11385596.45,5,8,True,0.061,none
B-003759,T-00969,V-0328,12071381.94,10,17,False,0.017,none
B-003760,T-00970,V-0309,2861163.49,1,15,False,0.032,none
B-003761,T-00970,V-0064,2747587.58,2,16,False,0.017,none
B-003762,T-00970,V-0199,2754733.45,6,10,True,0.103,none
B-003763,T-00970,V-0462,2832343.82,1,8,False,0.11,none
B-003764,T-00970,V-0400,2725927.93,7,11,False,0.123,none
B-003765,T-00971,V-0303,8888737.83,1,13,True,0.089,ai_generated_doc
B-003766,T-00971,V-0281,9261602.89,6,15,False,0.023,none
B-003767,T-00972,V-0036,1442083.01,1,9,False,0.895,bid_rigging
B-003768,T-00972,V-0058,1462794.21,0,9,False,0.962,bid_rigging
B-003769,T-00972,V-0099,1359101.01,1,9,False,0.857,bid_rigging
B-003770,T-00972,V-0379,1504012.78,0,8,False,0.867,bid_rigging
B-003771,T-00972,V-0410,1270393.22,0,9,True,0.922,bid_rigging
B-003772,T-00973,V-0036,308491.45,0,9,False,0.915,bid_rigging
B-003773,T-00973,V-0058,291740.46,1,8,False,0.881,bid_rigging
B-003774,T-00973,V-0099,259245.2,1,8,True,0.929,bid_rigging
B-003775,T-00973,V-0379,302162.64,0,9,False,0.903,bid_rigging
B-003776,T-00973,V-0410,301025.33,1,9,False,0.931,bid_rigging
B-003777,T-00974,V-0122,42100972.69,8,9,False,0.007,none
B-003778,T-00974,V-0403,40809883.64,3,16,False,0.1,none
B-003779,T-00974,V-0217,40887920.84,7,10,True,0.011,none
B-003780,T-00975,V-0051,18128439.22,0,9,False,0.082,none
B-003781,T-00975,V-0124,19152337.51,2,10,False,0.0,none
B-003782,T-00975,V-0125,18897072.52,3,16,False,0.099,none
B-003783,T-00975,V-0143,18082894.84,2,13,True,0.119,none
B-003784,T-00976,V-0378,2163349.34,6,16,False,0.018,none
B-003785,T-00976,V-0100,2049277.82,10,14,False,0.033,none
B-003786,T-00976,V-0350,2200861.11,0,11,False,0.081,none
B-003787,T-00976,V-0374,1981615.04,10,18,False,0.102,none
B-003788,T-00976,V-0039,2336001.82,10,15,False,0.149,none
B-003789,T-00976,V-0451,2003704.74,6,17,True,0.002,none
B-003790,T-00977,V-0361,587587.11,0,8,False,0.003,none
B-003791,T-00977,V-0156,607510.58,2,9,True,0.039,none
B-003792,T-00977,V-0331,560099.19,1,8,False,0.145,none
B-003793,T-00977,V-0248,609619.63,0,15,False,0.017,none
B-003794,T-00977,V-0219,537183.63,3,12,False,0.084,none
B-003795,T-00977,V-0246,630485.83,0,18,False,0.101,none
B-003796,T-00978,V-0053,1608500.26,8,13,True,0.012,none
B-003797,T-00978,V-0092,1549625.02,1,17,False,0.113,none
B-003798,T-00978,V-0110,1578286.32,9,12,False,0.12,none
B-003799,T-00978,V-0234,1685138.46,4,13,False,0.039,none
B-003800,T-00979,V-0241,775489.6,1,17,False,0.028,none
B-003801,T-00979,V-0072,767537.95,6,15,False,0.012,none
B-003802,T-00979,V-0315,792989.66,7,15,False,0.11,none
B-003803,T-00979,V-0202,746918.72,1,18,True,0.075,none
B-003804,T-00979,V-0176,891459.46,6,10,False,0.127,none
B-003805,T-00979,V-0173,776360.49,3,17,False,0.053,none
B-003806,T-00980,V-0465,14630938.79,7,16,True,0.044,shell_company
B-003807,T-00980,V-0391,14573577.24,5,15,False,0.041,none
B-003808,T-00980,V-0424,14757789.8,8,16,False,0.096,none
B-003809,T-00981,V-0084,7015833.78,3,18,True,0.098,none
B-003810,T-00981,V-0373,6766387.72,4,18,False,0.057,none
B-003811,T-00982,V-0403,11615032.62,3,11,False,0.0,none
B-003812,T-00982,V-0200,17953276.83,1,9,True,0.242,price_inflation
B-003813,T-00982,V-0453,11482095.94,1,18,False,0.089,none
B-003814,T-00982,V-0195,11839540.01,1,13,False,0.056,none
B-003815,T-00983,V-0307,1510169.13,3,14,False,0.039,none
B-003816,T-00983,V-0203,1604405.06,0,12,True,0.058,none
B-003817,T-00984,V-0198,26648752.74,3,14,True,0.083,none
B-003818,T-00984,V-0303,25164017.38,3,8,False,0.004,none
B-003819,T-00984,V-0261,27273501.02,8,11,False,0.073,none
B-003820,T-00984,V-0462,27011456.01,9,18,False,0.034,none
B-003821,T-00984,V-0247,26854775.7,3,9,False,0.115,none
B-003822,T-00984,V-0474,24749571.97,9,10,False,0.112,none
B-003823,T-00985,V-0338,1475172.82,0,14,True,0.066,ai_generated_doc
B-003824,T-00985,V-0329,1419008.83,1,8,False,0.182,none
B-003825,T-00986,V-0380,1451070.2,6,10,True,0.0,bid_suppression
B-003826,T-00987,V-0087,283849.55,3,8,False,0.026,none
B-003827,T-00987,V-0065,283415.94,6,18,False,0.016,none
B-003828,T-00987,V-0262,314764.91,5,18,False,0.134,none
B-003829,T-00987,V-0080,429164.98,8,18,True,0.076,price_inflation
B-003830,T-00987,V-0143,303739.03,4,17,False,0.184,none
B-003831,T-00988,V-0161,3173646.58,1,15,True,0.019,none
B-003832,T-00988,V-0082,3268581.12,4,16,False,0.128,none
B-003833,T-00989,V-0182,1130944.21,8,18,False,0.015,none
B-003834,T-00989,V-0264,1154387.18,0,14,False,0.012,none
B-003835,T-00989,V-0377,972142.19,3,18,False,0.12,none
B-003836,T-00989,V-0048,1117238.79,5,14,False,0.129,none
B-003837,T-00989,V-0283,1128385.49,1,14,True,0.03,none
B-003838,T-00990,V-0383,28130614.09,7,10,True,0.149,shell_company
B-003839,T-00990,V-0490,30166460.94,1,14,False,0.119,none
B-003840,T-00990,V-0187,29497726.15,3,15,False,0.183,none
B-003841,T-00991,V-0293,3888802.19,8,17,True,0.097,none
B-003842,T-00991,V-0429,4261050.5,9,8,False,0.059,none
B-003843,T-00992,V-0357,4359623.15,10,8,True,0.075,none
B-003844,T-00992,V-0024,4586275.75,6,15,False,0.052,none
B-003845,T-00992,V-0058,4196922.08,10,10,False,0.017,none
B-003846,T-00993,V-0215,21479960.91,1,15,True,0.092,none
B-003847,T-00993,V-0471,22331134.49,8,13,False,0.04,none
B-003848,T-00993,V-0061,21936566.13,0,8,False,0.047,none
B-003849,T-00994,V-0124,2812479.77,9,13,True,0.112,none
B-003850,T-00994,V-0243,2963891.6,5,16,False,0.116,none
B-003851,T-00995,V-0355,3452758.19,10,17,False,0.138,none
B-003852,T-00995,V-0215,3629276.74,8,9,True,0.023,none
B-003853,T-00995,V-0462,3670972.37,4,11,False,0.091,none
B-003854,T-00995,V-0495,3348311.72,2,10,False,0.137,none
B-003855,T-00996,V-0054,349888.13,9,10,True,0.048,none
B-003856,T-00996,V-0224,306236.74,1,18,False,0.111,none
B-003857,T-00996,V-0414,378618.2,4,15,False,0.13,none
B-003858,T-00996,V-0139,337756.93,2,9,False,0.123,none
B-003859,T-00997,V-0207,1165675.17,8,14,True,0.035,none
B-003860,T-00997,V-0415,1140196.36,9,12,False,0.054,none
B-003861,T-00997,V-0019,1241667.06,1,11,False,0.108,none
B-003862,T-00998,V-0119,1433836.56,0,17,False,0.036,none
B-003863,T-00998,V-0048,1726313.03,7,17,True,0.06,none
B-003864,T-00998,V-0160,1717063.72,10,13,False,0.116,none
B-003865,T-00998,V-0199,1681001.25,9,8,False,0.098,none
B-003866,T-00999,V-0185,230056.5,2,18,False,0.042,none
B-003867,T-00999,V-0451,197366.4,0,16,False,0.148,none
B-003868,T-00999,V-0403,218118.58,9,17,False,0.13,none
B-003869,T-00999,V-0296,212921.0,1,15,True,0.073,none
B-003870,T-01000,V-0168,4722289.95,6,14,True,0.076,none
B-003871,T-01000,V-0333,4214267.55,1,11,False,0.032,none
B-003872,T-01000,V-0484,4196941.13,9,15,False,0.029,none
B-003873,T-01001,V-0244,1500679.38,1,15,True,0.099,none
B-003874,T-01001,V-0354,1444011.39,4,8,False,0.106,none
B-003875,T-01002,V-0333,547054.5,4,9,True,0.103,none
B-003876,T-01002,V-0087,583434.98,8,11,False,0.122,none
B-003877,T-01002,V-0330,616923.32,0,14,False,0.101,none
B-003878,T-01003,V-0222,825642.96,1,16,True,0.015,none
B-003879,T-01003,V-0160,754089.87,4,12,False,0.04,none
B-003880,T-01003,V-0157,648668.97,4,16,False,0.131,none
B-003881,T-01004,V-0080,12224875.53,3,13,False,0.001,none
B-003882,T-01004,V-0354,10984925.36,9,12,True,0.066,none
B-003883,T-01005,V-0060,4933749.05,10,9,False,0.147,none
B-003884,T-01005,V-0342,4659269.43,6,12,True,0.001,none
B-003885,T-01006,V-0052,9007162.2,9,16,False,0.093,none
B-003886,T-01006,V-0158,8654018.56,1,11,True,0.07,none
B-003887,T-01006,V-0253,8471473.73,5,12,False,0.125,none
B-003888,T-01006,V-0179,9303461.87,2,12,False,0.126,none
B-003889,T-01007,V-0028,13677388.39,10,9,True,0.004,none
B-003890,T-01007,V-0260,14451188.26,3,13,False,0.057,none
B-003891,T-01007,V-0465,12072792.05,9,12,False,0.027,none
B-003892,T-01007,V-0422,13146325.97,9,17,False,0.149,none
B-003893,T-01007,V-0091,11895755.86,0,18,False,0.144,none
B-003894,T-01007,V-0197,12992327.46,3,15,False,0.057,none
B-003895,T-01008,V-0339,610860.84,9,13,False,0.035,none
B-003896,T-01008,V-0479,643425.21,8,14,True,0.014,none
B-003897,T-01008,V-0216,621806.29,4,9,False,0.125,none
B-003898,T-01008,V-0307,643305.91,10,16,False,0.117,none
B-003899,T-01008,V-0088,646283.67,3,17,False,0.102,none
B-003900,T-01008,V-0396,700288.71,9,11,False,0.118,none
B-003901,T-01009,V-0334,4473967.18,0,14,False,0.064,none
B-003902,T-01009,V-0323,4302759.64,2,16,False,0.112,none
B-003903,T-01009,V-0439,4627568.79,4,14,True,0.029,none
B-003904,T-01009,V-0076,4340721.6,4,18,False,0.078,none
B-003905,T-01010,V-0131,26873532.47,1,16,False,0.057,none
B-003906,T-01010,V-0106,24259748.58,9,12,True,0.11,none
B-003907,T-01010,V-0241,23841647.23,8,14,False,0.116,none
B-003908,T-01011,V-0089,3764862.6,6,17,False,0.142,none
B-003909,T-01011,V-0145,4041434.68,8,13,True,0.052,none
B-003910,T-01011,V-0127,3837756.56,7,12,False,0.031,none
B-003911,T-01011,V-0372,3725261.82,0,17,False,0.129,none
B-003912,T-01012,V-0324,62874.76,9,12,False,0.132,none
B-003913,T-01012,V-0462,54226.5,7,18,False,0.13,none
B-003914,T-01012,V-0479,57284.95,3,17,True,0.064,none
B-003915,T-01012,V-0267,59400.24,9,14,False,0.043,none
B-003916,T-01012,V-0413,51567.85,3,13,False,0.09,none
B-003917,T-01012,V-0318,58810.16,7,14,False,0.049,none
B-003918,T-01013,V-0410,7145988.88,0,8,True,0.114,none
B-003919,T-01013,V-0281,8005568.91,9,13,False,0.041,none
B-003920,T-01014,V-0108,15395160.23,10,14,False,0.1,none
B-003921,T-01014,V-0478,17018022.65,8,14,False,0.064,none
B-003922,T-01014,V-0140,17422962.84,9,16,False,0.092,none
B-003923,T-01014,V-0145,17183372.91,4,15,False,0.002,none
B-003924,T-01014,V-0378,16585252.44,1,15,True,0.105,none
B-003925,T-01015,V-0446,34495428.35,9,8,False,0.013,none
B-003926,T-01015,V-0442,33771074.82,4,17,True,0.066,none
B-003927,T-01016,V-0493,3644292.51,4,15,True,0.031,price_inflation
B-003928,T-01016,V-0388,2403787.07,5,14,False,0.13,none
B-003929,T-01017,V-0039,1174923.06,0,18,False,0.014,none
B-003930,T-01017,V-0277,1034320.59,7,18,False,0.044,none
B-003931,T-01017,V-0372,1012453.44,9,18,False,0.027,none
B-003932,T-01017,V-0258,1122733.68,4,11,True,0.145,none
B-003933,T-01018,V-0294,2056675.64,5,8,False,0.097,none
B-003934,T-01018,V-0264,2036728.14,6,14,False,0.129,none
B-003935,T-01018,V-0167,1972769.77,9,11,True,0.073,none
B-003936,T-01018,V-0009,2097266.99,4,8,False,0.02,none
B-003937,T-01018,V-0452,2149128.58,4,10,False,0.119,none
B-003938,T-01019,V-0425,3450552.99,7,9,False,0.045,none
B-003939,T-01019,V-0359,3595069.05,0,10,False,0.05,none
B-003940,T-01019,V-0274,3508465.6,10,11,True,0.081,none
B-003941,T-01019,V-0300,3361999.65,7,14,False,0.112,none
B-003942,T-01019,V-0085,3360505.24,6,12,False,0.077,none
B-003943,T-01020,V-0389,376520.16,9,11,False,0.114,none
B-003944,T-01020,V-0387,393232.43,6,16,False,0.13,none
B-003945,T-01020,V-0127,368106.22,10,14,True,0.029,none
B-003946,T-01020,V-0264,355053.92,8,13,False,0.033,none
B-003947,T-01020,V-0331,343573.52,1,8,False,0.115,none
B-003948,T-01021,V-0224,2866806.77,9,13,False,0.013,none
B-003949,T-01021,V-0281,3264481.51,9,18,True,0.031,none
B-003950,T-01021,V-0295,3247852.77,4,18,False,0.138,none
B-003951,T-01022,V-0464,8680974.44,7,15,False,0.053,none
B-003952,T-01022,V-0444,8325548.98,6,15,False,0.007,none
B-003953,T-01022,V-0462,9098596.45,3,14,True,0.049,none
B-003954,T-01023,V-0382,1432571.94,4,11,False,0.126,none
B-003955,T-01023,V-0216,1422669.56,8,17,True,0.076,ai_generated_doc
B-003956,T-01023,V-0110,1526396.06,3,11,False,0.021,none
B-003957,T-01024,V-0100,1229613.89,1,15,False,0.214,none
B-003958,T-01024,V-0113,1765004.15,0,15,True,0.265,price_inflation
B-003959,T-01024,V-0189,1257416.84,7,12,False,0.084,none
B-003960,T-01025,V-0453,5326093.86,6,11,False,0.141,none
B-003961,T-01025,V-0219,5799833.48,7,16,True,0.047,none
B-003962,T-01025,V-0088,5472678.45,0,16,False,0.092,none
B-003963,T-01025,V-0345,5285205.82,8,17,False,0.073,none
B-003964,T-01025,V-0211,5680446.74,7,12,False,0.118,none
B-003965,T-01026,V-0313,39811683.18,4,16,False,0.107,none
B-003966,T-01026,V-0139,39688903.85,2,17,True,0.053,none
B-003967,T-01026,V-0350,39046150.22,3,15,False,0.112,none
B-003968,T-01026,V-0146,38768313.84,4,8,False,0.144,none
B-003969,T-01027,V-0199,318308.35,0,12,False,0.131,none
B-003970,T-01027,V-0238,298193.99,0,15,False,0.063,none
B-003971,T-01027,V-0214,290485.95,5,9,True,0.046,none
B-003972,T-01027,V-0285,280278.93,7,13,False,0.03,none
B-003973,T-01027,V-0243,295235.6,1,9,False,0.048,none
B-003974,T-01028,V-0333,5649323.04,9,17,True,0.009,none
B-003975,T-01028,V-0397,5487650.92,0,18,False,0.108,none
B-003976,T-01028,V-0106,5379241.91,9,12,False,0.111,none
B-003977,T-01029,V-0203,18770930.09,3,12,False,0.108,none
B-003978,T-01029,V-0182,15274377.42,5,11,True,0.079,none
B-003979,T-01029,V-0371,19100855.94,5,18,False,0.099,none
B-003980,T-01029,V-0259,18309675.28,5,11,False,0.051,none
B-003981,T-01030,V-0442,3862191.65,6,8,False,0.095,none
B-003982,T-01030,V-0346,3529403.75,10,8,True,0.129,none
B-003983,T-01030,V-0066,3273824.09,0,12,False,0.07,none
B-003984,T-01031,V-0377,305948.8,9,18,False,0.054,none
B-003985,T-01031,V-0040,287605.98,6,9,False,0.012,none
B-003986,T-01031,V-0035,315583.58,9,16,True,0.085,none
B-003987,T-01031,V-0030,312224.12,6,13,False,0.149,none
B-003988,T-01031,V-0376,324502.96,1,16,False,0.015,none
B-003989,T-01031,V-0125,292305.45,5,16,False,0.032,none
B-003990,T-01032,V-0205,28377572.3,7,15,False,0.064,none
B-003991,T-01032,V-0218,26000358.66,1,16,False,0.096,none
B-003992,T-01032,V-0039,29511757.11,10,14,True,0.077,none
B-003993,T-01032,V-0159,29201445.43,10,8,False,0.042,none
B-003994,T-01033,V-0210,34855312.85,8,10,False,0.106,none
B-003995,T-01033,V-0204,33851669.11,0,13,False,0.107,none
B-003996,T-01033,V-0343,34690744.46,5,14,False,0.051,none
B-003997,T-01033,V-0333,37106637.89,9,17,True,0.056,none
B-003998,T-01033,V-0439,33269382.27,8,18,False,0.093,none
B-003999,T-01033,V-0400,34129955.91,4,10,False,0.105,none
B-004000,T-01034,V-0373,7079980.92,7,14,True,0.136,none
B-004001,T-01034,V-0092,7178981.49,0,13,False,0.042,none
B-004002,T-01035,V-0319,2876475.86,2,9,True,0.038,none
B-004003,T-01035,V-0273,3049107.56,5,9,False,0.032,none
B-004004,T-01035,V-0216,2815719.83,1,16,False,0.058,none
B-004005,T-01036,V-0094,1274376.83,0,9,False,0.909,bid_rigging
B-004006,T-01036,V-0385,1168652.9,1,8,True,0.884,bid_rigging
B-004007,T-01036,V-0496,1289573.89,1,8,False,0.85,bid_rigging
B-004008,T-01037,V-0144,3711121.22,3,16,False,0.072,none
B-004009,T-01037,V-0052,3672505.48,3,13,True,0.149,none
B-004010,T-01037,V-0008,3643623.88,8,18,False,0.105,none
B-004011,T-01037,V-0476,3831029.91,6,14,False,0.047,none
B-004012,T-01038,V-0245,1593624.82,5,9,False,0.076,none
B-004013,T-01038,V-0154,1885488.79,3,8,True,0.021,none
B-004014,T-01038,V-0048,1681013.42,8,13,False,0.029,none
B-004015,T-01038,V-0104,1826759.16,6,13,False,0.08,none
B-004016,T-01038,V-0046,1617499.55,1,13,False,0.032,none
B-004017,T-01039,V-0397,912593.91,7,16,True,0.09,none
B-004018,T-01039,V-0275,912757.34,5,17,False,0.121,none
B-004019,T-01039,V-0186,897609.7,0,17,False,0.078,none
B-004020,T-01039,V-0326,825034.38,10,9,False,0.138,none
B-004021,T-01039,V-0085,890521.11,8,14,False,0.05,none
B-004022,T-01039,V-0355,815104.45,8,9,False,0.057,none
B-004023,T-01040,V-0091,340612.68,9,11,True,0.047,none
B-004024,T-01040,V-0110,367219.73,9,9,False,0.082,none
B-004025,T-01040,V-0275,362390.63,0,8,False,0.149,none
B-004026,T-01040,V-0105,346172.96,8,9,False,0.123,none
B-004027,T-01040,V-0482,325629.22,6,11,False,0.039,none
B-004028,T-01040,V-0437,359254.79,9,10,False,0.047,none
B-004029,T-01041,V-0294,8190573.97,0,17,False,0.147,none
B-004030,T-01041,V-0237,7208712.11,1,16,True,0.063,ai_generated_doc
B-004031,T-01041,V-0381,7623849.48,3,12,False,0.018,none
B-004032,T-01041,V-0430,7192525.88,6,9,False,0.039,none
B-004033,T-01042,V-0185,23905720.44,0,11,True,0.018,price_inflation
B-004034,T-01042,V-0100,17480145.73,0,15,False,0.132,none
B-004035,T-01042,V-0434,16902722.74,1,8,False,0.185,none
B-004036,T-01042,V-0027,19008687.39,6,13,False,0.184,none
B-004037,T-01043,V-0163,1032143.27,3,12,False,0.049,none
B-004038,T-01043,V-0233,887417.43,4,9,False,0.117,none
B-004039,T-01043,V-0208,1079355.28,2,17,False,0.089,none
B-004040,T-01043,V-0379,1029445.45,2,14,True,0.141,none
B-004041,T-01044,V-0136,546562.13,1,17,False,0.138,none
B-004042,T-01044,V-0174,476281.79,1,8,False,0.063,none
B-004043,T-01044,V-0078,412617.05,1,14,False,0.147,none
B-004044,T-01044,V-0028,518319.12,6,17,False,0.014,none
B-004045,T-01044,V-0213,518700.84,0,16,False,0.095,none
B-004046,T-01044,V-0157,458070.27,2,18,True,0.038,none
B-004047,T-01045,V-0207,946357.87,6,16,True,0.139,none
B-004048,T-01045,V-0274,1171587.03,2,18,False,0.013,none
B-004049,T-01046,V-0475,832786.62,9,17,False,0.117,none
B-004050,T-01046,V-0326,885548.58,2,8,False,0.079,none
B-004051,T-01046,V-0205,815223.43,10,12,False,0.074,none
B-004052,T-01046,V-0087,741944.82,1,8,True,0.002,none
B-004053,T-01047,V-0338,16459711.94,10,13,False,0.074,none
B-004054,T-01047,V-0409,16364577.73,2,16,False,0.094,none
B-004055,T-01047,V-0324,16230602.75,0,11,True,0.024,none
B-004056,T-01048,V-0094,902301.02,0,9,False,0.955,bid_rigging
B-004057,T-01048,V-0385,909905.79,0,8,False,0.929,bid_rigging
B-004058,T-01048,V-0496,780803.1,1,8,True,0.967,bid_rigging
B-004059,T-01049,V-0346,996970.58,2,18,True,0.142,none
B-004060,T-01049,V-0262,1019793.24,6,8,False,0.121,none
B-004061,T-01049,V-0452,994833.76,0,12,False,0.083,none
B-004062,T-01049,V-0473,927741.39,2,10,False,0.039,none
B-004063,T-01050,V-0433,1542881.73,7,14,False,0.104,none
B-004064,T-01050,V-0153,1323805.87,9,13,False,0.006,none
B-004065,T-01050,V-0453,1314722.31,9,8,True,0.039,none
B-004066,T-01050,V-0244,1565638.44,1,18,False,0.075,none
B-004067,T-01051,V-0169,691652.42,0,9,False,0.135,none
B-004068,T-01051,V-0223,668921.16,5,18,True,0.126,none
B-004069,T-01051,V-0200,615032.46,6,10,False,0.033,none
B-004070,T-01051,V-0493,642722.32,8,15,False,0.08,none
B-004071,T-01051,V-0352,660650.85,8,15,False,0.109,none
B-004072,T-01051,V-0132,606959.73,6,13,False,0.064,none
B-004073,T-01052,V-0319,4673585.74,0,14,False,0.097,none
B-004074,T-01052,V-0424,5081846.87,2,17,False,0.003,none
B-004075,T-01052,V-0121,5309244.82,1,9,False,0.12,none
B-004076,T-01052,V-0037,4767362.95,3,16,False,0.057,none
B-004077,T-01052,V-0105,5112409.56,4,15,False,0.125,none
B-004078,T-01052,V-0199,4328800.77,4,18,True,0.113,none
B-004079,T-01053,V-0385,907672.14,3,16,True,0.003,none
B-004080,T-01053,V-0295,831008.28,5,9,False,0.114,none
B-004081,T-01054,V-0300,35735691.33,2,17,False,0.043,none
B-004082,T-01054,V-0408,34567033.52,1,17,False,0.107,none
B-004083,T-01054,V-0391,37868522.32,1,12,False,0.069,none
B-004084,T-01054,V-0165,33247666.12,9,8,False,0.144,none
B-004085,T-01054,V-0373,36409941.86,3,12,True,0.066,none
B-004086,T-01054,V-0125,34500179.05,8,11,False,0.088,none
B-004087,T-01055,V-0242,31429260.26,5,11,False,0.019,none
B-004088,T-01055,V-0110,31380620.2,6,15,False,0.001,none
B-004089,T-01055,V-0327,30120623.03,8,12,False,0.13,none
B-004090,T-01055,V-0028,31703806.23,8,14,False,0.122,none
B-004091,T-01055,V-0419,31611376.27,8,14,True,0.125,none
B-004092,T-01056,V-0303,14819838.16,10,18,False,0.08,none
B-004093,T-01056,V-0456,14682459.31,2,10,True,0.079,none
B-004094,T-01056,V-0085,15307835.21,2,16,False,0.135,none
B-004095,T-01057,V-0269,6317749.53,3,13,True,0.031,none
B-004096,T-01057,V-0111,5608713.32,6,16,False,0.077,none
B-004097,T-01058,V-0348,5565028.77,6,18,False,0.074,none
B-004098,T-01058,V-0482,4912821.53,0,17,False,0.142,none
B-004099,T-01058,V-0425,5475877.36,4,13,False,0.12,none
B-004100,T-01058,V-0216,5485995.69,3,15,True,0.146,none
B-004101,T-01059,V-0166,9472374.78,3,13,True,0.095,none
B-004102,T-01059,V-0425,10759056.87,1,15,False,0.048,none
B-004103,T-01059,V-0294,10398610.99,5,18,False,0.118,none
B-004104,T-01059,V-0243,10212269.21,5,17,False,0.094,none
B-004105,T-01059,V-0171,11566563.67,8,17,False,0.073,none
B-004106,T-01059,V-0075,10279730.51,8,15,False,0.145,none
B-004107,T-01060,V-0361,9694828.12,6,18,False,0.266,none
B-004108,T-01060,V-0325,13936770.6,6,15,True,0.097,price_inflation
B-004109,T-01061,V-0228,3087690.85,3,12,True,0.123,conflict_of_interest
B-004110,T-01061,V-0317,2812696.27,5,9,False,0.154,none
B-004111,T-01061,V-0253,2990591.93,6,12,False,0.177,none
B-004112,T-01061,V-0217,2920253.81,7,16,False,0.12,none
B-004113,T-01062,V-0467,3880372.64,9,11,True,0.053,none
B-004114,T-01062,V-0414,4096180.02,8,10,False,0.009,none
B-004115,T-01063,V-0490,3680545.05,5,17,True,0.095,shell_company
B-004116,T-01063,V-0428,4201186.77,2,12,False,0.029,none
B-004117,T-01064,V-0405,3406729.43,2,15,False,0.057,none
B-004118,T-01064,V-0381,3244319.59,8,8,False,0.085,none
B-004119,T-01064,V-0110,3501120.04,8,12,False,0.065,none
B-004120,T-01064,V-0156,3376374.4,0,9,False,0.121,none
B-004121,T-01064,V-0395,2844485.82,8,8,True,0.041,none
B-004122,T-01064,V-0339,3168180.08,3,11,False,0.136,none
B-004123,T-01065,V-0429,658618.86,3,15,False,0.112,none
B-004124,T-01065,V-0437,701199.64,5,16,True,0.06,none
B-004125,T-01066,V-0053,27868325.51,6,8,False,0.052,none
B-004126,T-01066,V-0475,38136622.95,9,10,False,0.134,none
B-004127,T-01066,V-0177,34131607.53,0,17,True,0.134,none
B-004128,T-01066,V-0167,33373170.35,7,12,False,0.14,none
B-004129,T-01066,V-0133,35422712.77,6,18,False,0.105,none
B-004130,T-01067,V-0322,255844.47,6,12,True,0.094,none
B-004131,T-01067,V-0170,236021.8,1,9,False,0.09,none
B-004132,T-01068,V-0209,3011770.36,5,8,False,0.034,none
B-004133,T-01068,V-0227,2708950.37,5,13,True,0.145,ai_generated_doc
B-004134,T-01068,V-0378,3031509.62,3,16,False,0.049,none
B-004135,T-01068,V-0320,2681146.42,7,15,False,0.068,none
B-004136,T-01069,V-0045,444682.9,2,14,False,0.039,none
B-004137,T-01069,V-0468,424030.3,9,13,True,0.06,none
B-004138,T-01069,V-0081,417158.52,10,16,False,0.04,none
B-004139,T-01070,V-0228,696252.55,7,13,True,0.012,none
B-004140,T-01070,V-0287,681187.96,9,17,False,0.141,none
B-004141,T-01071,V-0233,9391315.49,5,9,False,0.023,none
B-004142,T-01071,V-0247,9001348.87,10,12,True,0.045,none
B-004143,T-01072,V-0399,2092061.7,4,17,False,0.081,none
B-004144,T-01072,V-0084,1889196.15,8,18,False,0.114,none
B-004145,T-01072,V-0173,2125703.06,8,18,False,0.05,none
B-004146,T-01072,V-0105,2097047.71,9,15,True,0.041,none
B-004147,T-01072,V-0344,2120157.13,7,14,False,0.053,none
B-004148,T-01072,V-0051,2035789.31,5,17,False,0.135,none
B-004149,T-01073,V-0166,4997264.18,10,11,False,0.096,none
B-004150,T-01073,V-0155,4562740.72,4,11,False,0.148,none
B-004151,T-01073,V-0371,3903478.27,6,16,True,0.071,none
B-004152,T-01073,V-0313,4277424.17,7,9,False,0.05,none
B-004153,T-01074,V-0089,591031.85,4,17,False,0.129,none
B-004154,T-01074,V-0486,576071.78,0,15,False,0.061,none
B-004155,T-01074,V-0072,564088.49,3,12,False,0.13,none
B-004156,T-01074,V-0371,629316.79,5,11,False,0.054,none
B-004157,T-01074,V-0001,588331.35,7,15,True,0.019,none
B-004158,T-01074,V-0424,649029.66,0,18,False,0.007,none
B-004159,T-01075,V-0142,3390214.71,4,17,True,0.192,conflict_of_interest
B-004160,T-01075,V-0129,2736172.82,1,18,False,0.052,none
B-004161,T-01075,V-0237,2859446.29,2,10,False,0.07,none
B-004162,T-01075,V-0233,2788155.81,8,13,False,0.08,none
B-004163,T-01076,V-0258,1575233.93,7,12,True,0.019,shell_company
B-004164,T-01076,V-0332,1648599.83,5,15,False,0.043,none
B-004165,T-01076,V-0495,1682946.12,2,11,False,0.172,none
B-004166,T-01077,V-0178,10551810.56,7,17,False,0.045,none
B-004167,T-01077,V-0282,10778932.91,7,13,False,0.139,none
B-004168,T-01077,V-0009,9448756.76,1,18,True,0.061,none
B-004169,T-01077,V-0427,10242065.67,0,10,False,0.118,none
B-004170,T-01078,V-0321,2127767.09,6,10,False,0.036,none
B-004171,T-01078,V-0327,1991652.89,10,18,True,0.045,none
B-004172,T-01078,V-0060,1955049.28,0,12,False,0.003,none
B-004173,T-01078,V-0397,2247944.87,1,12,False,0.06,none
B-004174,T-01079,V-0324,2794330.47,10,17,False,0.073,none
B-004175,T-01079,V-0366,2861892.59,3,12,False,0.019,none
B-004176,T-01079,V-0049,2620729.05,5,13,False,0.086,none
B-004177,T-01079,V-0130,2555029.92,0,16,True,0.107,none
B-004178,T-01079,V-0373,2662513.96,7,12,False,0.056,none
B-004179,T-01080,V-0062,1237276.38,3,17,True,0.124,none
B-004180,T-01080,V-0236,1166955.97,1,8,False,0.012,none
B-004181,T-01081,V-0337,27375906.16,1,15,True,0.112,none
B-004182,T-01081,V-0433,24616985.56,6,15,False,0.086,none
B-004183,T-01082,V-0017,884535.16,8,13,False,0.047,none
B-004184,T-01082,V-0250,986432.94,1,14,True,0.136,none
B-004185,T-01082,V-0278,982614.06,2,9,False,0.112,none
B-004186,T-01082,V-0221,925964.91,5,17,False,0.122,none
B-004187,T-01082,V-0358,890354.63,3,18,False,0.082,none
B-004188,T-01082,V-0305,889806.2,9,14,False,0.067,none
B-004189,T-01083,V-0101,2797355.08,5,18,False,0.119,none
B-004190,T-01083,V-0404,2972095.23,8,17,True,0.061,none
B-004191,T-01083,V-0219,3020807.33,7,8,False,0.068,none
B-004192,T-01083,V-0249,2776192.41,2,16,False,0.081,none
B-004193,T-01084,V-0495,1882962.79,5,9,True,0.113,none
B-004194,T-01084,V-0109,2055482.15,9,8,False,0.011,none
B-004195,T-01085,V-0239,1654340.38,4,17,False,0.034,none
B-004196,T-01085,V-0466,1686217.97,6,18,False,0.138,none
B-004197,T-01085,V-0438,1878719.31,5,15,False,0.107,none
B-004198,T-01085,V-0158,1826701.35,9,14,False,0.066,none
B-004199,T-01085,V-0084,1756829.61,1,12,False,0.078,none
B-004200,T-01085,V-0252,1607520.1,0,11,True,0.106,none
B-004201,T-01086,V-0340,2725732.18,10,11,False,0.121,none
B-004202,T-01086,V-0026,2863207.0,10,14,True,0.127,none
B-004203,T-01087,V-0199,12218631.58,2,13,False,0.027,none
B-004204,T-01087,V-0422,13513730.22,10,14,False,0.036,none
B-004205,T-01087,V-0012,13469952.34,7,17,True,0.142,none
B-004206,T-01088,V-0072,355333.24,6,17,False,0.016,none
B-004207,T-01088,V-0453,328999.03,2,18,True,0.019,none
B-004208,T-01089,V-0038,774746.08,2,13,False,0.13,none
B-004209,T-01089,V-0135,811871.06,6,9,False,0.138,none
B-004210,T-01089,V-0320,768459.87,9,15,True,0.118,none
B-004211,T-01090,V-0431,15952792.63,4,14,False,0.147,none
B-004212,T-01090,V-0170,16004790.8,5,15,False,0.145,none
B-004213,T-01090,V-0414,16682850.51,10,18,True,0.041,none
B-004214,T-01091,V-0092,2290836.66,4,12,False,0.139,none
B-004215,T-01091,V-0191,2461769.58,1,16,True,0.015,none
B-004216,T-01091,V-0351,2646484.31,8,18,False,0.128,none
B-004217,T-01092,V-0043,774072.65,3,16,False,0.145,none
B-004218,T-01092,V-0109,973306.36,10,13,False,0.022,none
B-004219,T-01092,V-0195,951268.9,3,16,False,0.124,none
B-004220,T-01092,V-0471,866664.03,10,16,True,0.015,none
B-004221,T-01093,V-0428,850579.92,1,16,False,0.117,none
B-004222,T-01093,V-0487,823879.26,4,15,False,0.141,none
B-004223,T-01093,V-0369,884514.02,4,14,True,0.101,none
B-004224,T-01093,V-0219,872291.25,2,8,False,0.142,none
B-004225,T-01093,V-0262,754527.4,4,18,False,0.078,none
B-004226,T-01094,V-0136,2679664.59,1,10,True,0.066,none
B-004227,T-01094,V-0499,2556522.78,8,11,False,0.137,none
B-004228,T-01094,V-0030,2601322.85,0,11,False,0.0,none
B-004229,T-01094,V-0460,2475367.77,7,14,False,0.138,none
B-004230,T-01095,V-0023,1716198.79,6,9,False,0.146,none
B-004231,T-01095,V-0374,1650208.52,3,15,False,0.057,none
B-004232,T-01095,V-0293,1484333.97,9,13,False,0.0,none
B-004233,T-01095,V-0005,1428896.91,6,18,True,0.072,none
B-004234,T-01095,V-0215,1517334.79,1,18,False,0.062,none
B-004235,T-01096,V-0075,21046399.9,6,16,False,0.007,none
B-004236,T-01096,V-0021,20807278.93,4,9,False,0.075,none
B-004237,T-01096,V-0144,22053887.63,9,11,False,0.007,none
B-004238,T-01096,V-0279,21483811.51,10,10,False,0.058,none
B-004239,T-01096,V-0268,21704905.81,4,18,True,0.049,none
B-004240,T-01097,V-0219,3043787.64,6,8,True,0.048,none
B-004241,T-01097,V-0239,2736399.41,10,11,False,0.091,none
B-004242,T-01097,V-0152,2950190.61,0,14,False,0.118,none
B-004243,T-01097,V-0055,3175120.6,4,17,False,0.005,none
B-004244,T-01097,V-0301,2976014.56,9,15,False,0.097,none
B-004245,T-01097,V-0313,3075353.89,3,12,False,0.02,none
B-004246,T-01098,V-0361,37577227.48,10,8,False,0.019,none
B-004247,T-01098,V-0492,35942781.09,1,13,True,0.084,none
B-004248,T-01099,V-0279,438829.57,0,15,True,0.055,shell_company
B-004249,T-01099,V-0072,440407.26,5,11,False,0.013,none
B-004250,T-01099,V-0297,450222.44,6,10,False,0.156,none
B-004251,T-01099,V-0200,457107.15,2,14,False,0.159,none
B-004252,T-01100,V-0216,5884222.93,8,15,True,0.073,ai_generated_doc
B-004253,T-01100,V-0292,5649957.48,0,10,False,0.173,none
B-004254,T-01101,V-0101,113523.05,3,16,False,0.124,none
B-004255,T-01101,V-0395,116490.2,3,18,False,0.126,none
B-004256,T-01101,V-0188,109870.02,10,9,True,0.001,none
B-004257,T-01102,V-0453,3882037.09,7,12,True,0.051,none
B-004258,T-01102,V-0411,3715766.09,4,14,False,0.086,none
B-004259,T-01102,V-0167,4202163.94,5,9,False,0.004,none
B-004260,T-01103,V-0155,5255322.21,8,11,True,0.038,ai_generated_doc
B-004261,T-01103,V-0024,5596401.91,5,16,False,0.19,none
B-004262,T-01104,V-0289,2136390.5,9,15,False,0.015,none
B-004263,T-01104,V-0296,2364382.04,7,9,False,0.129,none
B-004264,T-01104,V-0006,2374298.18,0,11,True,0.005,none
B-004265,T-01104,V-0477,2164238.09,6,16,False,0.068,none
B-004266,T-01104,V-0112,2043222.39,0,17,False,0.046,none
B-004267,T-01105,V-0311,39782764.23,6,12,True,0.108,conflict_of_interest
B-004268,T-01105,V-0168,36660670.46,8,17,False,0.064,none
B-004269,T-01106,V-0286,668433.98,6,15,False,0.07,none
B-004270,T-01106,V-0132,696575.53,10,14,False,0.129,none
B-004271,T-01106,V-0059,701077.47,0,14,False,0.042,none
B-004272,T-01106,V-0387,827252.83,4,13,True,0.141,none
B-004273,T-01106,V-0285,769368.72,10,17,False,0.12,none
B-004274,T-01107,V-0431,38385379.51,3,8,False,0.034,none
B-004275,T-01107,V-0040,32511480.14,2,12,True,0.087,none
B-004276,T-01107,V-0327,34812528.63,6,15,False,0.05,none
B-004277,T-01108,V-0458,16179283.31,4,16,True,0.042,none
B-004278,T-01108,V-0135,15625981.74,8,8,False,0.088,none
B-004279,T-01108,V-0444,15225983.05,7,11,False,0.127,none
B-004280,T-01108,V-0174,15882277.17,8,9,False,0.149,none
B-004281,T-01108,V-0059,16869376.51,6,8,False,0.128,none
B-004282,T-01109,V-0247,677711.0,9,13,False,0.123,none
B-004283,T-01109,V-0026,689678.65,4,15,False,0.062,none
B-004284,T-01109,V-0232,694756.74,1,9,True,0.016,none
B-004285,T-01110,V-0242,4621233.96,10,13,False,0.063,none
B-004286,T-01110,V-0200,3532175.86,7,10,False,0.077,none
B-004287,T-01110,V-0157,4206875.52,7,10,True,0.025,none
B-004288,T-01110,V-0451,4013376.13,10,17,False,0.032,none
B-004289,T-01110,V-0230,4178639.25,8,13,False,0.04,none
B-004290,T-01110,V-0185,3881817.62,10,8,False,0.114,none
B-004291,T-01111,V-0259,421085.27,6,8,False,0.126,none
B-004292,T-01111,V-0132,440352.85,6,17,False,0.109,none
B-004293,T-01111,V-0489,501205.8,2,18,True,0.108,none
B-004294,T-01111,V-0350,442801.3,6,9,False,0.033,none
B-004295,T-01111,V-0194,400836.41,2,14,False,0.117,none
B-004296,T-01111,V-0270,411588.14,7,8,False,0.094,none
B-004297,T-01112,V-0455,1524749.33,0,18,False,0.031,none
B-004298,T-01112,V-0233,1398521.55,9,14,False,0.022,none
B-004299,T-01112,V-0224,1536347.13,3,15,False,0.07,none
B-004300,T-01112,V-0305,1636307.67,2,15,True,0.01,none
B-004301,T-01112,V-0191,1447556.81,1,8,False,0.142,none
B-004302,T-01113,V-0063,8901819.12,2,10,False,0.099,none
B-004303,T-01113,V-0066,8620064.81,0,14,False,0.081,none
B-004304,T-01113,V-0283,8006008.71,10,10,False,0.043,none
B-004305,T-01113,V-0305,8303840.86,2,11,True,0.029,none
B-004306,T-01114,V-0026,3606487.61,9,17,True,0.139,none
B-004307,T-01114,V-0403,3435734.88,4,12,False,0.057,none
B-004308,T-01114,V-0073,3292627.59,6,8,False,0.125,none
B-004309,T-01115,V-0289,2748214.83,6,17,True,0.052,none
B-004310,T-01115,V-0498,2800789.18,2,11,False,0.051,none
B-004311,T-01115,V-0132,2702367.12,8,14,False,0.048,none
B-004312,T-01115,V-0362,2435894.9,2,17,False,0.046,none
B-004313,T-01115,V-0116,3129586.48,2,16,False,0.052,none
B-004314,T-01116,V-0016,8550333.85,4,12,False,0.08,none
B-004315,T-01116,V-0402,8673756.3,8,13,True,0.043,none
B-004316,T-01117,V-0125,3118728.47,4,10,True,0.054,none
B-004317,T-01117,V-0054,2991564.77,4,10,False,0.079,none
B-004318,T-01117,V-0059,3094689.98,0,13,False,0.037,none
B-004319,T-01117,V-0492,2829274.0,7,14,False,0.114,none
B-004320,T-01118,V-0186,1237123.86,7,16,True,0.129,none
B-004321,T-01118,V-0170,1007798.54,6,16,False,0.08,none
B-004322,T-01118,V-0409,1021025.81,7,16,False,0.06,none
B-004323,T-01119,V-0117,1468744.82,2,9,True,0.037,none
B-004324,T-01119,V-0369,1625186.29,1,15,False,0.005,none
B-004325,T-01120,V-0496,2571498.89,3,17,False,0.116,none
B-004326,T-01120,V-0367,2378704.82,10,10,False,0.081,none
B-004327,T-01120,V-0462,2762625.69,7,17,False,0.079,none
B-004328,T-01120,V-0166,2681950.18,7,10,True,0.138,none
B-004329,T-01120,V-0286,2652265.08,8,15,False,0.03,none
B-004330,T-01120,V-0205,2679596.78,1,12,False,0.12,none
B-004331,T-01121,V-0185,987018.54,7,18,True,0.087,none
B-004332,T-01121,V-0408,976182.28,4,12,False,0.017,none
B-004333,T-01121,V-0209,827474.14,0,11,False,0.029,none
B-004334,T-01121,V-0088,947121.69,2,16,False,0.084,none
B-004335,T-01121,V-0295,882874.87,0,15,False,0.001,none
B-004336,T-01121,V-0418,888877.84,5,9,False,0.105,none
B-004337,T-01122,V-0159,4804610.73,2,18,True,0.024,none
B-004338,T-01122,V-0173,5292915.25,10,8,False,0.012,none
B-004339,T-01122,V-0350,5086785.83,7,13,False,0.045,none
B-004340,T-01122,V-0040,5613271.25,4,9,False,0.06,none
B-004341,T-01122,V-0076,5691245.99,8,15,False,0.093,none
B-004342,T-01123,V-0028,1220598.46,6,14,False,0.02,none
B-004343,T-01123,V-0444,1392280.76,7,13,True,0.098,none
B-004344,T-01124,V-0076,10749270.82,1,9,False,0.886,bid_rigging
B-004345,T-01124,V-0166,9281383.16,0,9,True,0.857,bid_rigging
B-004346,T-01124,V-0355,10544948.21,1,9,False,0.946,bid_rigging
B-004347,T-01124,V-0382,11101198.3,0,8,False,0.852,bid_rigging
B-004348,T-01125,V-0487,4636143.75,3,14,False,0.08,none
B-004349,T-01125,V-0252,4295104.76,10,8,False,0.064,none
B-004350,T-01125,V-0072,4533770.61,1,12,False,0.05,none
B-004351,T-01125,V-0461,4435280.72,9,10,False,0.034,none
B-004352,T-01125,V-0121,4432803.41,6,15,True,0.011,none
B-004353,T-01125,V-0352,4273046.45,10,16,False,0.051,none
B-004354,T-01126,V-0324,3340390.81,1,17,False,0.065,none
B-004355,T-01126,V-0235,3360941.27,9,15,False,0.1,none
B-004356,T-01126,V-0003,3756787.85,0,17,False,0.019,none
B-004357,T-01126,V-0048,3607629.04,1,17,False,0.02,none
B-004358,T-01126,V-0186,3573474.98,1,16,False,0.023,none
B-004359,T-01126,V-0022,3511774.78,5,10,True,0.036,none
B-004360,T-01127,V-0230,3499765.41,3,15,False,0.088,none
B-004361,T-01127,V-0430,3788983.48,8,10,False,0.089,none
B-004362,T-01127,V-0001,3493336.51,1,13,False,0.08,none
B-004363,T-01127,V-0425,3278188.69,10,13,False,0.137,none
B-004364,T-01127,V-0137,3724115.32,1,9,False,0.064,none
B-004365,T-01127,V-0294,3521222.46,3,17,True,0.097,none
B-004366,T-01128,V-0498,2923499.2,7,12,False,0.209,none
B-004367,T-01128,V-0009,3767128.17,4,10,True,0.09,price_inflation
B-004368,T-01128,V-0462,3132408.31,3,17,False,0.124,none
B-004369,T-01129,V-0307,1326119.4,1,10,False,0.045,none
B-004370,T-01129,V-0040,1451295.97,9,15,True,0.109,none
B-004371,T-01129,V-0264,1321993.15,3,18,False,0.065,none
B-004372,T-01129,V-0473,1346592.28,7,15,False,0.026,none
B-004373,T-01130,V-0097,1793072.77,4,17,False,0.135,none
B-004374,T-01130,V-0325,1904129.12,8,15,False,0.025,none
B-004375,T-01130,V-0156,2000128.12,6,13,True,0.071,none
B-004376,T-01130,V-0101,1749489.74,5,14,False,0.113,none
B-004377,T-01131,V-0457,2551399.16,10,8,False,0.125,none
B-004378,T-01131,V-0265,2536264.87,9,17,False,0.007,none
B-004379,T-01131,V-0443,2527264.29,3,12,True,0.139,none
B-004380,T-01132,V-0064,6911016.85,0,18,False,0.005,none
B-004381,T-01132,V-0150,6636696.91,0,17,False,0.043,none
B-004382,T-01132,V-0241,7083135.43,9,9,False,0.063,none
B-004383,T-01132,V-0297,6118276.52,5,15,True,0.034,none
B-004384,T-01133,V-0450,14321289.08,2,13,False,0.039,none
B-004385,T-01133,V-0085,14277430.27,2,8,True,0.033,none
B-004386,T-01133,V-0207,13294083.37,9,11,False,0.008,none
B-004387,T-01133,V-0195,15020512.31,1,12,False,0.138,none
B-004388,T-01134,V-0467,4158734.55,2,15,False,0.036,none
B-004389,T-01134,V-0051,3645952.25,1,15,True,0.028,none
B-004390,T-01135,V-0466,3970714.67,6,17,False,0.145,none
B-004391,T-01135,V-0033,3873479.28,0,8,False,0.095,none
B-004392,T-01135,V-0132,3688928.99,8,12,True,0.019,none
B-004393,T-01135,V-0251,3432909.98,9,11,False,0.033,none
B-004394,T-01136,V-0377,1368999.18,9,16,False,0.096,none
B-004395,T-01136,V-0139,1310143.67,10,13,True,0.092,none
B-004396,T-01136,V-0229,1575699.25,10,14,False,0.137,none
B-004397,T-01136,V-0410,1419661.65,7,15,False,0.12,none
B-004398,T-01136,V-0156,1399864.63,1,13,False,0.037,none
B-004399,T-01136,V-0083,1505799.43,9,8,False,0.118,none
B-004400,T-01137,V-0379,2879916.41,3,14,False,0.049,none
B-004401,T-01137,V-0154,2945664.28,0,11,False,0.021,none
B-004402,T-01137,V-0238,3100348.09,9,8,True,0.086,none
B-004403,T-01138,V-0221,1314229.94,6,9,False,0.13,none
B-004404,T-01138,V-0153,1275083.71,10,12,True,0.045,none
B-004405,T-01139,V-0127,5401912.05,4,18,False,0.141,none
B-004406,T-01139,V-0431,5347555.21,4,10,False,0.096,none
B-004407,T-01139,V-0377,5450425.72,1,14,True,0.093,none
B-004408,T-01139,V-0361,5387006.97,9,10,False,0.109,none
B-004409,T-01139,V-0166,4993679.5,0,14,False,0.066,none
B-004410,T-01140,V-0484,2061899.17,4,11,False,0.103,none
B-004411,T-01140,V-0292,1923750.21,6,17,True,0.003,none
B-004412,T-01140,V-0115,2066217.62,5,11,False,0.111,none
B-004413,T-01140,V-0318,1996915.33,10,17,False,0.13,none
B-004414,T-01141,V-0089,579506.25,5,15,False,0.03,none
B-004415,T-01141,V-0262,501681.46,8,9,True,0.134,none
B-004416,T-01141,V-0240,460514.92,3,8,False,0.14,none
B-004417,T-01141,V-0285,498836.57,3,12,False,0.051,none
B-004418,T-01142,V-0025,2680536.93,4,9,False,0.127,none
B-004419,T-01142,V-0092,2860529.3,2,12,True,0.114,none
B-004420,T-01142,V-0117,2507593.55,4,8,False,0.095,none
B-004421,T-01143,V-0365,1701232.86,0,11,True,0.035,none
B-004422,T-01143,V-0419,1971827.12,0,13,False,0.137,none
B-004423,T-01143,V-0234,1723995.6,6,8,False,0.019,none
B-004424,T-01144,V-0049,4120603.08,5,13,True,0.049,none
B-004425,T-01144,V-0419,4165929.55,7,8,False,0.121,none
B-004426,T-01144,V-0014,4213655.71,4,18,False,0.15,none
B-004427,T-01144,V-0249,4406299.36,0,12,False,0.023,none
B-004428,T-01145,V-0484,6933610.2,1,17,True,0.093,none
B-004429,T-01145,V-0174,7111431.38,5,13,False,0.128,none
B-004430,T-01145,V-0201,7223987.42,2,13,False,0.035,none
B-004431,T-01145,V-0156,7295075.24,0,15,False,0.116,none
B-004432,T-01146,V-0432,16749475.96,5,11,False,0.219,none
B-004433,T-01146,V-0127,20961997.94,4,9,True,0.185,price_inflation
B-004434,T-01147,V-0170,1544706.72,5,13,False,0.074,none
B-004435,T-01147,V-0354,1575867.03,1,14,True,0.065,none
B-004436,T-01148,V-0323,1663146.28,6,9,True,0.112,none
B-004437,T-01148,V-0332,1620290.83,2,9,False,0.101,none
B-004438,T-01148,V-0067,1626079.99,8,18,False,0.055,none
B-004439,T-01148,V-0142,1432719.07,6,11,False,0.047,none
B-004440,T-01148,V-0209,1587769.1,0,8,False,0.069,none
B-004441,T-01148,V-0125,1628542.06,1,13,False,0.006,none
B-004442,T-01149,V-0310,2537161.21,6,17,False,0.089,none
B-004443,T-01149,V-0287,2613127.64,4,11,False,0.137,none
B-004444,T-01149,V-0337,2546252.31,6,8,True,0.183,ai_generated_doc
B-004445,T-01149,V-0197,2478286.18,0,9,False,0.009,none
B-004446,T-01150,V-0375,4329991.61,2,15,False,0.125,none
B-004447,T-01150,V-0049,3976213.67,8,16,False,0.084,none
B-004448,T-01150,V-0434,3984505.34,8,17,False,0.031,none
B-004449,T-01150,V-0025,4005647.65,4,14,False,0.098,none
B-004450,T-01150,V-0110,4282069.08,6,11,True,0.083,none
B-004451,T-01151,V-0355,926269.33,1,16,True,0.163,shell_company
B-004452,T-01151,V-0363,941349.86,6,17,False,0.009,none
B-004453,T-01151,V-0274,940933.84,0,18,False,0.118,none
B-004454,T-01152,V-0388,29064543.1,2,16,False,0.005,none
B-004455,T-01152,V-0285,26697841.06,7,10,False,0.107,none
B-004456,T-01152,V-0274,28857782.79,2,8,False,0.109,none
B-004457,T-01152,V-0082,27569651.72,8,9,True,0.101,none
B-004458,T-01152,V-0194,27162817.21,4,15,False,0.023,none
B-004459,T-01153,V-0180,734491.86,7,16,True,0.033,none
B-004460,T-01153,V-0215,777252.6,0,16,False,0.033,none
B-004461,T-01153,V-0144,758459.5,6,17,False,0.067,none
B-004462,T-01154,V-0299,29216885.8,5,12,False,0.091,none
B-004463,T-01154,V-0321,24392183.68,3,14,False,0.069,none
B-004464,T-01154,V-0291,26505774.02,1,12,True,0.058,none
B-004465,T-01154,V-0190,24890415.09,4,17,False,0.005,none
B-004466,T-01154,V-0052,24365866.73,6,14,False,0.079,none
B-004467,T-01154,V-0328,25689892.88,6,15,False,0.056,none
B-004468,T-01155,V-0390,11940019.47,6,12,True,0.053,none
B-004469,T-01155,V-0251,13915919.25,0,13,False,0.1,none
B-004470,T-01155,V-0457,11711580.32,5,14,False,0.031,none
B-004471,T-01155,V-0051,11039380.93,4,11,False,0.139,none
B-004472,T-01156,V-0469,2959707.71,2,8,False,0.216,none
B-004473,T-01156,V-0320,3911829.79,8,13,True,0.129,price_inflation
B-004474,T-01157,V-0122,298430.29,7,15,False,0.119,none
B-004475,T-01157,V-0394,257071.18,0,18,False,0.03,none
B-004476,T-01157,V-0240,292000.58,6,15,True,0.103,none
B-004477,T-01158,V-0400,5979671.87,8,15,False,0.101,none
B-004478,T-01158,V-0082,6258740.96,0,9,False,0.022,none
B-004479,T-01158,V-0429,6322908.78,10,8,True,0.021,none
B-004480,T-01158,V-0212,5793430.53,5,12,False,0.051,none
B-004481,T-01158,V-0055,5919942.4,0,18,False,0.009,none
B-004482,T-01158,V-0190,5699322.81,5,12,False,0.088,none
B-004483,T-01159,V-0076,26276167.03,1,8,False,0.918,bid_rigging
B-004484,T-01159,V-0166,23003389.84,1,9,True,0.863,bid_rigging
B-004485,T-01159,V-0355,25289684.56,0,9,False,0.882,bid_rigging
B-004486,T-01159,V-0382,25307926.11,0,8,False,0.854,bid_rigging
B-004487,T-01160,V-0160,1293399.86,3,8,False,0.148,none
B-004488,T-01160,V-0080,1973126.11,4,9,True,0.131,price_inflation
B-004489,T-01160,V-0314,1284037.23,6,13,False,0.297,none
B-004490,T-01161,V-0078,262780.48,5,9,False,0.078,none
B-004491,T-01161,V-0262,287098.43,6,10,True,0.022,none
B-004492,T-01161,V-0317,260319.47,2,15,False,0.117,none
B-004493,T-01161,V-0254,274845.71,10,14,False,0.008,none
B-004494,T-01161,V-0354,265027.82,2,10,False,0.037,none
B-004495,T-01162,V-0400,324738.98,7,15,True,0.171,conflict_of_interest
B-004496,T-01162,V-0190,316058.91,1,10,False,0.072,none
B-004497,T-01163,V-0288,3389689.11,10,10,False,0.116,none
B-004498,T-01163,V-0377,3636142.79,8,8,False,0.051,none
B-004499,T-01163,V-0022,3025196.42,6,14,False,0.065,none
B-004500,T-01163,V-0422,2916626.48,8,9,False,0.127,none
B-004501,T-01163,V-0134,3256874.5,3,17,True,0.019,none
B-004502,T-01163,V-0052,3284553.9,8,16,False,0.044,none
B-004503,T-01164,V-0017,15774531.76,1,13,False,0.021,none
B-004504,T-01164,V-0298,15153297.37,6,17,False,0.048,none
B-004505,T-01164,V-0285,15382816.54,8,12,False,0.045,none
B-004506,T-01164,V-0195,15913590.76,2,8,True,0.022,none
B-004507,T-01164,V-0409,16542243.45,4,16,False,0.022,none
B-004508,T-01164,V-0099,13743820.18,8,16,False,0.125,none
B-004509,T-01165,V-0125,22270356.97,3,15,False,0.012,none
B-004510,T-01165,V-0444,23066665.0,5,8,True,0.034,none
B-004511,T-01166,V-0467,3115237.14,6,18,True,0.114,price_inflation
B-004512,T-01166,V-0272,2165414.86,1,12,False,0.236,none
B-004513,T-01167,V-0342,796305.5,6,9,True,0.004,none
B-004514,T-01167,V-0293,930255.01,7,9,False,0.131,none
B-004515,T-01167,V-0209,810592.98,9,9,False,0.125,none
B-004516,T-01168,V-0064,4865383.55,10,17,False,0.021,none
B-004517,T-01168,V-0375,5040186.57,4,15,False,0.061,none
B-004518,T-01168,V-0161,4704429.43,8,18,False,0.117,none
B-004519,T-01168,V-0433,4337071.75,4,9,False,0.145,none
B-004520,T-01168,V-0485,4752022.86,3,12,False,0.012,none
B-004521,T-01168,V-0193,5178731.57,1,11,True,0.113,none
B-004522,T-01169,V-0483,4041721.15,4,8,True,0.142,none
B-004523,T-01169,V-0439,3915607.0,5,9,False,0.105,none
B-004524,T-01170,V-0325,41731684.01,4,12,True,0.068,none
B-004525,T-01170,V-0059,38751201.77,8,13,False,0.062,none
B-004526,T-01170,V-0227,38325671.29,9,12,False,0.119,none
B-004527,T-01170,V-0447,39890382.18,6,15,False,0.015,none
B-004528,T-01171,V-0234,4472230.87,4,13,True,0.114,none
B-004529,T-01171,V-0269,4885399.85,6,12,False,0.047,none
B-004530,T-01171,V-0108,4486717.99,2,10,False,0.069,none
B-004531,T-01171,V-0035,4572021.98,10,15,False,0.09,none
B-004532,T-01171,V-0011,4144787.27,0,15,False,0.109,none
B-004533,T-01171,V-0101,4011446.34,0,11,False,0.032,none
B-004534,T-01172,V-0135,17749603.37,8,15,False,0.001,none
B-004535,T-01172,V-0132,17797177.45,3,11,False,0.091,none
B-004536,T-01172,V-0316,16539158.48,3,14,False,0.112,none
B-004537,T-01172,V-0321,17497480.37,9,12,False,0.013,none
B-004538,T-01172,V-0297,18107148.53,10,14,True,0.145,none
B-004539,T-01173,V-0008,2521776.65,1,18,False,0.167,none
B-004540,T-01173,V-0114,2520678.75,6,11,False,0.026,none
B-004541,T-01173,V-0085,2705110.39,1,8,False,0.299,none
B-004542,T-01173,V-0218,3674540.89,5,12,True,0.122,price_inflation
B-004543,T-01173,V-0388,2425201.12,5,11,False,0.119,none
B-004544,T-01174,V-0010,685396.49,8,14,False,0.07,none
B-004545,T-01174,V-0031,691188.72,4,16,False,0.057,none
B-004546,T-01174,V-0143,682601.75,10,18,True,0.088,none
B-004547,T-01174,V-0225,650480.63,8,17,False,0.041,none
B-004548,T-01175,V-0239,1418312.12,6,9,True,0.004,none
B-004549,T-01175,V-0006,1358160.45,0,15,False,0.12,none
B-004550,T-01176,V-0076,1401375.19,0,9,False,0.891,bid_rigging
B-004551,T-01176,V-0166,1427043.93,0,8,False,0.956,bid_rigging
B-004552,T-01176,V-0355,1431876.67,1,8,False,0.864,bid_rigging
B-004553,T-01176,V-0382,1198969.46,1,8,True,0.925,bid_rigging
B-004554,T-01177,V-0018,1646593.21,2,9,True,0.04,none
B-004555,T-01177,V-0142,1488521.49,4,9,False,0.142,none
B-004556,T-01178,V-0434,1271250.81,3,11,False,0.035,none
B-004557,T-01178,V-0303,1216823.53,10,16,False,0.045,none
B-004558,T-01178,V-0216,1515615.7,9,14,True,0.148,none
B-004559,T-01178,V-0229,1205648.28,5,13,False,0.141,none
B-004560,T-01179,V-0245,5802909.3,3,11,True,0.054,none
B-004561,T-01179,V-0397,6104774.29,0,8,False,0.047,none
B-004562,T-01180,V-0298,6089070.71,6,9,False,0.144,none
B-004563,T-01180,V-0092,6215218.39,9,15,True,0.097,none
B-004564,T-01180,V-0196,6514852.15,7,11,False,0.016,none
B-004565,T-01180,V-0320,6055902.62,7,11,False,0.144,none
B-004566,T-01180,V-0206,5505005.4,4,14,False,0.104,none
B-004567,T-01180,V-0178,5786798.6,2,12,False,0.076,none
B-004568,T-01181,V-0475,1221079.4,8,13,False,0.127,none
B-004569,T-01181,V-0470,1347715.27,6,13,False,0.145,none
B-004570,T-01181,V-0100,1098382.45,3,17,True,0.023,none
B-004571,T-01182,V-0283,665706.44,3,12,True,0.086,none
B-004572,T-01182,V-0232,627607.86,1,15,False,0.138,none
B-004573,T-01182,V-0339,652118.07,6,15,False,0.141,none
B-004574,T-01182,V-0047,617105.53,6,8,False,0.055,none
B-004575,T-01182,V-0133,589521.02,8,18,False,0.015,none
B-004576,T-01183,V-0236,642292.64,6,10,True,0.051,none
B-004577,T-01183,V-0311,638736.24,6,17,False,0.084,none
B-004578,T-01183,V-0064,650449.08,3,13,False,0.113,none
B-004579,T-01183,V-0060,614112.69,6,12,False,0.06,none
B-004580,T-01184,V-0355,682875.96,10,18,False,0.097,none
B-004581,T-01184,V-0305,642117.85,5,15,False,0.001,none
B-004582,T-01184,V-0229,743194.85,3,17,True,0.108,none
B-004583,T-01184,V-0007,726385.93,4,18,False,0.02,none
B-004584,T-01184,V-0052,667321.83,1,16,False,0.148,none
B-004585,T-01184,V-0480,685479.14,6,17,False,0.145,none
B-004586,T-01185,V-0309,5230318.4,0,13,False,0.004,none
B-004587,T-01185,V-0426,4902218.79,2,14,False,0.148,none
B-004588,T-01185,V-0436,5117018.87,0,8,True,0.1,none
B-004589,T-01186,V-0341,1656463.66,1,13,True,0.064,none
B-004590,T-01186,V-0394,1733390.52,6,9,False,0.127,none
B-004591,T-01187,V-0132,8372617.42,10,16,False,0.012,none
B-004592,T-01187,V-0403,7905674.14,1,11,False,0.0,none
B-004593,T-01187,V-0129,9824102.26,10,16,False,0.077,none
B-004594,T-01187,V-0495,9419321.85,10,11,False,0.08,none
B-004595,T-01187,V-0394,8351422.0,4,18,True,0.146,none
B-004596,T-01187,V-0382,8904117.17,9,17,False,0.008,none
B-004597,T-01188,V-0436,1320211.2,1,8,False,0.04,none
B-004598,T-01188,V-0207,1379994.32,4,16,True,0.019,none
B-004599,T-01188,V-0244,1224691.35,10,15,False,0.142,none
B-004600,T-01188,V-0065,1372345.51,3,18,False,0.149,none
B-004601,T-01188,V-0100,1245610.23,5,13,False,0.109,none
B-004602,T-01188,V-0345,1184719.23,1,17,False,0.021,none
B-004603,T-01189,V-0280,2323475.72,1,16,False,0.109,none
B-004604,T-01189,V-0069,2399178.5,6,12,True,0.018,none
B-004605,T-01189,V-0449,2572482.61,6,9,False,0.096,none
B-004606,T-01189,V-0071,2066440.65,10,11,False,0.124,none
B-004607,T-01189,V-0010,2320106.65,2,11,False,0.062,none
B-004608,T-01189,V-0210,2171977.43,1,18,False,0.065,none
B-004609,T-01190,V-0096,157746.03,6,15,True,0.065,none
B-004610,T-01190,V-0162,137371.53,0,11,False,0.022,none
B-004611,T-01190,V-0467,139249.29,9,18,False,0.01,none
B-004612,T-01190,V-0320,143650.76,9,11,False,0.099,none
B-004613,T-01190,V-0312,151378.4,5,10,False,0.118,none
B-004614,T-01190,V-0302,144869.28,8,10,False,0.133,none
B-004615,T-01191,V-0412,2358323.69,9,11,False,0.069,none
B-004616,T-01191,V-0232,2408392.98,4,17,False,0.127,none
B-004617,T-01191,V-0466,2350227.9,9,13,False,0.127,none
B-004618,T-01191,V-0052,2488959.63,2,10,True,0.047,none
B-004619,T-01191,V-0089,2325216.29,9,14,False,0.114,none
B-004620,T-01192,V-0142,760700.39,10,14,False,0.115,none
B-004621,T-01192,V-0389,887745.32,8,14,False,0.076,none
B-004622,T-01192,V-0492,790820.66,1,9,False,0.046,none
B-004623,T-01192,V-0127,865443.02,3,11,False,0.007,none
B-004624,T-01192,V-0410,898102.7,4,8,False,0.091,none
B-004625,T-01192,V-0471,843102.69,8,8,True,0.048,none
B-004626,T-01193,V-0430,29503798.43,5,17,False,0.101,none
B-004627,T-01193,V-0170,30627796.49,0,18,True,0.136,none
B-004628,T-01194,V-0399,1426723.64,9,8,False,0.026,none
B-004629,T-01194,V-0246,1308405.03,5,17,True,0.015,none
B-004630,T-01194,V-0271,1328128.89,2,8,False,0.107,none
B-004631,T-01195,V-0488,3459729.87,2,14,False,0.059,none
B-004632,T-01195,V-0120,3447320.55,0,11,False,0.022,none
B-004633,T-01195,V-0239,3364423.78,5,16,False,0.045,none
B-004634,T-01195,V-0086,3267639.81,8,8,True,0.026,none
B-004635,T-01195,V-0059,3246991.2,5,13,False,0.099,none
B-004636,T-01196,V-0239,37267396.09,3,17,False,0.125,none
B-004637,T-01196,V-0394,36620215.4,7,17,False,0.047,none
B-004638,T-01196,V-0116,34895836.21,5,9,False,0.085,none
B-004639,T-01196,V-0369,37744204.08,10,10,False,0.038,none
B-004640,T-01196,V-0233,35168603.92,7,12,True,0.102,none
B-004641,T-01197,V-0345,25444189.35,8,14,False,0.045,none
B-004642,T-01197,V-0110,26820810.27,7,14,False,0.031,none
B-004643,T-01197,V-0200,26039527.02,8,12,False,0.219,none
B-004644,T-01197,V-0493,34917182.71,3,8,True,0.239,price_inflation
B-004645,T-01197,V-0472,27574265.82,5,14,False,0.287,none
B-004646,T-01198,V-0036,5739121.08,0,9,False,0.879,bid_rigging
B-004647,T-01198,V-0058,4773005.33,0,8,True,0.855,bid_rigging
B-004648,T-01198,V-0099,5363997.44,0,8,False,0.872,bid_rigging
B-004649,T-01198,V-0379,5342225.83,1,9,False,0.949,bid_rigging
B-004650,T-01198,V-0410,5233987.71,1,8,False,0.874,bid_rigging
B-004651,T-01199,V-0032,1667029.9,0,16,False,0.044,none
B-004652,T-01199,V-0315,1676800.34,8,15,True,0.038,none
