document_id,bid_id,tender_id,vendor_id,author_matches_vendor_flag,creation_after_deadline_flag,modified_after_submission_flag,flesch_reading_ease,ai_generated_text_score,citation_verifiable_ratio,metadata_missing_flag,fraud_tag
D-000000,B-000000,T-00000,V-0254,True,False,False,33.3,0.225,0.9,False,none
D-000001,B-000001,T-00000,V-0259,True,False,False,31.7,0.195,1.0,False,none
D-000002,B-000002,T-00001,V-0013,True,False,False,41.9,0.3,0.96,False,none
D-000003,B-000003,T-00001,V-0396,True,False,False,60.7,0.057,0.94,False,none
D-000004,B-000004,T-00002,V-0246,True,False,False,41.3,0.38,0.91,False,none
D-000005,B-000005,T-00002,V-0026,True,False,False,55.7,0.04,0.93,False,none
D-000006,B-000006,T-00002,V-0198,True,False,False,44.5,0.219,0.85,False,none
D-000007,B-000007,T-00002,V-0392,True,False,False,50.8,0.318,0.88,False,none
D-000008,B-000008,T-00002,V-0193,True,False,False,53.4,0.173,0.92,False,none
D-000009,B-000009,T-00002,V-0356,True,False,False,26.4,0.344,0.92,False,none
D-000010,B-000010,T-00003,V-0290,True,False,False,52.0,0.279,0.86,False,none
D-000011,B-000011,T-00003,V-0023,True,False,False,43.3,0.199,0.94,False,none
D-000012,B-000012,T-00003,V-0410,True,False,False,58.3,0.098,0.99,False,none
D-000013,B-000013,T-00003,V-0007,True,False,False,9.1,0.069,0.92,False,none
D-000014,B-000014,T-00003,V-0447,True,False,False,60.5,0.492,0.98,False,none
D-000015,B-000015,T-00003,V-0368,True,False,False,28.4,0.19,0.87,False,none
D-000016,B-000016,T-00004,V-0253,True,False,False,23.5,0.136,0.93,False,none
D-000017,B-000017,T-00004,V-0361,True,False,False,41.3,0.454,0.92,False,none
D-000018,B-000018,T-00004,V-0376,True,False,False,48.2,0.419,0.88,False,none
D-000019,B-000019,T-00005,V-0257,True,False,False,49.8,0.081,0.98,True,none
D-000020,B-000020,T-00005,V-0053,True,False,False,45.7,0.292,0.94,False,none
D-000021,B-000021,T-00005,V-0027,True,False,False,47.5,0.08,0.92,False,none
D-000022,B-000022,T-00005,V-0177,True,False,False,56.6,0.272,0.92,False,none
D-000023,B-000023,T-00005,V-0461,True,False,False,45.7,0.036,0.92,True,none
D-000024,B-000024,T-00005,V-0210,True,False,False,44.5,0.15,0.94,False,none
D-000025,B-000025,T-00006,V-0010,True,False,False,35.1,0.117,1.0,False,none
D-000026,B-000026,T-00006,V-0255,True,False,False,35.9,0.115,0.86,False,none
D-000027,B-000027,T-00007,V-0196,True,False,False,41.2,0.063,0.88,False,none
D-000028,B-000028,T-00007,V-0253,True,False,False,66.6,0.048,0.93,False,none
D-000029,B-000029,T-00007,V-0009,True,False,False,52.9,0.359,0.87,False,none
D-000030,B-000030,T-00007,V-0441,True,False,False,66.8,0.038,0.99,False,none
D-000031,B-000031,T-00007,V-0195,True,False,False,41.7,0.187,0.85,False,none
D-000032,B-000032,T-00007,V-0227,True,False,False,12.5,0.143,0.98,False,none
D-000033,B-000033,T-00008,V-0371,True,False,False,39.0,0.187,0.89,False,none
D-000034,B-000034,T-00008,V-0424,True,False,False,46.5,0.241,0.88,False,none
D-000035,B-000035,T-00008,V-0318,True,False,False,50.7,0.102,1.0,False,none
D-000036,B-000036,T-00008,V-0222,True,False,False,44.4,0.173,0.91,False,none
D-000037,B-000037,T-00009,V-0239,True,False,False,31.7,0.072,0.94,False,none
D-000038,B-000038,T-00009,V-0381,True,False,False,36.6,0.132,0.96,False,none
D-000039,B-000039,T-00009,V-0473,True,False,False,31.6,0.242,0.91,True,none
D-000040,B-000040,T-00009,V-0121,True,False,False,43.2,0.219,0.92,False,none
D-000041,B-000041,T-00009,V-0067,True,False,False,53.2,0.219,0.9,False,none
D-000042,B-000042,T-00010,V-0006,True,False,False,48.4,0.315,0.97,True,none
D-000043,B-000043,T-00010,V-0063,True,False,False,32.2,0.433,0.86,False,none
D-000044,B-000044,T-00010,V-0157,True,False,False,59.4,0.045,0.86,False,none
D-000045,B-000045,T-00010,V-0291,True,False,False,61.9,0.19,0.93,False,none
D-000046,B-000046,T-00010,V-0338,True,False,False,49.0,0.042,0.89,False,none
D-000047,B-000047,T-00010,V-0164,True,False,False,52.9,0.181,0.86,False,none
D-000048,B-000048,T-00011,V-0225,True,False,False,51.2,0.351,0.92,False,none
D-000049,B-000049,T-00011,V-0092,True,False,False,57.8,0.095,0.85,False,none
D-000050,B-000050,T-00012,V-0446,True,False,False,46.9,0.293,0.93,False,none
D-000051,B-000051,T-00012,V-0316,True,False,False,48.5,0.011,0.87,False,none
D-000052,B-000052,T-00012,V-0335,True,False,False,37.4,0.026,0.95,False,none
D-000053,B-000053,T-00013,V-0367,True,False,False,42.4,0.223,0.94,False,none
D-000054,B-000054,T-00013,V-0116,True,False,False,45.1,0.293,0.95,False,none
D-000055,B-000055,T-00013,V-0031,True,False,False,25.5,0.114,0.94,False,none
D-000056,B-000056,T-00013,V-0487,True,False,False,61.8,0.103,0.93,False,none
D-000057,B-000057,T-00013,V-0365,True,False,False,20.1,0.048,0.91,False,none
D-000058,B-000058,T-00013,V-0132,True,False,False,53.3,0.347,0.93,False,none
D-000059,B-000059,T-00014,V-0036,True,False,False,39.4,0.26,0.92,False,none
D-000060,B-000060,T-00014,V-0328,True,False,False,27.2,0.293,0.89,False,none
D-000061,B-000061,T-00014,V-0218,True,False,False,44.9,0.076,0.96,False,none
D-000062,B-000062,T-00014,V-0448,True,False,False,39.8,0.068,0.88,False,none
D-000063,B-000063,T-00014,V-0144,True,False,False,25.5,0.358,0.88,True,none
D-000064,B-000064,T-00015,V-0466,True,False,False,41.9,0.495,0.93,False,none
D-000065,B-000065,T-00015,V-0302,True,False,False,50.3,0.096,0.97,False,none
D-000066,B-000066,T-00015,V-0013,True,False,False,33.1,0.094,0.96,False,none
D-000067,B-000067,T-00016,V-0016,True,False,False,35.8,0.216,0.91,False,none
D-000068,B-000068,T-00016,V-0336,True,False,False,55.8,0.401,0.9,False,none
D-000069,B-000069,T-00016,V-0371,True,False,False,35.6,0.238,0.88,False,none
D-000070,B-000070,T-00016,V-0076,True,False,False,53.0,0.078,0.89,False,none
D-000071,B-000071,T-00016,V-0195,True,False,False,18.6,0.116,0.94,False,none
D-000072,B-000072,T-00016,V-0390,True,False,False,42.7,0.028,0.93,False,none
D-000073,B-000073,T-00017,V-0428,True,False,False,30.7,0.264,0.88,False,none
D-000074,B-000074,T-00017,V-0294,True,False,False,50.4,0.154,0.85,False,none
D-000075,B-000075,T-00017,V-0150,True,False,False,48.3,0.4,0.87,True,none
D-000076,B-000076,T-00018,V-0185,True,False,False,39.4,0.078,0.93,False,none
D-000077,B-000077,T-00018,V-0040,True,False,False,52.1,0.204,0.98,False,none
D-000078,B-000078,T-00018,V-0180,True,False,False,59.0,0.428,0.92,False,none
D-000079,B-000079,T-00018,V-0286,True,False,False,40.1,0.182,0.91,False,none
D-000080,B-000080,T-00018,V-0258,True,False,False,36.4,0.255,0.96,False,none
D-000081,B-000081,T-00019,V-0310,True,False,False,43.4,0.253,0.86,False,none
D-000082,B-000082,T-00019,V-0133,True,False,False,42.0,0.165,0.96,False,none
D-000083,B-000083,T-00019,V-0407,True,False,False,56.6,0.023,0.86,False,none
D-000084,B-000084,T-00020,V-0460,True,False,False,57.1,0.099,0.91,False,none
D-000085,B-000085,T-00020,V-0092,True,False,False,37.0,0.115,0.93,False,none
D-000086,B-000086,T-00020,V-0448,True,False,False,54.2,0.143,0.98,False,none
D-000087,B-000087,T-00021,V-0426,True,False,False,47.8,0.173,0.99,False,none
D-000088,B-000088,T-00021,V-0220,True,False,False,39.2,0.243,0.86,False,none
D-000089,B-000089,T-00022,V-0065,True,False,False,44.4,0.328,0.98,False,none
D-000090,B-000090,T-00022,V-0205,True,False,False,36.4,0.522,0.87,False,none
D-000091,B-000091,T-00022,V-0356,True,False,False,60.7,0.183,0.94,False,none
D-000092,B-000092,T-00022,V-0285,True,False,False,39.0,0.144,0.95,False,none
D-000093,B-000093,T-00023,V-0379,True,False,False,56.5,0.125,1.0,False,none
D-000094,B-000094,T-00023,V-0427,True,False,False,41.6,0.142,0.99,False,none
D-000095,B-000095,T-00023,V-0223,True,False,False,23.7,0.282,0.94,False,none
D-000096,B-000096,T-00023,V-0148,True,False,False,62.5,0.323,0.97,False,none
D-000097,B-000097,T-00023,V-0387,True,False,False,45.4,0.128,0.93,False,none
D-000098,B-000098,T-00024,V-0143,True,False,False,42.4,0.383,0.97,False,none
D-000099,B-000099,T-00024,V-0483,True,False,False,45.4,0.298,0.87,False,none
D-000100,B-000100,T-00024,V-0395,True,False,False,44.3,0.181,0.95,False,none
D-000101,B-000101,T-00024,V-0049,True,False,False,33.2,0.061,0.98,False,none
D-000102,B-000102,T-00024,V-0118,True,False,False,42.6,0.203,0.97,True,none
D-000103,B-000103,T-00024,V-0152,True,False,False,26.7,0.185,0.95,False,none
D-000104,B-000104,T-00025,V-0050,True,False,False,48.9,0.299,0.85,False,none
D-000105,B-000105,T-00025,V-0177,True,False,False,24.3,0.368,0.94,False,none
D-000106,B-000106,T-00025,V-0145,True,False,False,26.4,0.171,0.96,False,none
D-000107,B-000107,T-00025,V-0084,True,False,False,20.0,0.038,0.95,False,none
D-000108,B-000108,T-00026,V-0358,False,False,False,41.9,0.155,0.94,False,shell_company
D-000109,B-000109,T-00026,V-0387,True,False,False,43.1,0.124,0.89,False,none
D-000110,B-000110,T-00026,V-0086,True,False,False,29.8,0.182,0.92,False,none
D-000111,B-000111,T-00026,V-0014,True,False,False,55.4,0.034,0.92,False,none
D-000112,B-000112,T-00027,V-0227,True,False,False,25.1,0.269,0.97,False,none
D-000113,B-000113,T-00027,V-0455,True,False,False,43.5,0.208,0.92,False,none
D-000114,B-000114,T-00028,V-0495,True,False,False,47.1,0.038,0.91,False,none
D-000115,B-000115,T-00028,V-0181,True,False,False,47.0,0.429,0.92,False,none
D-000116,B-000116,T-00029,V-0344,True,False,False,38.2,0.275,0.9,False,none
D-000117,B-000117,T-00029,V-0397,True,False,False,53.2,0.13,0.99,False,none
D-000118,B-000118,T-00029,V-0037,True,False,False,61.0,0.191,0.99,False,none
D-000119,B-000119,T-00029,V-0361,True,False,False,42.8,0.117,0.99,False,none
D-000120,B-000120,T-00029,V-0352,True,False,False,49.9,0.581,0.93,False,none
D-000121,B-000121,T-00029,V-0161,True,False,False,49.7,0.188,0.91,False,none
D-000122,B-000122,T-00030,V-0344,True,False,False,54.9,0.334,0.92,False,none
D-000123,B-000123,T-00030,V-0100,True,False,False,52.9,0.391,0.91,False,none
D-000124,B-000124,T-00030,V-0135,True,False,False,30.7,0.289,0.98,False,none
D-000125,B-000125,T-00031,V-0001,True,False,False,43.6,0.138,0.94,False,none
D-000126,B-000126,T-00031,V-0222,True,False,False,37.3,0.344,0.97,True,none
D-000127,B-000127,T-00031,V-0034,True,False,False,36.3,0.343,0.93,False,none
D-000128,B-000128,T-00032,V-0120,True,False,False,21.2,0.125,0.98,False,none
D-000129,B-000129,T-00032,V-0326,True,False,False,45.4,0.127,0.91,False,none
D-000130,B-000130,T-00032,V-0178,True,False,False,43.9,0.229,0.96,False,none
D-000131,B-000131,T-00032,V-0247,True,False,False,45.8,0.033,0.95,False,none
D-000132,B-000132,T-00032,V-0271,True,False,False,42.4,0.038,0.93,False,none
D-000133,B-000133,T-00032,V-0336,True,False,False,40.1,0.073,0.91,False,none
D-000134,B-000134,T-00033,V-0126,True,False,False,69.3,0.44,0.87,False,none
D-000135,B-000135,T-00033,V-0339,True,False,False,31.6,0.163,0.99,False,none
D-000136,B-000136,T-00033,V-0217,True,False,False,60.1,0.275,0.89,False,none
D-000137,B-000137,T-00033,V-0059,True,False,False,48.3,0.295,0.89,False,none
D-000138,B-000138,T-00034,V-0259,True,False,False,37.6,0.111,0.91,False,none
D-000139,B-000139,T-00034,V-0110,True,False,False,45.2,0.269,0.96,False,none
D-000140,B-000140,T-00034,V-0455,True,False,False,50.2,0.186,0.92,False,none
D-000141,B-000141,T-00034,V-0435,True,False,False,66.8,0.058,0.93,False,none
D-000142,B-000142,T-00035,V-0173,True,False,False,57.2,0.268,0.9,False,none
D-000143,B-000143,T-00035,V-0325,True,False,False,37.1,0.28,0.86,False,none
D-000144,B-000144,T-00035,V-0419,True,False,False,55.5,0.407,0.96,False,none
D-000145,B-000145,T-00036,V-0312,True,False,False,42.3,0.079,0.96,False,none
D-000146,B-000146,T-00036,V-0168,True,False,False,44.0,0.101,0.95,False,none
D-000147,B-000147,T-00036,V-0066,True,False,False,44.5,0.241,0.92,False,none
D-000148,B-000148,T-00036,V-0309,True,False,False,28.3,0.148,0.9,False,none
D-000149,B-000149,T-00036,V-0276,True,False,False,40.0,0.075,0.97,False,none
D-000150,B-000150,T-00036,V-0010,True,False,False,43.4,0.055,0.86,False,none
D-000151,B-000151,T-00037,V-0466,True,False,False,62.2,0.109,0.9,False,none
D-000152,B-000152,T-00037,V-0191,True,False,False,70.0,0.276,0.93,False,none
D-000153,B-000153,T-00037,V-0169,True,False,False,59.9,0.264,0.98,False,none
D-000154,B-000154,T-00038,V-0021,True,False,False,53.4,0.496,0.93,False,none
D-000155,B-000155,T-00038,V-0080,True,False,False,39.3,0.334,0.86,False,none
D-000156,B-000156,T-00038,V-0144,True,False,False,48.6,0.299,0.96,False,none
D-000157,B-000157,T-00038,V-0154,True,False,False,40.1,0.134,0.9,False,none
D-000158,B-000158,T-00038,V-0012,True,False,False,32.8,0.058,0.97,True,none
D-000159,B-000159,T-00039,V-0309,True,False,False,62.4,0.056,0.91,False,none
D-000160,B-000160,T-00039,V-0470,True,False,False,42.2,0.082,0.95,False,none
D-000161,B-000161,T-00039,V-0077,True,False,False,41.0,0.493,1.0,False,none
D-000162,B-000162,T-00039,V-0048,True,False,False,38.9,0.257,0.98,False,none
D-000163,B-000163,T-00039,V-0376,True,False,False,49.5,0.314,0.88,False,none
D-000164,B-000164,T-00039,V-0301,True,False,False,35.4,0.131,0.93,False,none
D-000165,B-000165,T-00040,V-0287,True,False,False,41.5,0.326,0.97,False,none
D-000166,B-000166,T-00040,V-0142,True,False,False,23.0,0.154,0.86,False,none
D-000167,B-000167,T-00040,V-0247,True,False,False,54.8,0.087,0.9,False,none
D-000168,B-000168,T-00040,V-0145,True,False,False,53.4,0.02,0.99,False,none
D-000169,B-000169,T-00040,V-0464,True,False,False,41.7,0.028,0.85,False,none
D-000170,B-000170,T-00041,V-0055,True,False,False,34.1,0.19,0.95,False,none
D-000171,B-000171,T-00041,V-0329,True,False,False,51.2,0.038,0.93,False,none
D-000172,B-000172,T-00041,V-0159,True,False,False,30.9,0.283,0.96,False,none
D-000173,B-000173,T-00041,V-0170,True,False,False,44.0,0.141,0.93,False,none
D-000174,B-000174,T-00041,V-0073,True,False,False,52.6,0.151,0.99,False,none
D-000175,B-000175,T-00041,V-0414,True,False,False,36.2,0.216,0.88,False,none
D-000176,B-000176,T-00042,V-0427,True,False,False,41.9,0.055,0.96,False,none
D-000177,B-000177,T-00042,V-0077,True,False,False,35.1,0.288,0.86,False,none
D-000178,B-000178,T-00042,V-0018,True,False,False,28.8,0.103,0.87,False,none
D-000179,B-000179,T-00042,V-0164,True,False,False,49.1,0.11,0.9,False,none
D-000180,B-000180,T-00043,V-0471,True,False,False,41.3,0.103,0.99,False,none
D-000181,B-000181,T-00043,V-0053,True,False,False,45.3,0.178,0.88,False,none
D-000182,B-000182,T-00044,V-0011,True,False,False,40.8,0.133,0.94,False,conflict_of_interest
D-000183,B-000183,T-00044,V-0446,True,False,False,45.3,0.022,0.92,False,none
D-000184,B-000184,T-00044,V-0498,True,False,False,39.0,0.097,0.99,False,none
D-000185,B-000185,T-00045,V-0368,True,False,False,46.5,0.241,0.89,False,none
D-000186,B-000186,T-00045,V-0472,True,False,False,46.9,0.061,0.88,False,none
D-000187,B-000187,T-00045,V-0450,True,False,False,39.4,0.426,0.9,False,none
D-000188,B-000188,T-00045,V-0346,True,False,False,52.3,0.201,0.86,False,none
D-000189,B-000189,T-00046,V-0265,True,False,False,35.5,0.337,0.95,False,none
D-000190,B-000190,T-00046,V-0309,True,False,False,30.0,0.251,0.87,False,none
D-000191,B-000191,T-00046,V-0128,True,False,False,19.6,0.255,0.96,False,none
D-000192,B-000192,T-00046,V-0241,True,False,False,61.7,0.342,0.94,False,none
D-000193,B-000193,T-00047,V-0159,True,False,False,33.2,0.131,0.94,False,none
D-000194,B-000194,T-00047,V-0359,True,False,False,44.9,0.375,0.86,False,none
D-000195,B-000195,T-00048,V-0304,True,False,False,42.4,0.069,0.86,False,none
D-000196,B-000196,T-00048,V-0080,True,False,False,36.3,0.101,0.97,False,none
D-000197,B-000197,T-00048,V-0034,True,False,False,30.3,0.074,0.89,False,none
D-000198,B-000198,T-00048,V-0179,True,False,False,44.5,0.016,0.97,False,none
D-000199,B-000199,T-00048,V-0325,True,False,False,27.9,0.278,0.88,False,none
D-000200,B-000200,T-00049,V-0039,True,False,False,55.7,0.281,0.88,False,none
D-000201,B-000201,T-00049,V-0303,True,False,False,47.0,0.105,0.91,False,none
D-000202,B-000202,T-00049,V-0078,True,False,False,56.4,0.039,0.95,False,none
D-000203,B-000203,T-00050,V-0169,True,False,False,38.9,0.265,0.99,False,none
D-000204,B-000204,T-00050,V-0294,True,False,False,44.5,0.132,0.87,False,none
D-000205,B-000205,T-00050,V-0395,True,False,False,0.7,0.469,0.94,False,none
D-000206,B-000206,T-00050,V-0436,True,False,False,37.3,0.117,0.93,False,none
D-000207,B-000207,T-00050,V-0303,True,False,False,36.2,0.279,0.89,False,none
D-000208,B-000208,T-00051,V-0070,True,False,False,53.5,0.048,0.87,False,none
D-000209,B-000209,T-00051,V-0261,True,False,False,40.0,0.541,0.93,False,none
D-000210,B-000210,T-00052,V-0193,True,False,False,46.2,0.016,0.92,False,none
D-000211,B-000211,T-00052,V-0396,True,False,False,38.4,0.118,1.0,False,none
D-000212,B-000212,T-00052,V-0197,True,False,False,20.4,0.042,0.96,False,none
D-000213,B-000213,T-00052,V-0361,True,False,False,19.4,0.339,0.96,False,none
D-000214,B-000214,T-00052,V-0242,True,False,False,38.1,0.318,0.93,False,none
D-000215,B-000215,T-00053,V-0460,True,False,False,44.5,0.237,0.92,False,none
D-000216,B-000216,T-00053,V-0222,True,False,False,27.0,0.152,0.92,False,none
D-000217,B-000217,T-00053,V-0333,True,False,False,35.3,0.241,0.97,False,none
D-000218,B-000218,T-00053,V-0178,True,False,False,38.3,0.108,0.97,False,none
D-000219,B-000219,T-00053,V-0091,True,False,False,37.8,0.173,0.9,False,none
D-000220,B-000220,T-00053,V-0012,True,False,False,31.4,0.341,0.99,False,none
D-000221,B-000221,T-00054,V-0468,True,False,False,56.9,0.112,0.88,False,none
D-000222,B-000222,T-00054,V-0129,True,False,False,34.1,0.087,0.87,False,none
D-000223,B-000223,T-00054,V-0257,True,False,False,29.0,0.137,1.0,False,none
D-000224,B-000224,T-00054,V-0471,True,False,False,51.6,0.122,0.92,False,none
D-000225,B-000225,T-00055,V-0311,True,False,False,30.2,0.197,0.9,False,none
D-000226,B-000226,T-00055,V-0323,True,False,False,63.9,0.058,0.88,False,none
D-000227,B-000227,T-00055,V-0232,True,False,False,47.9,0.135,0.85,False,none
D-000228,B-000228,T-00055,V-0251,True,False,False,46.2,0.033,0.99,False,none
D-000229,B-000229,T-00055,V-0088,True,False,False,52.4,0.094,0.93,False,none
D-000230,B-000230,T-00056,V-0160,True,False,False,53.2,0.278,0.97,False,none
D-000231,B-000231,T-00056,V-0049,True,False,False,48.8,0.336,0.94,False,none
D-000232,B-000232,T-00057,V-0459,True,False,False,19.1,0.076,0.88,False,none
D-000233,B-000233,T-00057,V-0363,True,False,False,53.6,0.366,0.97,False,none
D-000234,B-000234,T-00057,V-0086,True,False,False,33.3,0.424,0.97,False,none
D-000235,B-000235,T-00057,V-0463,True,False,False,50.3,0.397,0.98,False,none
D-000236,B-000236,T-00058,V-0088,True,False,False,59.5,0.032,0.94,False,none
D-000237,B-000237,T-00058,V-0227,True,False,False,45.7,0.124,0.9,False,none
D-000238,B-000238,T-00059,V-0159,True,False,False,47.3,0.24,0.88,False,none
D-000239,B-000239,T-00059,V-0140,True,False,False,41.2,0.339,0.94,False,none
D-000240,B-000240,T-00060,V-0093,True,False,False,62.0,0.058,0.99,False,price_inflation
D-000241,B-000241,T-00060,V-0373,True,False,False,21.9,0.221,0.88,False,none
D-000242,B-000242,T-00061,V-0157,True,False,False,57.6,0.068,0.87,False,none
D-000243,B-000243,T-00061,V-0428,True,False,False,55.2,0.222,0.85,False,none
D-000244,B-000244,T-00061,V-0348,True,False,False,32.8,0.148,0.85,False,none
D-000245,B-000245,T-00062,V-0427,True,False,False,53.9,0.276,0.92,False,none
D-000246,B-000246,T-00062,V-0096,True,False,False,24.8,0.078,0.86,False,none
D-000247,B-000247,T-00062,V-0139,True,False,False,62.6,0.124,0.98,False,none
D-000248,B-000248,T-00063,V-0230,True,False,False,29.8,0.405,0.92,False,none
D-000249,B-000249,T-00063,V-0424,True,False,False,34.4,0.425,0.87,False,none
D-000250,B-000250,T-00063,V-0323,True,False,False,60.3,0.146,0.94,False,none
D-000251,B-000251,T-00063,V-0351,True,False,False,53.7,0.618,0.96,False,none
D-000252,B-000252,T-00063,V-0425,True,False,False,48.6,0.199,0.97,False,none
D-000253,B-000253,T-00063,V-0087,True,False,False,42.1,0.17,0.9,False,none
D-000254,B-000254,T-00064,V-0132,True,False,False,22.3,0.431,0.97,False,none
D-000255,B-000255,T-00064,V-0111,True,False,False,38.4,0.068,0.88,False,none
D-000256,B-000256,T-00064,V-0239,True,False,False,38.7,0.473,0.96,False,none
D-000257,B-000257,T-00065,V-0461,True,False,False,41.7,0.186,0.93,False,none
D-000258,B-000258,T-00065,V-0017,True,False,False,40.6,0.189,0.98,False,none
D-000259,B-000259,T-00065,V-0165,True,False,False,50.6,0.26,0.98,False,none
D-000260,B-000260,T-00065,V-0359,True,False,False,48.6,0.293,0.86,False,none
D-000261,B-000261,T-00065,V-0053,True,False,False,52.2,0.331,0.88,False,none
D-000262,B-000262,T-00065,V-0322,True,False,False,55.9,0.34,0.97,False,none
D-000263,B-000263,T-00066,V-0374,True,False,False,74.0,0.023,0.94,False,none
D-000264,B-000264,T-00066,V-0204,True,False,False,38.4,0.095,0.98,False,none
D-000265,B-000265,T-00066,V-0242,True,False,False,54.7,0.321,1.0,False,none
D-000266,B-000266,T-00066,V-0427,True,False,False,28.3,0.214,0.85,False,none
D-000267,B-000267,T-00066,V-0124,True,False,False,63.1,0.337,0.87,False,none
D-000268,B-000268,T-00067,V-0453,True,False,False,53.8,0.337,0.94,False,none
D-000269,B-000269,T-00067,V-0305,True,False,False,33.7,0.271,0.9,False,none
D-000270,B-000270,T-00067,V-0494,True,False,False,48.9,0.065,0.9,False,none
D-000271,B-000271,T-00067,V-0357,True,False,False,38.7,0.106,0.88,False,none
D-000272,B-000272,T-00068,V-0036,True,False,True,67.7,0.264,0.85,True,bid_rigging
D-000273,B-000273,T-00068,V-0058,True,False,False,50.5,0.102,0.95,False,bid_rigging
D-000274,B-000274,T-00068,V-0099,True,False,False,44.7,0.055,0.87,False,bid_rigging
D-000275,B-000275,T-00069,V-0467,True,False,False,55.4,0.425,0.91,False,none
D-000276,B-000276,T-00069,V-0241,True,False,False,39.0,0.295,0.98,False,none
D-000277,B-000277,T-00069,V-0342,True,False,False,55.7,0.157,0.91,False,none
D-000278,B-000278,T-00070,V-0305,True,False,False,44.3,0.133,0.93,False,none
D-000279,B-000279,T-00070,V-0201,True,False,False,38.8,0.653,0.92,True,none
D-000280,B-000280,T-00070,V-0273,True,False,False,33.6,0.069,0.88,False,none
D-000281,B-000281,T-00070,V-0036,True,False,False,68.1,0.082,0.91,False,none
D-000282,B-000282,T-00070,V-0177,True,False,False,68.8,0.09,0.88,False,none
D-000283,B-000283,T-00071,V-0255,True,False,False,49.1,0.063,0.89,False,none
D-000284,B-000284,T-00071,V-0096,True,False,False,54.5,0.059,0.87,False,none
D-000285,B-000285,T-00071,V-0022,True,False,False,52.4,0.111,0.9,False,none
D-000286,B-000286,T-00072,V-0017,True,False,False,41.5,0.268,0.94,False,none
D-000287,B-000287,T-00072,V-0133,True,False,False,50.2,0.018,0.89,False,none
D-000288,B-000288,T-00072,V-0490,True,False,False,56.1,0.203,0.88,False,none
D-000289,B-000289,T-00072,V-0488,True,False,False,46.1,0.037,0.94,False,none
D-000290,B-000290,T-00072,V-0215,True,False,False,58.6,0.075,0.93,False,none
D-000291,B-000291,T-00073,V-0351,True,False,False,43.5,0.042,0.85,False,none
D-000292,B-000292,T-00073,V-0232,True,False,False,38.7,0.059,0.99,False,none
D-000293,B-000293,T-00073,V-0005,True,False,False,45.4,0.114,0.99,False,none
D-000294,B-000294,T-00073,V-0248,True,False,False,59.0,0.015,0.91,False,none
D-000295,B-000295,T-00073,V-0334,True,False,False,49.3,0.175,0.97,False,none
D-000296,B-000296,T-00074,V-0388,True,False,False,54.8,0.169,0.99,False,none
D-000297,B-000297,T-00074,V-0196,True,False,False,42.9,0.123,0.85,False,none
D-000298,B-000298,T-00074,V-0445,True,False,False,49.1,0.427,0.98,False,none
D-000299,B-000299,T-00074,V-0345,True,False,False,39.9,0.127,0.89,False,none
D-000300,B-000300,T-00074,V-0040,True,False,False,33.6,0.125,0.99,False,none
D-000301,B-000301,T-00074,V-0076,True,False,False,46.2,0.252,0.88,False,none
D-000302,B-000302,T-00075,V-0172,True,False,False,43.5,0.263,0.88,False,none
D-000303,B-000303,T-00075,V-0345,True,False,False,36.2,0.315,0.86,False,none
D-000304,B-000304,T-00075,V-0151,True,False,False,34.4,0.276,0.98,False,none
D-000305,B-000305,T-00075,V-0392,True,False,False,26.8,0.271,0.99,False,none
D-000306,B-000306,T-00075,V-0419,True,False,False,38.9,0.014,0.87,False,none
D-000307,B-000307,T-00076,V-0273,True,False,False,41.9,0.385,0.95,False,none
D-000308,B-000308,T-00076,V-0048,True,False,False,60.2,0.092,0.9,False,none
D-000309,B-000309,T-00077,V-0124,True,False,False,45.1,0.292,0.93,False,none
D-000310,B-000310,T-00077,V-0470,True,False,False,46.7,0.207,0.89,False,none
D-000311,B-000311,T-00077,V-0422,True,False,False,41.2,0.145,0.93,False,none
D-000312,B-000312,T-00077,V-0462,True,False,False,57.0,0.45,0.88,False,none
D-000313,B-000313,T-00077,V-0427,True,False,False,35.8,0.104,0.87,False,none
D-000314,B-000314,T-00077,V-0477,True,False,False,26.3,0.214,0.99,False,none
D-000315,B-000315,T-00078,V-0486,True,False,False,51.5,0.198,0.92,False,none
D-000316,B-000316,T-00078,V-0382,True,False,False,20.4,0.029,0.9,False,none
D-000317,B-000317,T-00078,V-0131,True,False,False,41.9,0.235,0.9,False,none
D-000318,B-000318,T-00079,V-0263,True,False,False,71.2,0.317,0.95,False,none
D-000319,B-000319,T-00079,V-0276,True,False,False,52.0,0.179,0.95,False,none
D-000320,B-000320,T-00079,V-0437,True,False,False,33.2,0.204,0.98,False,none
D-000321,B-000321,T-00079,V-0406,True,False,False,25.4,0.148,0.93,False,none
D-000322,B-000322,T-00079,V-0124,True,False,False,40.2,0.19,0.97,False,none
D-000323,B-000323,T-00079,V-0355,True,False,False,76.2,0.31,0.92,False,none
D-000324,B-000324,T-00080,V-0336,True,False,False,48.2,0.162,0.89,False,none
D-000325,B-000325,T-00080,V-0066,True,False,False,57.4,0.399,0.85,False,none
D-000326,B-000326,T-00080,V-0140,True,False,False,57.7,0.139,0.93,False,none
D-000327,B-000327,T-00080,V-0136,True,False,False,25.2,0.338,0.91,False,none
D-000328,B-000328,T-00080,V-0236,True,False,False,58.6,0.588,0.87,True,none
D-000329,B-000329,T-00081,V-0243,True,False,False,22.0,0.26,0.93,False,none
D-000330,B-000330,T-00081,V-0476,True,False,False,71.5,0.221,0.98,False,none
D-000331,B-000331,T-00081,V-0285,True,False,False,21.7,0.061,0.85,False,none
D-000332,B-000332,T-00081,V-0006,True,False,False,46.7,0.228,0.94,False,none
D-000333,B-000333,T-00081,V-0175,True,False,False,22.9,0.135,0.94,False,none
D-000334,B-000334,T-00082,V-0495,True,False,False,77.4,0.234,0.99,False,none
D-000335,B-000335,T-00082,V-0040,True,False,False,40.1,0.457,0.94,False,none
D-000336,B-000336,T-00082,V-0323,True,False,False,29.1,0.117,0.9,False,none
D-000337,B-000337,T-00082,V-0249,True,False,False,54.5,0.224,0.98,False,none
D-000338,B-000338,T-00082,V-0287,True,False,False,53.5,0.135,1.0,False,none
D-000339,B-000339,T-00082,V-0176,True,False,False,40.9,0.63,0.86,False,none
D-000340,B-000340,T-00083,V-0192,True,False,False,45.9,0.16,0.89,False,none
D-000341,B-000341,T-00083,V-0471,True,False,False,60.4,0.186,0.86,False,none
D-000342,B-000342,T-00083,V-0275,True,False,False,28.3,0.136,0.88,False,none
D-000343,B-000343,T-00084,V-0442,True,False,False,48.1,0.262,0.93,False,none
D-000344,B-000344,T-00084,V-0081,True,False,False,37.9,0.212,0.98,False,none
D-000345,B-000345,T-00084,V-0392,True,False,False,15.7,0.168,0.94,False,none
D-000346,B-000346,T-00085,V-0340,True,False,False,56.9,0.224,0.96,False,none
D-000347,B-000347,T-00085,V-0452,True,False,False,27.5,0.178,0.92,False,none
D-000348,B-000348,T-00086,V-0146,True,False,False,54.7,0.22,0.99,False,none
D-000349,B-000349,T-00086,V-0422,True,False,False,47.0,0.149,0.91,False,none
D-000350,B-000350,T-00086,V-0473,True,False,False,17.3,0.445,0.92,False,none
D-000351,B-000351,T-00086,V-0230,True,False,False,44.5,0.071,0.96,False,none
D-000352,B-000352,T-00086,V-0080,True,False,False,37.3,0.104,0.89,False,none
D-000353,B-000353,T-00087,V-0312,True,False,False,56.3,0.255,0.92,False,none
D-000354,B-000354,T-00087,V-0317,True,False,False,40.2,0.039,0.86,False,none
D-000355,B-000355,T-00087,V-0257,True,False,False,53.9,0.186,0.96,False,none
D-000356,B-000356,T-00088,V-0011,True,False,False,31.3,0.121,0.93,False,none
D-000357,B-000357,T-00088,V-0380,True,False,False,34.8,0.089,0.99,False,none
D-000358,B-000358,T-00088,V-0307,True,False,False,54.3,0.052,0.91,False,none
D-000359,B-000359,T-00088,V-0452,True,False,False,45.3,0.22,0.9,False,none
D-000360,B-000360,T-00089,V-0457,True,False,False,50.2,0.349,0.92,False,none
D-000361,B-000361,T-00089,V-0015,True,False,False,38.2,0.134,0.88,False,none
D-000362,B-000362,T-00090,V-0498,True,False,False,13.8,0.386,0.94,False,none
D-000363,B-000363,T-00090,V-0236,True,False,False,44.6,0.367,0.88,False,none
D-000364,B-000364,T-00090,V-0256,True,False,False,35.7,0.339,0.88,False,none
D-000365,B-000365,T-00091,V-0443,True,False,False,38.3,0.176,0.92,True,none
D-000366,B-000366,T-00091,V-0266,True,False,False,36.7,0.617,0.85,False,none
D-000367,B-000367,T-00091,V-0240,True,False,False,41.3,0.38,0.99,False,none
D-000368,B-000368,T-00091,V-0441,True,False,False,55.2,0.204,0.85,False,none
D-000369,B-000369,T-00091,V-0197,True,False,False,47.8,0.058,0.97,False,none
D-000370,B-000370,T-00092,V-0186,True,False,False,43.1,0.277,0.86,False,none
D-000371,B-000371,T-00092,V-0204,True,False,False,32.3,0.34,1.0,False,none
D-000372,B-000372,T-00093,V-0369,True,False,False,41.9,0.108,0.96,False,none
D-000373,B-000373,T-00093,V-0086,True,False,False,61.6,0.164,0.88,False,none
D-000374,B-000374,T-00094,V-0168,True,False,False,42.2,0.005,0.99,False,none
D-000375,B-000375,T-00094,V-0328,True,False,False,68.1,0.134,0.9,False,none
D-000376,B-000376,T-00095,V-0169,True,False,False,45.6,0.281,0.98,False,none
D-000377,B-000377,T-00095,V-0403,True,False,False,58.1,0.129,0.86,False,none
D-000378,B-000378,T-00095,V-0230,True,False,False,47.5,0.013,0.89,False,none
D-000379,B-000379,T-00095,V-0358,True,False,False,66.2,0.211,0.9,False,none
D-000380,B-000380,T-00095,V-0132,True,False,False,59.6,0.243,0.86,False,none
D-000381,B-000381,T-00096,V-0344,True,False,False,46.9,0.37,0.89,False,none
D-000382,B-000382,T-00096,V-0150,True,False,False,37.6,0.126,0.87,False,none
D-000383,B-000383,T-00096,V-0079,True,False,False,42.8,0.173,0.95,False,none
D-000384,B-000384,T-00096,V-0380,True,False,False,25.4,0.178,0.98,False,none
D-000385,B-000385,T-00096,V-0412,True,False,False,60.3,0.049,0.94,False,none
D-000386,B-000386,T-00097,V-0207,True,False,False,35.9,0.187,0.92,False,none
D-000387,B-000387,T-00097,V-0244,True,False,False,58.8,0.138,0.86,False,none
D-000388,B-000388,T-00097,V-0316,True,False,False,43.0,0.239,0.96,False,none
D-000389,B-000389,T-00097,V-0460,True,False,False,24.8,0.356,0.91,False,none
D-000390,B-000390,T-00097,V-0087,True,False,False,53.3,0.289,0.88,False,none
D-000391,B-000391,T-00097,V-0497,True,False,False,40.7,0.256,0.9,False,none
D-000392,B-000392,T-00098,V-0142,True,False,False,58.8,0.442,0.88,False,none
D-000393,B-000393,T-00098,V-0311,True,False,False,36.4,0.174,0.98,False,none
D-000394,B-000394,T-00098,V-0398,True,False,False,35.8,0.372,0.98,False,none
D-000395,B-000395,T-00099,V-0459,True,False,False,41.9,0.214,0.99,False,none
D-000396,B-000396,T-00099,V-0116,True,False,False,51.7,0.373,0.99,False,none
D-000397,B-000397,T-00099,V-0379,True,False,False,41.4,0.328,0.9,False,none
D-000398,B-000398,T-00099,V-0103,True,False,False,65.0,0.105,0.98,False,none
D-000399,B-000399,T-00099,V-0186,True,False,False,58.8,0.343,0.9,False,none
D-000400,B-000400,T-00099,V-0340,True,False,False,59.3,0.179,0.93,False,none
D-000401,B-000401,T-00100,V-0353,True,False,False,48.2,0.059,0.9,False,none
D-000402,B-000402,T-00100,V-0479,True,False,False,48.9,0.169,0.99,False,none
D-000403,B-000403,T-00100,V-0333,True,False,False,47.4,0.134,0.87,False,none
D-000404,B-000404,T-00101,V-0463,True,False,False,60.3,0.105,0.99,False,none
D-000405,B-000405,T-00101,V-0462,True,False,False,37.9,0.041,0.94,False,none
D-000406,B-000406,T-00102,V-0244,True,False,False,50.7,0.138,0.91,False,none
D-000407,B-000407,T-00102,V-0237,True,False,False,34.5,0.077,0.95,False,none
D-000408,B-000408,T-00102,V-0050,True,False,False,58.1,0.301,0.98,True,none
D-000409,B-000409,T-00102,V-0274,True,False,False,46.4,0.018,0.86,False,none
D-000410,B-000410,T-00102,V-0451,True,False,False,42.2,0.369,0.87,False,none
D-000411,B-000411,T-00102,V-0400,True,False,False,32.2,0.059,0.93,False,none
D-000412,B-000412,T-00103,V-0398,True,False,False,63.2,0.111,0.9,False,none
D-000413,B-000413,T-00103,V-0329,True,False,False,41.7,0.25,0.89,False,none
D-000414,B-000414,T-00103,V-0099,True,False,False,49.0,0.269,0.93,False,none
D-000415,B-000415,T-00103,V-0301,True,False,False,48.5,0.414,0.85,False,none
D-000416,B-000416,T-00103,V-0412,True,False,False,67.3,0.033,0.92,False,none
D-000417,B-000417,T-00104,V-0127,True,False,False,54.4,0.08,0.85,False,none
D-000418,B-000418,T-00104,V-0174,True,False,False,54.3,0.176,0.89,False,none
D-000419,B-000419,T-00104,V-0140,True,False,False,42.9,0.432,0.9,False,none
D-000420,B-000420,T-00104,V-0347,True,False,False,48.6,0.213,0.95,False,none
D-000421,B-000421,T-00104,V-0287,True,False,False,36.5,0.13,0.91,False,none
D-000422,B-000422,T-00104,V-0257,True,False,False,41.7,0.094,0.95,False,none
D-000423,B-000423,T-00105,V-0421,True,False,False,31.0,0.244,0.93,True,none
D-000424,B-000424,T-00105,V-0093,True,False,False,52.6,0.093,0.99,False,none
D-000425,B-000425,T-00105,V-0099,True,False,False,49.3,0.18,0.85,False,none
D-000426,B-000426,T-00105,V-0398,True,False,False,45.8,0.22,0.95,False,none
D-000427,B-000427,T-00105,V-0055,True,False,False,30.3,0.389,0.94,False,none
D-000428,B-000428,T-00105,V-0390,True,False,False,49.0,0.166,0.92,False,none
D-000429,B-000429,T-00106,V-0339,True,False,False,63.1,0.057,0.91,False,none
D-000430,B-000430,T-00106,V-0080,True,False,False,53.6,0.284,0.98,False,none
D-000431,B-000431,T-00106,V-0166,True,False,False,39.9,0.083,0.91,False,none
D-000432,B-000432,T-00106,V-0489,True,False,False,21.0,0.195,0.96,False,none
D-000433,B-000433,T-00106,V-0264,True,False,False,61.7,0.136,0.93,False,none
D-000434,B-000434,T-00106,V-0242,True,False,False,34.8,0.303,0.88,False,none
D-000435,B-000435,T-00107,V-0390,True,False,False,44.1,0.16,0.9,False,none
D-000436,B-000436,T-00107,V-0481,True,False,False,37.2,0.331,0.98,False,none
D-000437,B-000437,T-00108,V-0036,True,False,False,41.5,0.265,0.89,False,bid_rigging
D-000438,B-000438,T-00108,V-0058,True,False,False,41.8,0.126,0.96,False,bid_rigging
D-000439,B-000439,T-00108,V-0099,True,False,True,48.7,0.272,0.86,False,bid_rigging
D-000440,B-000440,T-00109,V-0082,True,False,False,47.6,0.079,0.89,False,none
D-000441,B-000441,T-00109,V-0166,True,False,False,59.5,0.29,0.85,False,none
D-000442,B-000442,T-00109,V-0370,True,False,False,35.2,0.141,0.92,False,none
D-000443,B-000443,T-00110,V-0030,True,False,False,53.4,0.266,0.85,False,none
D-000444,B-000444,T-00110,V-0051,True,False,False,49.7,0.078,0.91,False,none
D-000445,B-000445,T-00110,V-0028,True,False,False,47.7,0.062,0.93,False,none
D-000446,B-000446,T-00110,V-0327,True,False,False,47.1,0.258,0.94,False,none
D-000447,B-000447,T-00110,V-0175,True,False,False,19.9,0.072,0.86,False,none
D-000448,B-000448,T-00111,V-0045,True,False,False,67.1,0.146,0.98,False,none
D-000449,B-000449,T-00111,V-0224,True,False,False,36.0,0.312,0.91,False,none
D-000450,B-000450,T-00111,V-0125,True,False,False,38.4,0.078,0.9,False,none
D-000451,B-000451,T-00111,V-0167,True,False,False,41.7,0.119,0.87,False,none
D-000452,B-000452,T-00111,V-0293,True,False,False,26.5,0.163,0.96,False,none
D-000453,B-000453,T-00111,V-0279,True,False,False,29.0,0.099,0.99,False,none
D-000454,B-000454,T-00112,V-0346,True,False,False,44.4,0.097,0.96,False,none
D-000455,B-000455,T-00112,V-0497,True,False,False,26.5,0.102,0.95,False,none
D-000456,B-000456,T-00112,V-0360,True,False,False,39.7,0.287,1.0,False,none
D-000457,B-000457,T-00113,V-0408,True,False,False,43.4,0.126,0.89,False,none
D-000458,B-000458,T-00113,V-0024,True,False,False,64.1,0.206,0.87,False,none
D-000459,B-000459,T-00113,V-0425,True,False,False,57.2,0.15,0.94,False,none
D-000460,B-000460,T-00113,V-0270,True,False,False,58.8,0.009,0.86,False,none
D-000461,B-000461,T-00113,V-0030,True,False,False,42.8,0.098,0.93,False,none
D-000462,B-000462,T-00114,V-0399,True,False,False,53.0,0.059,0.97,False,none
D-000463,B-000463,T-00114,V-0057,True,False,False,35.6,0.15,0.94,False,none
D-000464,B-000464,T-00114,V-0272,True,False,False,42.1,0.156,0.92,False,none
D-000465,B-000465,T-00114,V-0081,True,False,False,36.7,0.322,0.97,False,none
D-000466,B-000466,T-00114,V-0408,True,False,False,27.2,0.121,0.88,False,none
D-000467,B-000467,T-00114,V-0262,True,False,False,41.8,0.317,0.98,False,none
D-000468,B-000468,T-00115,V-0455,True,False,False,36.7,0.164,0.95,False,none
D-000469,B-000469,T-00115,V-0010,True,False,False,32.6,0.331,0.96,True,none
D-000470,B-000470,T-00115,V-0205,True,False,False,51.9,0.334,0.93,False,none
D-000471,B-000471,T-00115,V-0294,True,False,False,30.6,0.287,0.92,False,none
D-000472,B-000472,T-00115,V-0150,True,False,False,24.8,0.149,0.93,False,none
D-000473,B-000473,T-00116,V-0457,True,False,False,37.2,0.152,0.9,False,none
D-000474,B-000474,T-00116,V-0450,True,False,False,40.8,0.318,0.9,False,none
D-000475,B-000475,T-00116,V-0366,True,False,False,41.3,0.184,0.94,False,none
D-000476,B-000476,T-00116,V-0444,True,False,False,57.3,0.092,0.95,False,none
D-000477,B-000477,T-00117,V-0445,True,False,False,46.4,0.06,0.86,False,none
D-000478,B-000478,T-00117,V-0161,True,False,False,51.5,0.336,0.94,False,none
D-000479,B-000479,T-00117,V-0475,True,False,False,55.0,0.247,0.91,False,none
D-000480,B-000480,T-00117,V-0117,True,False,False,61.5,0.26,0.88,True,none
D-000481,B-000481,T-00118,V-0013,True,False,False,55.0,0.181,0.97,False,none
D-000482,B-000482,T-00118,V-0227,True,False,False,69.2,0.056,0.97,False,none
D-000483,B-000483,T-00118,V-0444,True,False,False,33.7,0.202,0.89,False,none
D-000484,B-000484,T-00118,V-0380,True,False,False,24.5,0.109,0.95,False,none
D-000485,B-000485,T-00118,V-0437,True,False,False,44.5,0.166,0.95,False,none
D-000486,B-000486,T-00119,V-0061,True,False,False,51.9,0.126,0.92,False,none
D-000487,B-000487,T-00119,V-0481,True,False,False,41.5,0.246,0.87,False,none
D-000488,B-000488,T-00119,V-0250,True,False,False,49.1,0.349,0.99,False,none
D-000489,B-000489,T-00120,V-0260,True,False,False,39.2,0.421,0.91,False,none
D-000490,B-000490,T-00120,V-0057,True,False,False,39.5,0.14,0.85,False,none
D-000491,B-000491,T-00120,V-0483,True,False,False,37.0,0.474,0.86,True,none
D-000492,B-000492,T-00120,V-0233,True,False,False,49.7,0.106,0.99,False,none
D-000493,B-000493,T-00121,V-0333,True,False,False,48.1,0.313,0.94,False,none
D-000494,B-000494,T-00121,V-0329,True,False,False,26.6,0.079,0.87,False,none
D-000495,B-000495,T-00122,V-0072,True,False,False,39.3,0.134,0.9,False,none
D-000496,B-000496,T-00122,V-0433,True,False,False,36.1,0.181,1.0,False,none
D-000497,B-000497,T-00123,V-0031,True,False,False,55.6,0.07,0.94,False,none
D-000498,B-000498,T-00123,V-0305,True,False,False,52.5,0.188,0.85,False,none
D-000499,B-000499,T-00124,V-0479,True,False,False,48.2,0.103,0.86,False,none
D-000500,B-000500,T-00124,V-0265,True,False,False,36.6,0.135,0.89,False,none
D-000501,B-000501,T-00124,V-0494,True,False,False,47.2,0.177,0.95,False,none
D-000502,B-000502,T-00125,V-0318,True,False,False,43.4,0.386,0.89,False,none
D-000503,B-000503,T-00125,V-0164,True,False,False,39.7,0.248,0.87,False,none
D-000504,B-000504,T-00125,V-0014,True,False,False,50.8,0.135,0.87,False,none
D-000505,B-000505,T-00125,V-0401,True,False,False,24.9,0.059,0.86,False,none
D-000506,B-000506,T-00126,V-0007,True,False,False,32.2,0.142,0.91,False,none
D-000507,B-000507,T-00126,V-0178,True,False,False,42.0,0.311,0.96,False,none
D-000508,B-000508,T-00127,V-0438,True,False,False,37.1,0.047,0.95,False,none
D-000509,B-000509,T-00127,V-0459,True,False,False,39.8,0.059,0.9,False,none
D-000510,B-000510,T-00127,V-0274,True,False,False,46.0,0.108,0.93,False,none
D-000511,B-000511,T-00127,V-0225,True,False,False,53.4,0.206,0.95,True,none
D-000512,B-000512,T-00127,V-0068,True,False,False,46.9,0.047,0.86,False,none
D-000513,B-000513,T-00128,V-0064,True,False,False,33.1,0.129,0.87,False,none
D-000514,B-000514,T-00128,V-0112,True,False,False,58.6,0.168,0.96,False,none
D-000515,B-000515,T-00128,V-0263,True,False,False,23.8,0.254,0.91,False,none
D-000516,B-000516,T-00129,V-0094,True,False,False,58.2,0.177,0.92,True,none
D-000517,B-000517,T-00129,V-0373,True,False,False,44.0,0.202,0.91,False,none
D-000518,B-000518,T-00129,V-0337,True,False,False,49.1,0.136,0.93,False,none
D-000519,B-000519,T-00129,V-0154,True,False,False,40.1,0.045,0.99,False,none
D-000520,B-000520,T-00130,V-0382,True,False,False,35.6,0.475,0.99,False,none
D-000521,B-000521,T-00130,V-0463,True,False,False,55.5,0.371,0.93,False,none
D-000522,B-000522,T-00131,V-0036,True,False,False,47.3,0.091,0.95,False,bid_rigging
D-000523,B-000523,T-00131,V-0058,True,False,False,43.1,0.276,0.93,False,bid_rigging
D-000524,B-000524,T-00131,V-0099,True,False,False,46.0,0.064,0.85,False,bid_rigging
D-000525,B-000525,T-00132,V-0473,True,False,False,54.0,0.124,0.94,False,none
D-000526,B-000526,T-00132,V-0172,True,False,False,25.2,0.091,0.98,False,none
D-000527,B-000527,T-00132,V-0456,True,False,False,61.0,0.048,0.96,False,none
D-000528,B-000528,T-00132,V-0095,True,False,False,41.5,0.262,0.86,False,none
D-000529,B-000529,T-00132,V-0130,True,False,False,59.7,0.247,0.86,False,none
D-000530,B-000530,T-00132,V-0174,True,False,False,48.8,0.318,0.96,False,none
D-000531,B-000531,T-00133,V-0064,True,False,False,66.0,0.107,0.99,False,none
D-000532,B-000532,T-00133,V-0447,True,False,False,29.6,0.195,0.88,False,none
D-000533,B-000533,T-00133,V-0177,True,False,False,39.3,0.295,0.92,False,none
D-000534,B-000534,T-00133,V-0157,True,False,False,54.3,0.116,0.91,False,none
D-000535,B-000535,T-00134,V-0375,True,False,False,39.9,0.23,0.89,False,none
D-000536,B-000536,T-00134,V-0381,True,False,False,38.9,0.274,0.86,False,none
D-000537,B-000537,T-00134,V-0181,True,False,False,55.6,0.222,0.99,False,none
D-000538,B-000538,T-00135,V-0085,True,False,False,46.4,0.103,0.98,False,none
D-000539,B-000539,T-00135,V-0191,True,False,False,41.8,0.143,0.94,False,none
D-000540,B-000540,T-00135,V-0081,True,False,False,37.4,0.198,0.92,False,none
D-000541,B-000541,T-00135,V-0051,True,False,False,36.7,0.181,0.94,False,none
D-000542,B-000542,T-00135,V-0348,True,False,False,46.0,0.118,0.87,False,none
D-000543,B-000543,T-00135,V-0084,True,False,False,49.5,0.194,0.97,False,none
D-000544,B-000544,T-00136,V-0164,True,False,False,47.8,0.27,0.92,False,none
D-000545,B-000545,T-00136,V-0069,True,False,False,54.0,0.121,0.98,False,none
D-000546,B-000546,T-00136,V-0369,True,False,False,30.0,0.545,0.92,False,none
D-000547,B-000547,T-00136,V-0480,True,False,False,24.9,0.658,0.93,False,none
D-000548,B-000548,T-00136,V-0153,True,False,False,45.4,0.143,0.93,False,none
D-000549,B-000549,T-00137,V-0200,True,False,False,51.3,0.068,0.86,False,none
D-000550,B-000550,T-00137,V-0402,True,False,False,59.3,0.206,0.89,False,none
D-000551,B-000551,T-00137,V-0081,True,False,False,59.1,0.057,0.92,False,none
D-000552,B-000552,T-00138,V-0371,True,False,False,65.0,0.269,0.94,False,none
D-000553,B-000553,T-00138,V-0378,True,False,False,52.0,0.227,0.91,False,none
D-000554,B-000554,T-00139,V-0266,True,False,False,54.9,0.319,0.85,False,none
D-000555,B-000555,T-00139,V-0159,True,False,False,50.4,0.381,0.93,False,none
D-000556,B-000556,T-00140,V-0277,True,False,False,40.1,0.173,0.87,False,none
D-000557,B-000557,T-00140,V-0380,True,False,False,49.2,0.295,0.95,False,none
D-000558,B-000558,T-00141,V-0046,True,False,True,43.2,0.09,0.89,False,bid_rigging
D-000559,B-000559,T-00141,V-0250,True,False,False,39.4,0.067,0.89,False,bid_rigging
D-000560,B-000560,T-00141,V-0264,True,False,True,44.4,0.079,0.92,True,bid_rigging
D-000561,B-000561,T-00142,V-0488,False,False,False,54.0,0.217,0.89,False,shell_company
D-000562,B-000562,T-00142,V-0431,True,False,False,72.4,0.126,0.9,False,none
D-000563,B-000563,T-00142,V-0370,True,False,False,41.0,0.171,0.94,False,none
D-000564,B-000564,T-00143,V-0302,True,False,False,46.1,0.116,0.85,False,none
D-000565,B-000565,T-00143,V-0222,True,False,False,40.4,0.165,0.87,False,none
D-000566,B-000566,T-00143,V-0340,True,False,False,56.2,0.494,0.94,False,none
D-000567,B-000567,T-00144,V-0490,True,False,False,40.9,0.042,0.98,False,shell_company
D-000568,B-000568,T-00144,V-0488,True,False,False,49.0,0.311,1.0,False,none
D-000569,B-000569,T-00144,V-0050,True,False,False,41.3,0.255,0.92,False,none
D-000570,B-000570,T-00144,V-0294,True,False,False,41.3,0.256,0.96,False,none
D-000571,B-000571,T-00145,V-0110,True,False,False,60.2,0.193,0.94,False,none
D-000572,B-000572,T-00145,V-0290,True,False,False,24.7,0.31,0.95,False,none
D-000573,B-000573,T-00146,V-0434,True,False,False,49.9,0.36,0.86,False,none
D-000574,B-000574,T-00146,V-0456,True,False,False,23.1,0.289,1.0,False,none
D-000575,B-000575,T-00146,V-0129,True,False,False,73.8,0.05,0.87,False,none
D-000576,B-000576,T-00146,V-0183,True,False,False,38.4,0.157,0.92,False,none
D-000577,B-000577,T-00146,V-0419,True,False,False,28.1,0.124,0.94,False,none
D-000578,B-000578,T-00147,V-0399,True,False,False,43.3,0.203,0.87,False,none
D-000579,B-000579,T-00147,V-0417,True,False,False,43.1,0.111,0.93,True,none
D-000580,B-000580,T-00147,V-0088,True,False,False,53.1,0.16,0.93,False,none
D-000581,B-000581,T-00147,V-0432,True,False,False,62.4,0.153,0.9,True,none
D-000582,B-000582,T-00148,V-0254,True,False,False,60.3,0.08,0.99,False,none
D-000583,B-000583,T-00148,V-0327,True,False,False,33.0,0.284,0.91,False,none
D-000584,B-000584,T-00148,V-0095,True,False,False,62.8,0.212,0.89,False,none
D-000585,B-000585,T-00148,V-0387,True,False,False,54.1,0.406,0.89,False,none
D-000586,B-000586,T-00148,V-0195,True,False,False,44.7,0.319,0.94,False,none
D-000587,B-000587,T-00148,V-0103,True,False,False,35.4,0.47,0.93,False,none
D-000588,B-000588,T-00149,V-0356,True,False,False,54.3,0.495,0.88,False,none
D-000589,B-000589,T-00149,V-0038,True,False,False,32.1,0.068,0.91,False,none
D-000590,B-000590,T-00149,V-0101,True,False,False,29.2,0.246,0.88,False,none
D-000591,B-000591,T-00149,V-0047,True,False,False,47.9,0.189,0.9,False,none
D-000592,B-000592,T-00149,V-0046,True,False,False,62.5,0.264,0.95,False,none
D-000593,B-000593,T-00149,V-0364,True,False,False,58.9,0.361,0.86,False,none
D-000594,B-000594,T-00150,V-0341,True,False,False,51.7,0.099,0.88,False,none
D-000595,B-000595,T-00150,V-0140,True,False,False,31.0,0.208,0.97,False,none
D-000596,B-000596,T-00150,V-0013,True,False,False,59.1,0.075,0.9,False,none
D-000597,B-000597,T-00151,V-0493,True,False,False,49.0,0.311,0.91,False,none
D-000598,B-000598,T-00151,V-0010,True,False,False,50.8,0.144,0.99,False,none
D-000599,B-000599,T-00151,V-0439,True,False,False,41.4,0.424,0.92,False,none
D-000600,B-000600,T-00152,V-0382,True,False,False,52.8,0.09,0.98,False,none
D-000601,B-000601,T-00152,V-0133,True,False,False,47.0,0.094,0.93,False,none
D-000602,B-000602,T-00152,V-0361,True,False,False,54.1,0.116,0.86,False,none
D-000603,B-000603,T-00152,V-0407,True,False,False,41.8,0.21,0.91,False,none
D-000604,B-000604,T-00152,V-0186,True,False,False,33.5,0.155,0.95,False,none
D-000605,B-000605,T-00153,V-0413,True,False,False,43.1,0.276,0.86,False,none
D-000606,B-000606,T-00153,V-0423,True,False,False,29.3,0.149,0.92,False,none
D-000607,B-000607,T-00154,V-0316,True,False,False,32.9,0.108,0.88,False,none
D-000608,B-000608,T-00154,V-0224,True,False,False,58.4,0.192,0.98,False,none
D-000609,B-000609,T-00154,V-0254,True,False,False,38.1,0.304,0.89,False,none
D-000610,B-000610,T-00154,V-0302,True,False,False,26.6,0.289,0.89,False,none
D-000611,B-000611,T-00154,V-0223,True,False,False,35.7,0.056,0.95,False,none
D-000612,B-000612,T-00155,V-0365,True,False,False,57.7,0.125,0.88,False,none
D-000613,B-000613,T-00155,V-0306,True,False,False,28.0,0.091,0.86,True,none
D-000614,B-000614,T-00156,V-0356,True,False,False,48.0,0.077,0.88,False,none
D-000615,B-000615,T-00156,V-0345,True,False,False,52.1,0.313,1.0,False,none
D-000616,B-000616,T-00156,V-0155,True,False,False,40.4,0.143,0.97,False,none
D-000617,B-000617,T-00156,V-0169,True,False,False,30.6,0.209,0.9,False,none
D-000618,B-000618,T-00156,V-0119,True,False,False,62.5,0.171,0.94,False,none
D-000619,B-000619,T-00156,V-0291,True,False,False,44.7,0.043,0.85,False,none
D-000620,B-000620,T-00157,V-0396,True,False,False,38.8,0.129,0.94,False,none
D-000621,B-000621,T-00157,V-0388,True,False,False,41.0,0.269,0.86,False,none
D-000622,B-000622,T-00157,V-0091,True,False,False,52.5,0.191,0.95,False,none
D-000623,B-000623,T-00157,V-0427,True,False,False,41.8,0.267,0.89,False,none
D-000624,B-000624,T-00157,V-0092,True,False,False,58.2,0.297,0.94,False,none
D-000625,B-000625,T-00157,V-0015,True,False,False,62.0,0.082,0.91,False,none
D-000626,B-000626,T-00158,V-0046,True,False,False,53.7,0.377,0.97,False,none
D-000627,B-000627,T-00158,V-0094,True,False,False,47.7,0.026,0.91,False,none
D-000628,B-000628,T-00158,V-0133,True,False,False,47.0,0.257,0.96,False,none
D-000629,B-000629,T-00158,V-0205,True,False,False,34.8,0.179,0.91,False,none
D-000630,B-000630,T-00158,V-0102,True,False,False,35.9,0.195,0.93,False,none
D-000631,B-000631,T-00159,V-0000,True,False,False,66.6,0.278,0.97,False,none
D-000632,B-000632,T-00159,V-0493,True,False,False,71.4,0.107,0.95,False,none
D-000633,B-000633,T-00159,V-0270,True,False,False,33.5,0.302,0.99,False,none
D-000634,B-000634,T-00160,V-0255,True,False,False,37.4,0.066,0.96,False,none
D-000635,B-000635,T-00160,V-0093,True,False,False,42.2,0.127,0.96,False,none
D-000636,B-000636,T-00160,V-0274,True,False,False,53.4,0.056,0.95,True,none
D-000637,B-000637,T-00160,V-0111,True,False,False,38.5,0.152,0.95,False,none
D-000638,B-000638,T-00160,V-0499,True,False,False,42.7,0.298,0.89,False,none
D-000639,B-000639,T-00160,V-0176,True,False,False,23.7,0.343,0.95,False,none
D-000640,B-000640,T-00161,V-0265,True,False,False,36.6,0.388,0.87,False,none
D-000641,B-000641,T-00161,V-0085,True,False,False,52.7,0.112,0.89,False,none
D-000642,B-000642,T-00161,V-0460,True,False,False,54.4,0.222,0.88,False,none
D-000643,B-000643,T-00161,V-0051,True,False,False,55.2,0.276,0.95,False,none
D-000644,B-000644,T-00161,V-0254,True,False,False,67.6,0.031,0.94,False,none
D-000645,B-000645,T-00161,V-0098,True,False,False,45.8,0.223,0.92,False,none
D-000646,B-000646,T-00162,V-0076,True,False,False,55.4,0.082,0.9,False,bid_rigging
D-000647,B-000647,T-00162,V-0166,True,False,True,38.5,0.16,0.87,False,bid_rigging
D-000648,B-000648,T-00162,V-0355,True,False,False,55.4,0.372,0.99,False,bid_rigging
D-000649,B-000649,T-00162,V-0382,True,False,True,46.4,0.219,0.94,False,bid_rigging
D-000650,B-000650,T-00163,V-0287,True,False,False,32.8,0.155,0.92,False,none
D-000651,B-000651,T-00163,V-0247,True,False,False,50.2,0.353,0.95,False,none
D-000652,B-000652,T-00163,V-0312,True,False,False,40.4,0.534,0.96,False,none
D-000653,B-000653,T-00163,V-0199,True,False,False,50.2,0.189,0.88,False,none
D-000654,B-000654,T-00164,V-0378,True,False,False,46.9,0.099,0.9,False,none
D-000655,B-000655,T-00164,V-0024,True,False,False,41.3,0.298,0.96,False,none
D-000656,B-000656,T-00164,V-0273,True,False,False,70.8,0.352,0.94,False,none
D-000657,B-000657,T-00164,V-0014,True,False,False,28.4,0.191,0.88,False,none
D-000658,B-000658,T-00165,V-0466,True,False,False,45.6,0.154,0.89,False,none
D-000659,B-000659,T-00165,V-0109,True,False,False,48.7,0.339,0.92,False,none
D-000660,B-000660,T-00166,V-0105,True,False,False,28.5,0.072,0.92,False,none
D-000661,B-000661,T-00166,V-0292,True,False,False,43.7,0.061,0.95,False,none
D-000662,B-000662,T-00166,V-0327,True,False,False,38.6,0.136,0.94,False,none
D-000663,B-000663,T-00166,V-0313,True,False,False,39.2,0.154,0.97,False,none
D-000664,B-000664,T-00166,V-0007,True,False,False,44.0,0.23,0.94,False,none
D-000665,B-000665,T-00167,V-0072,True,False,False,31.2,0.102,0.91,False,none
D-000666,B-000666,T-00167,V-0306,True,False,False,24.7,0.113,0.89,False,none
D-000667,B-000667,T-00167,V-0126,True,False,False,54.0,0.15,0.92,False,none
D-000668,B-000668,T-00168,V-0209,True,False,False,47.1,0.167,0.91,False,none
D-000669,B-000669,T-00168,V-0353,True,False,False,34.7,0.139,0.97,False,none
D-000670,B-000670,T-00168,V-0005,True,False,False,38.1,0.438,0.91,False,none
D-000671,B-000671,T-00168,V-0212,True,False,False,43.8,0.36,0.94,False,none
D-000672,B-000672,T-00169,V-0326,True,False,False,59.9,0.352,0.92,False,none
D-000673,B-000673,T-00169,V-0058,True,False,False,42.6,0.285,0.96,False,none
D-000674,B-000674,T-00170,V-0145,True,False,False,47.9,0.471,0.97,False,none
D-000675,B-000675,T-00170,V-0274,True,False,False,32.0,0.116,0.91,False,none
D-000676,B-000676,T-00170,V-0146,True,False,False,44.8,0.093,0.98,False,none
D-000677,B-000677,T-00170,V-0438,True,False,False,51.8,0.158,0.97,False,none
D-000678,B-000678,T-00170,V-0291,True,False,False,46.6,0.298,0.94,False,none
D-000679,B-000679,T-00171,V-0094,True,False,False,59.4,0.221,0.91,False,none
D-000680,B-000680,T-00171,V-0042,True,False,False,43.7,0.205,0.97,False,none
D-000681,B-000681,T-00171,V-0390,True,False,False,12.1,0.36,0.95,False,none
D-000682,B-000682,T-00171,V-0355,True,False,False,50.5,0.445,0.95,True,none
D-000683,B-000683,T-00171,V-0412,True,False,False,35.2,0.132,0.98,False,none
D-000684,B-000684,T-00172,V-0471,True,False,False,43.7,0.16,0.96,False,none
D-000685,B-000685,T-00172,V-0089,True,False,False,60.1,0.702,0.21,False,ai_generated_doc
D-000686,B-000686,T-00172,V-0179,True,False,False,46.8,0.299,0.86,False,none
D-000687,B-000687,T-00172,V-0236,True,False,False,42.3,0.285,0.93,False,none
D-000688,B-000688,T-00173,V-0270,True,False,False,44.6,0.261,0.9,False,none
D-000689,B-000689,T-00173,V-0147,True,False,False,48.2,0.08,0.95,False,none
D-000690,B-000690,T-00173,V-0285,True,False,False,51.9,0.139,0.94,False,none
D-000691,B-000691,T-00173,V-0082,True,False,False,51.5,0.478,0.9,False,none
D-000692,B-000692,T-00173,V-0073,True,False,False,36.0,0.097,0.93,False,none
D-000693,B-000693,T-00173,V-0280,True,False,False,69.6,0.053,0.98,True,none
D-000694,B-000694,T-00174,V-0393,True,False,False,33.3,0.509,1.0,False,none
D-000695,B-000695,T-00174,V-0290,True,False,False,54.5,0.177,0.85,False,none
D-000696,B-000696,T-00174,V-0061,True,False,False,38.7,0.093,0.88,False,none
D-000697,B-000697,T-00174,V-0438,True,False,False,44.2,0.148,0.95,True,none
D-000698,B-000698,T-00174,V-0114,True,False,False,69.7,0.329,0.99,False,none
D-000699,B-000699,T-00175,V-0176,True,False,False,58.8,0.289,0.96,False,none
D-000700,B-000700,T-00175,V-0325,True,False,False,38.6,0.206,0.88,False,none
D-000701,B-000701,T-00175,V-0232,True,False,False,32.4,0.15,0.9,False,none
D-000702,B-000702,T-00175,V-0245,True,False,False,21.0,0.304,0.91,False,none
D-000703,B-000703,T-00176,V-0412,True,False,False,38.9,0.121,0.93,False,none
D-000704,B-000704,T-00176,V-0153,True,False,False,34.7,0.416,0.95,False,none
D-000705,B-000705,T-00176,V-0073,True,False,False,33.7,0.18,0.88,False,none
D-000706,B-000706,T-00176,V-0021,True,False,False,30.1,0.067,0.95,False,none
D-000707,B-000707,T-00176,V-0235,True,False,False,35.4,0.044,0.94,False,none
D-000708,B-000708,T-00177,V-0068,True,False,False,38.2,0.243,0.85,True,none
D-000709,B-000709,T-00177,V-0370,True,False,False,30.1,0.111,0.87,False,none
D-000710,B-000710,T-00177,V-0271,True,False,False,43.2,0.394,0.9,True,none
D-000711,B-000711,T-00177,V-0105,True,False,False,43.4,0.07,0.92,False,none
D-000712,B-000712,T-00177,V-0125,True,False,False,51.9,0.343,0.96,False,none
D-000713,B-000713,T-00178,V-0277,True,False,False,24.7,0.111,0.98,False,none
D-000714,B-000714,T-00178,V-0333,True,False,False,44.1,0.097,0.93,False,none
D-000715,B-000715,T-00179,V-0337,True,False,False,19.1,0.191,0.97,False,none
D-000716,B-000716,T-00179,V-0196,True,False,False,42.7,0.283,0.87,False,none
D-000717,B-000717,T-00179,V-0479,True,False,False,50.1,0.288,0.95,False,none
D-000718,B-000718,T-00180,V-0393,True,False,False,39.0,0.098,0.97,False,none
D-000719,B-000719,T-00180,V-0079,True,False,False,43.3,0.195,0.89,False,none
D-000720,B-000720,T-00180,V-0328,True,False,False,37.1,0.202,0.95,False,none
D-000721,B-000721,T-00180,V-0205,True,False,False,57.7,0.38,0.92,False,none
D-000722,B-000722,T-00180,V-0294,True,False,False,39.1,0.081,0.88,False,none
D-000723,B-000723,T-00180,V-0400,True,False,False,39.7,0.195,0.96,False,none
D-000724,B-000724,T-00181,V-0169,True,False,False,58.9,0.235,0.99,True,none
D-000725,B-000725,T-00181,V-0436,True,False,False,42.9,0.181,0.9,False,none
D-000726,B-000726,T-00182,V-0298,True,False,False,30.9,0.385,0.97,False,none
D-000727,B-000727,T-00182,V-0463,True,False,False,47.0,0.096,0.91,False,none
D-000728,B-000728,T-00182,V-0424,True,False,False,45.9,0.108,0.93,False,none
D-000729,B-000729,T-00182,V-0228,True,False,False,34.7,0.483,0.98,False,price_inflation
D-000730,B-000730,T-00183,V-0465,True,False,False,46.0,0.275,0.99,False,none
D-000731,B-000731,T-00183,V-0227,True,False,False,21.7,0.168,0.87,False,none
D-000732,B-000732,T-00183,V-0049,True,False,False,31.4,0.261,0.95,False,none
D-000733,B-000733,T-00184,V-0292,True,False,False,54.9,0.034,0.89,False,none
D-000734,B-000734,T-00184,V-0093,True,False,False,46.7,0.21,0.93,True,none
D-000735,B-000735,T-00184,V-0229,True,False,False,42.1,0.345,0.9,False,none
D-000736,B-000736,T-00184,V-0457,True,False,False,54.8,0.42,0.93,False,none
D-000737,B-000737,T-00184,V-0010,True,False,False,41.3,0.062,0.95,False,none
D-000738,B-000738,T-00184,V-0496,True,False,False,50.4,0.11,0.9,False,none
D-000739,B-000739,T-00185,V-0181,True,False,False,27.3,0.072,0.92,False,none
D-000740,B-000740,T-00185,V-0308,True,False,False,41.8,0.109,0.92,False,none
D-000741,B-000741,T-00186,V-0143,True,False,False,55.9,0.137,0.87,False,none
D-000742,B-000742,T-00186,V-0266,True,False,False,52.9,0.079,0.94,False,none
D-000743,B-000743,T-00186,V-0462,True,False,False,50.6,0.074,0.98,False,none
D-000744,B-000744,T-00186,V-0468,True,False,False,39.2,0.033,1.0,False,none
D-000745,B-000745,T-00186,V-0012,True,False,False,30.5,0.434,0.98,False,none
D-000746,B-000746,T-00186,V-0250,True,False,False,29.8,0.251,0.86,False,none
D-000747,B-000747,T-00187,V-0154,True,False,False,35.3,0.154,0.88,False,none
D-000748,B-000748,T-00187,V-0194,True,False,False,51.0,0.188,0.9,False,none
D-000749,B-000749,T-00188,V-0187,True,False,False,36.1,0.27,0.99,False,none
D-000750,B-000750,T-00188,V-0411,True,False,False,22.8,0.377,0.91,False,none
D-000751,B-000751,T-00188,V-0262,True,False,False,49.0,0.181,0.94,False,none
D-000752,B-000752,T-00188,V-0437,True,False,False,41.8,0.116,0.98,False,none
D-000753,B-000753,T-00189,V-0441,True,False,False,41.5,0.043,0.94,False,none
D-000754,B-000754,T-00189,V-0260,True,False,False,36.4,0.322,0.87,False,none
D-000755,B-000755,T-00189,V-0458,True,False,False,27.3,0.28,0.95,False,none
D-000756,B-000756,T-00189,V-0058,True,False,False,44.7,0.328,0.94,False,none
D-000757,B-000757,T-00190,V-0445,True,False,False,46.5,0.091,0.92,False,none
D-000758,B-000758,T-00190,V-0465,True,False,False,49.0,0.144,0.96,False,none
D-000759,B-000759,T-00190,V-0316,True,False,False,52.8,0.104,0.95,False,none
D-000760,B-000760,T-00190,V-0036,True,False,False,34.4,0.335,0.92,False,none
D-000761,B-000761,T-00191,V-0095,True,False,False,25.6,0.126,0.87,False,none
D-000762,B-000762,T-00191,V-0046,True,False,False,47.2,0.362,0.86,False,none
D-000763,B-000763,T-00192,V-0320,True,False,False,54.7,0.126,0.92,False,none
D-000764,B-000764,T-00192,V-0271,True,False,False,36.7,0.066,0.98,False,price_inflation
D-000765,B-000765,T-00192,V-0098,True,False,False,55.5,0.35,0.98,False,none
D-000766,B-000766,T-00192,V-0243,True,False,False,41.6,0.124,0.91,False,none
D-000767,B-000767,T-00193,V-0434,True,False,False,52.4,0.303,0.86,False,price_inflation
D-000768,B-000768,T-00193,V-0164,True,False,False,59.1,0.066,0.92,False,none
D-000769,B-000769,T-00193,V-0387,True,False,False,21.9,0.148,0.9,False,none
D-000770,B-000770,T-00194,V-0144,True,False,False,51.1,0.146,0.85,False,none
D-000771,B-000771,T-00194,V-0386,True,False,False,36.5,0.215,0.92,False,none
D-000772,B-000772,T-00194,V-0082,True,False,False,60.8,0.024,0.92,False,none
D-000773,B-000773,T-00194,V-0033,True,False,False,38.5,0.461,0.93,False,none
D-000774,B-000774,T-00195,V-0301,True,False,False,41.1,0.174,0.91,False,none
D-000775,B-000775,T-00195,V-0394,True,False,False,44.1,0.03,0.92,False,none
D-000776,B-000776,T-00195,V-0469,True,False,False,44.1,0.008,0.95,False,none
D-000777,B-000777,T-00195,V-0468,True,False,False,43.5,0.263,0.94,False,none
D-000778,B-000778,T-00196,V-0279,True,False,False,46.6,0.362,0.94,False,none
D-000779,B-000779,T-00196,V-0381,True,False,False,69.1,0.204,0.92,False,none
D-000780,B-000780,T-00196,V-0097,True,False,False,69.7,0.467,0.86,False,none
D-000781,B-000781,T-00196,V-0116,True,False,False,25.4,0.08,0.92,False,none
D-000782,B-000782,T-00197,V-0214,True,False,False,43.1,0.327,0.93,False,none
D-000783,B-000783,T-00197,V-0486,True,False,False,39.0,0.304,0.99,False,none
D-000784,B-000784,T-00197,V-0012,True,False,False,47.4,0.238,1.0,False,none
D-000785,B-000785,T-00197,V-0447,True,False,False,51.2,0.347,0.96,False,none
D-000786,B-000786,T-00197,V-0071,True,False,False,50.1,0.078,0.87,False,none
D-000787,B-000787,T-00198,V-0254,True,False,False,47.6,0.179,0.92,False,none
D-000788,B-000788,T-00198,V-0200,True,False,False,46.8,0.125,0.87,False,none
D-000789,B-000789,T-00199,V-0485,True,False,False,41.7,0.146,0.9,False,none
D-000790,B-000790,T-00199,V-0436,True,False,False,44.1,0.118,0.99,True,none
D-000791,B-000791,T-00199,V-0081,True,False,False,36.8,0.147,0.99,False,none
D-000792,B-000792,T-00199,V-0249,True,False,False,53.2,0.317,0.95,False,none
D-000793,B-000793,T-00199,V-0496,True,False,False,42.5,0.18,0.96,False,none
D-000794,B-000794,T-00200,V-0350,True,False,False,33.7,0.085,0.97,False,none
D-000795,B-000795,T-00200,V-0316,True,False,False,29.2,0.246,0.86,False,none
D-000796,B-000796,T-00200,V-0219,True,False,False,34.5,0.219,0.97,False,none
D-000797,B-000797,T-00200,V-0313,True,False,False,52.1,0.223,0.91,False,none
D-000798,B-000798,T-00201,V-0107,True,False,False,61.8,0.32,0.88,False,none
D-000799,B-000799,T-00201,V-0483,True,False,False,34.4,0.118,0.89,False,none
D-000800,B-000800,T-00201,V-0167,True,False,False,53.5,0.055,0.97,False,none
D-000801,B-000801,T-00202,V-0400,True,False,False,50.7,0.15,0.91,False,none
D-000802,B-000802,T-00202,V-0323,True,False,False,33.8,0.11,0.89,False,none
D-000803,B-000803,T-00202,V-0293,True,False,False,38.6,0.289,0.88,False,none
D-000804,B-000804,T-00202,V-0497,True,False,False,63.6,0.055,0.92,False,none
D-000805,B-000805,T-00203,V-0270,True,False,False,44.8,0.088,0.91,False,none
D-000806,B-000806,T-00203,V-0251,True,False,False,49.7,0.119,0.93,False,none
D-000807,B-000807,T-00204,V-0186,True,False,False,41.9,0.119,0.95,False,none
D-000808,B-000808,T-00204,V-0434,True,False,False,65.8,0.01,0.86,False,none
D-000809,B-000809,T-00204,V-0398,True,False,False,32.2,0.291,0.93,False,none
D-000810,B-000810,T-00205,V-0248,True,False,False,24.9,0.078,0.95,True,none
D-000811,B-000811,T-00205,V-0160,True,False,False,40.8,0.087,0.97,False,none
D-000812,B-000812,T-00205,V-0309,True,False,False,57.4,0.07,0.9,False,none
D-000813,B-000813,T-00205,V-0452,True,False,False,43.2,0.212,0.95,False,none
D-000814,B-000814,T-00206,V-0152,True,False,False,41.7,0.108,0.98,False,none
D-000815,B-000815,T-00206,V-0133,True,False,False,32.7,0.235,0.94,False,none
D-000816,B-000816,T-00207,V-0397,True,False,False,40.7,0.087,0.91,False,none
D-000817,B-000817,T-00207,V-0465,True,False,False,49.6,0.114,0.94,False,none
D-000818,B-000818,T-00207,V-0075,True,False,False,44.2,0.258,0.92,False,none
D-000819,B-000819,T-00207,V-0228,True,False,False,54.7,0.134,0.86,False,price_inflation
D-000820,B-000820,T-00207,V-0320,True,False,False,24.0,0.426,0.96,False,none
D-000821,B-000821,T-00208,V-0013,True,False,False,50.2,0.33,0.86,False,none
D-000822,B-000822,T-00208,V-0321,True,False,False,37.0,0.108,0.98,False,none
D-000823,B-000823,T-00208,V-0222,True,False,False,35.7,0.201,0.89,False,none
D-000824,B-000824,T-00208,V-0330,True,False,False,53.4,0.155,0.99,True,none
D-000825,B-000825,T-00208,V-0165,True,False,False,56.1,0.124,0.96,False,none
D-000826,B-000826,T-00208,V-0202,True,False,False,47.0,0.335,0.88,False,none
D-000827,B-000827,T-00209,V-0047,True,False,False,56.9,0.128,0.85,False,none
D-000828,B-000828,T-00209,V-0386,True,False,False,37.4,0.133,0.9,False,none
D-000829,B-000829,T-00209,V-0184,True,False,False,36.1,0.112,0.91,False,none
D-000830,B-000830,T-00210,V-0280,True,False,False,42.9,0.201,0.99,False,none
D-000831,B-000831,T-00210,V-0421,True,False,False,71.1,0.525,0.97,False,none
D-000832,B-000832,T-00210,V-0045,True,False,False,42.5,0.28,0.85,False,none
D-000833,B-000833,T-00211,V-0431,True,False,False,36.9,0.092,0.94,True,bid_suppression
D-000834,B-000834,T-00212,V-0036,True,False,False,60.7,0.042,0.89,False,bid_rigging
D-000835,B-000835,T-00212,V-0058,True,False,False,41.1,0.331,0.93,False,bid_rigging
D-000836,B-000836,T-00212,V-0099,True,False,False,49.5,0.095,0.88,True,bid_rigging
D-000837,B-000837,T-00213,V-0359,True,False,False,32.3,0.042,0.88,False,none
D-000838,B-000838,T-00213,V-0041,True,False,False,44.7,0.312,0.99,False,none
D-000839,B-000839,T-00213,V-0297,True,False,False,44.5,0.386,0.88,False,none
D-000840,B-000840,T-00213,V-0451,True,False,False,47.0,0.056,0.87,False,none
D-000841,B-000841,T-00214,V-0386,True,False,False,59.6,0.343,0.97,False,none
D-000842,B-000842,T-00214,V-0311,True,False,False,64.9,0.844,0.59,False,ai_generated_doc
D-000843,B-000843,T-00214,V-0131,True,False,False,65.4,0.237,0.89,False,none
D-000844,B-000844,T-00215,V-0279,False,False,False,57.0,0.184,0.87,False,shell_company
D-000845,B-000845,T-00215,V-0381,True,False,False,49.7,0.161,0.89,False,none
D-000846,B-000846,T-00216,V-0184,True,False,False,31.4,0.087,0.9,False,none
D-000847,B-000847,T-00216,V-0237,True,False,False,62.6,0.262,0.95,False,none
D-000848,B-000848,T-00216,V-0027,True,False,False,26.7,0.038,0.86,False,none
D-000849,B-000849,T-00216,V-0331,True,False,False,58.4,0.162,0.93,False,none
D-000850,B-000850,T-00217,V-0471,True,False,False,58.7,0.045,0.95,False,none
D-000851,B-000851,T-00217,V-0251,True,False,False,42.1,0.256,0.94,True,none
D-000852,B-000852,T-00217,V-0245,True,False,False,51.1,0.132,0.9,False,none
D-000853,B-000853,T-00218,V-0484,True,False,False,43.5,0.146,0.98,False,none
D-000854,B-000854,T-00218,V-0140,True,False,False,51.6,0.438,0.86,False,none
D-000855,B-000855,T-00219,V-0497,True,False,False,54.1,0.26,1.0,False,none
D-000856,B-000856,T-00219,V-0216,True,False,False,66.3,0.421,0.92,False,none
D-000857,B-000857,T-00219,V-0379,True,False,False,54.4,0.227,0.97,False,none
D-000858,B-000858,T-00220,V-0061,True,False,False,44.0,0.177,0.99,False,none
D-000859,B-000859,T-00220,V-0470,True,False,False,41.6,0.302,1.0,False,none
D-000860,B-000860,T-00220,V-0325,True,False,False,25.1,0.572,0.93,False,none
D-000861,B-000861,T-00221,V-0139,True,False,False,33.7,0.265,0.88,False,none
D-000862,B-000862,T-00221,V-0138,True,False,False,47.2,0.19,0.96,False,none
D-000863,B-000863,T-00221,V-0011,True,False,False,39.6,0.347,0.89,False,none
D-000864,B-000864,T-00221,V-0359,True,False,False,43.4,0.066,0.88,False,none
D-000865,B-000865,T-00221,V-0288,True,False,False,43.8,0.12,0.88,False,none
D-000866,B-000866,T-00221,V-0245,True,False,False,31.4,0.125,0.94,False,none
D-000867,B-000867,T-00222,V-0012,True,False,False,28.6,0.169,0.92,False,none
D-000868,B-000868,T-00222,V-0343,True,False,False,39.5,0.249,0.85,False,none
D-000869,B-000869,T-00222,V-0139,True,False,False,54.4,0.216,0.93,False,none
D-000870,B-000870,T-00222,V-0493,True,False,False,35.3,0.135,0.88,False,none
D-000871,B-000871,T-00223,V-0186,True,False,False,41.0,0.142,0.95,False,none
D-000872,B-000872,T-00223,V-0045,True,False,False,62.7,0.101,0.98,False,none
D-000873,B-000873,T-00223,V-0306,True,False,False,67.0,0.053,0.87,False,none
D-000874,B-000874,T-00223,V-0188,True,False,False,35.5,0.072,0.92,True,none
D-000875,B-000875,T-00224,V-0239,True,False,False,45.4,0.099,1.0,False,none
D-000876,B-000876,T-00224,V-0177,True,False,False,29.6,0.15,0.9,False,none
D-000877,B-000877,T-00224,V-0392,True,False,False,32.1,0.211,0.98,False,none
D-000878,B-000878,T-00224,V-0149,True,False,False,52.4,0.324,0.97,False,none
D-000879,B-000879,T-00225,V-0385,True,False,False,35.4,0.185,0.99,False,none
D-000880,B-000880,T-00225,V-0276,True,False,False,49.1,0.209,0.87,False,none
D-000881,B-000881,T-00225,V-0441,True,False,False,53.1,0.2,0.9,False,none
D-000882,B-000882,T-00225,V-0348,True,False,False,45.9,0.477,0.97,False,none
D-000883,B-000883,T-00225,V-0084,True,False,False,38.8,0.126,0.97,False,none
D-000884,B-000884,T-00226,V-0256,True,False,False,66.2,0.039,0.94,False,none
D-000885,B-000885,T-00226,V-0278,True,False,False,51.5,0.186,0.99,False,none
D-000886,B-000886,T-00227,V-0350,True,False,False,68.9,0.162,0.86,False,none
D-000887,B-000887,T-00227,V-0363,True,False,False,37.9,0.09,0.85,False,none
D-000888,B-000888,T-00227,V-0403,True,False,False,61.0,0.142,0.91,False,none
D-000889,B-000889,T-00228,V-0383,True,False,False,60.0,0.222,0.98,True,none
D-000890,B-000890,T-00228,V-0208,True,False,False,82.2,0.132,0.91,False,none
D-000891,B-000891,T-00228,V-0352,True,False,False,44.7,0.164,1.0,False,none
D-000892,B-000892,T-00228,V-0384,True,False,False,36.2,0.234,0.88,False,none
D-000893,B-000893,T-00229,V-0277,True,False,False,41.6,0.304,0.93,False,none
D-000894,B-000894,T-00229,V-0326,True,False,False,36.7,0.186,0.86,False,none
D-000895,B-000895,T-00229,V-0049,True,False,False,39.6,0.218,0.86,False,none
D-000896,B-000896,T-00230,V-0216,True,False,False,51.9,0.063,0.9,False,none
D-000897,B-000897,T-00230,V-0483,True,False,False,64.4,0.142,0.92,False,none
D-000898,B-000898,T-00231,V-0219,True,False,False,37.3,0.113,0.99,False,none
D-000899,B-000899,T-00231,V-0317,True,False,False,40.2,0.292,0.92,False,none
D-000900,B-000900,T-00231,V-0301,True,False,False,40.6,0.143,0.98,False,none
D-000901,B-000901,T-00231,V-0470,True,False,False,44.8,0.093,0.92,False,none
D-000902,B-000902,T-00232,V-0394,True,False,False,30.5,0.221,0.97,False,none
D-000903,B-000903,T-00232,V-0050,True,False,False,49.1,0.087,0.94,False,none
D-000904,B-000904,T-00232,V-0216,True,False,False,54.9,0.156,0.93,False,none
D-000905,B-000905,T-00232,V-0352,True,False,False,60.9,0.499,0.98,False,none
D-000906,B-000906,T-00232,V-0300,True,False,False,40.4,0.196,0.95,False,none
D-000907,B-000907,T-00232,V-0317,True,False,False,44.4,0.156,0.98,True,none
D-000908,B-000908,T-00233,V-0158,True,False,False,43.1,0.084,0.93,False,none
D-000909,B-000909,T-00233,V-0282,True,False,False,40.0,0.292,0.88,False,none
D-000910,B-000910,T-00233,V-0397,True,False,False,49.0,0.118,0.97,False,none
D-000911,B-000911,T-00233,V-0360,True,False,False,49.2,0.06,0.98,False,none
D-000912,B-000912,T-00234,V-0198,True,False,False,60.6,0.159,0.97,False,none
D-000913,B-000913,T-00234,V-0410,True,False,False,49.8,0.147,0.98,False,none
D-000914,B-000914,T-00234,V-0473,True,False,False,46.5,0.252,0.89,True,none
D-000915,B-000915,T-00234,V-0274,True,False,False,60.7,0.132,0.98,False,none
D-000916,B-000916,T-00234,V-0334,True,False,False,54.4,0.656,0.95,False,none
D-000917,B-000917,T-00234,V-0370,True,False,False,37.4,0.346,0.91,False,none
D-000918,B-000918,T-00235,V-0397,True,False,False,49.8,0.211,0.96,True,none
D-000919,B-000919,T-00235,V-0381,True,False,False,60.3,0.224,0.93,False,none
D-000920,B-000920,T-00235,V-0413,True,False,False,56.0,0.317,0.92,False,none
D-000921,B-000921,T-00235,V-0334,True,False,False,50.9,0.262,0.93,False,none
D-000922,B-000922,T-00235,V-0463,True,False,False,51.1,0.268,0.95,False,none
D-000923,B-000923,T-00236,V-0012,True,False,False,44.6,0.215,0.88,False,none
D-000924,B-000924,T-00236,V-0224,True,False,False,38.9,0.394,0.87,False,none
D-000925,B-000925,T-00236,V-0254,True,False,False,45.3,0.105,0.99,False,none
D-000926,B-000926,T-00236,V-0187,True,False,False,58.2,0.112,0.9,False,none
D-000927,B-000927,T-00236,V-0406,True,False,False,58.0,0.197,1.0,False,none
D-000928,B-000928,T-00236,V-0357,True,False,False,45.3,0.147,0.92,False,none
D-000929,B-000929,T-00237,V-0464,True,False,False,55.4,0.122,0.93,False,none
D-000930,B-000930,T-00237,V-0475,True,False,False,58.7,0.07,0.98,False,none
D-000931,B-000931,T-00237,V-0448,True,False,False,36.0,0.134,1.0,False,none
D-000932,B-000932,T-00238,V-0244,True,False,False,50.5,0.458,0.94,False,none
D-000933,B-000933,T-00238,V-0034,True,False,False,55.8,0.098,0.92,False,none
D-000934,B-000934,T-00238,V-0497,True,False,False,33.6,0.24,0.93,False,none
D-000935,B-000935,T-00238,V-0404,True,False,False,37.5,0.395,0.96,False,none
D-000936,B-000936,T-00239,V-0057,True,False,False,45.7,0.138,0.9,False,none
D-000937,B-000937,T-00239,V-0268,True,False,False,42.0,0.224,0.98,False,none
D-000938,B-000938,T-00240,V-0096,True,False,False,44.0,0.278,0.85,False,none
D-000939,B-000939,T-00240,V-0339,True,False,False,53.6,0.326,0.98,False,none
D-000940,B-000940,T-00240,V-0243,True,False,False,27.5,0.421,0.99,False,none
D-000941,B-000941,T-00241,V-0275,True,False,False,65.1,0.025,0.88,False,conflict_of_interest
D-000942,B-000942,T-00241,V-0441,True,False,False,38.9,0.188,0.97,False,none
D-000943,B-000943,T-00242,V-0480,True,False,False,37.5,0.238,0.95,False,none
D-000944,B-000944,T-00242,V-0115,True,False,False,48.9,0.03,0.85,False,none
D-000945,B-000945,T-00242,V-0423,True,False,False,20.0,0.291,0.87,False,none
D-000946,B-000946,T-00242,V-0134,True,False,False,33.5,0.418,0.92,False,none
D-000947,B-000947,T-00243,V-0275,True,False,False,61.5,0.223,0.96,False,conflict_of_interest
D-000948,B-000948,T-00243,V-0331,True,False,False,66.1,0.175,0.88,False,none
D-000949,B-000949,T-00243,V-0447,True,False,False,61.1,0.356,0.96,False,none
D-000950,B-000950,T-00244,V-0189,True,False,False,63.6,0.083,0.93,False,none
D-000951,B-000951,T-00244,V-0142,True,False,False,54.8,0.347,0.95,False,none
D-000952,B-000952,T-00245,V-0437,True,False,False,24.9,0.055,0.88,False,none
D-000953,B-000953,T-00245,V-0485,True,False,False,23.3,0.049,0.99,False,none
D-000954,B-000954,T-00245,V-0240,True,False,False,61.3,0.106,0.91,False,none
D-000955,B-000955,T-00245,V-0261,True,False,False,43.1,0.324,0.97,False,none
D-000956,B-000956,T-00246,V-0323,True,False,False,68.4,0.062,0.87,False,none
D-000957,B-000957,T-00246,V-0032,True,False,False,52.9,0.078,0.86,False,none
D-000958,B-000958,T-00246,V-0128,True,False,False,8.6,0.346,0.91,False,none
D-000959,B-000959,T-00246,V-0322,True,False,False,48.3,0.134,0.99,False,none
D-000960,B-000960,T-00246,V-0137,True,False,False,65.7,0.147,0.99,False,none
D-000961,B-000961,T-00246,V-0478,True,False,False,32.2,0.165,0.9,False,none
D-000962,B-000962,T-00247,V-0455,True,False,False,32.0,0.219,0.92,False,none
D-000963,B-000963,T-00247,V-0402,True,False,False,41.2,0.155,0.9,False,none
D-000964,B-000964,T-00247,V-0071,True,False,False,37.7,0.066,0.94,False,none
D-000965,B-000965,T-00247,V-0410,True,False,False,52.2,0.341,0.97,False,none
D-000966,B-000966,T-00247,V-0394,True,False,False,63.1,0.392,0.91,False,none
D-000967,B-000967,T-00247,V-0352,True,False,False,27.4,0.171,0.88,False,none
D-000968,B-000968,T-00248,V-0125,True,False,False,38.3,0.251,1.0,False,none
D-000969,B-000969,T-00248,V-0200,True,False,False,61.0,0.092,0.98,False,none
D-000970,B-000970,T-00248,V-0247,True,False,False,53.4,0.159,0.96,False,none
D-000971,B-000971,T-00248,V-0367,True,False,False,32.3,0.325,0.96,False,none
D-000972,B-000972,T-00249,V-0475,True,False,False,54.9,0.093,0.89,False,none
D-000973,B-000973,T-00249,V-0253,True,False,False,47.1,0.534,0.98,False,none
D-000974,B-000974,T-00249,V-0232,True,False,False,49.1,0.406,0.89,True,none
D-000975,B-000975,T-00249,V-0478,True,False,False,41.5,0.151,0.9,False,none
D-000976,B-000976,T-00250,V-0392,True,False,False,29.3,0.225,0.94,False,conflict_of_interest
D-000977,B-000977,T-00250,V-0185,True,False,False,39.5,0.349,0.85,False,none
D-000978,B-000978,T-00251,V-0104,True,False,False,57.3,0.305,0.87,False,none
D-000979,B-000979,T-00251,V-0020,True,False,False,20.7,0.091,0.98,False,none
D-000980,B-000980,T-00251,V-0456,True,False,False,50.4,0.407,0.89,False,none
D-000981,B-000981,T-00251,V-0338,True,False,False,41.1,0.184,0.95,False,none
D-000982,B-000982,T-00251,V-0290,True,False,False,41.3,0.208,0.99,False,none
D-000983,B-000983,T-00252,V-0390,True,False,False,51.7,0.057,0.9,False,none
D-000984,B-000984,T-00252,V-0112,True,False,False,54.1,0.198,0.91,False,none
D-000985,B-000985,T-00252,V-0087,True,False,False,41.1,0.141,0.9,False,none
D-000986,B-000986,T-00252,V-0412,True,False,False,61.8,0.69,0.22,False,ai_generated_doc
D-000987,B-000987,T-00253,V-0046,True,False,False,39.5,0.306,0.86,False,bid_rigging
D-000988,B-000988,T-00253,V-0250,True,False,True,65.8,0.029,0.85,False,bid_rigging
D-000989,B-000989,T-00253,V-0264,True,False,True,55.1,0.284,0.86,True,bid_rigging
D-000990,B-000990,T-00253,V-0449,True,False,False,61.7,0.255,0.89,False,bid_rigging
D-000991,B-000991,T-00254,V-0429,True,False,False,48.6,0.067,0.89,False,none
D-000992,B-000992,T-00254,V-0226,True,False,False,33.7,0.109,1.0,False,none
D-000993,B-000993,T-00254,V-0310,True,False,False,64.9,0.246,0.96,False,none
D-000994,B-000994,T-00254,V-0105,True,False,False,45.2,0.04,0.9,False,none
D-000995,B-000995,T-00254,V-0190,True,False,False,27.6,0.606,0.89,False,none
D-000996,B-000996,T-00255,V-0351,True,False,False,49.2,0.079,0.96,False,none
D-000997,B-000997,T-00255,V-0478,True,False,False,57.8,0.094,0.87,False,none
D-000998,B-000998,T-00256,V-0251,True,False,False,51.3,0.101,0.93,False,none
D-000999,B-000999,T-00256,V-0223,True,False,False,12.5,0.111,0.97,False,none
D-001000,B-001000,T-00257,V-0245,True,False,False,70.6,0.372,0.91,False,none
D-001001,B-001001,T-00257,V-0080,True,False,False,41.6,0.212,0.99,False,none
D-001002,B-001002,T-00257,V-0086,True,False,False,58.7,0.096,0.86,False,none
D-001003,B-001003,T-00257,V-0112,True,False,False,65.5,0.2,1.0,False,none
D-001004,B-001004,T-00258,V-0231,True,False,False,57.4,0.112,0.92,False,none
D-001005,B-001005,T-00258,V-0076,True,False,False,30.8,0.224,0.92,False,none
D-001006,B-001006,T-00258,V-0150,True,False,False,26.2,0.158,0.97,False,none
D-001007,B-001007,T-00258,V-0072,True,False,False,28.1,0.156,0.88,False,none
D-001008,B-001008,T-00259,V-0147,True,False,False,47.6,0.179,0.94,False,none
D-001009,B-001009,T-00259,V-0280,True,False,False,71.2,0.106,0.86,False,none
D-001010,B-001010,T-00259,V-0240,True,False,False,30.9,0.405,0.91,False,none
D-001011,B-001011,T-00260,V-0063,True,False,False,29.5,0.356,0.96,False,none
D-001012,B-001012,T-00260,V-0398,True,False,False,54.7,0.236,0.9,False,none
D-001013,B-001013,T-00260,V-0236,True,False,False,51.2,0.217,0.88,False,none
D-001014,B-001014,T-00260,V-0283,True,False,False,37.1,0.432,0.86,False,none
D-001015,B-001015,T-00260,V-0389,True,False,False,29.1,0.249,1.0,False,none
D-001016,B-001016,T-00260,V-0188,True,False,False,34.8,0.217,0.88,False,none
D-001017,B-001017,T-00261,V-0269,True,False,False,41.0,0.16,0.86,False,conflict_of_interest
D-001018,B-001018,T-00261,V-0401,True,False,False,42.1,0.296,0.92,False,none
D-001019,B-001019,T-00261,V-0142,True,False,False,50.5,0.332,0.85,False,none
D-001020,B-001020,T-00261,V-0236,True,False,False,42.3,0.048,0.85,False,none
D-001021,B-001021,T-00262,V-0238,True,False,False,63.7,0.24,0.88,False,none
D-001022,B-001022,T-00262,V-0492,True,False,False,71.6,0.108,0.99,False,none
D-001023,B-001023,T-00262,V-0331,True,False,False,37.8,0.056,0.87,False,none
D-001024,B-001024,T-00262,V-0482,True,False,False,43.6,0.155,0.92,False,none
D-001025,B-001025,T-00262,V-0266,True,False,False,31.0,0.211,0.97,False,none
D-001026,B-001026,T-00262,V-0181,True,False,False,47.6,0.152,0.89,False,none
D-001027,B-001027,T-00263,V-0249,True,False,False,50.8,0.301,0.89,False,none
D-001028,B-001028,T-00263,V-0101,True,False,False,22.0,0.044,0.87,False,none
D-001029,B-001029,T-00263,V-0384,True,False,False,48.8,0.12,0.96,False,none
D-001030,B-001030,T-00263,V-0008,True,False,False,33.3,0.062,0.9,False,none
D-001031,B-001031,T-00264,V-0129,True,False,False,64.2,0.255,0.92,False,none
D-001032,B-001032,T-00264,V-0249,True,False,False,28.5,0.058,0.93,False,none
D-001033,B-001033,T-00264,V-0204,True,False,False,33.6,0.105,0.94,False,none
D-001034,B-001034,T-00264,V-0238,True,False,False,45.7,0.261,0.86,False,none
D-001035,B-001035,T-00264,V-0364,True,False,False,44.0,0.166,0.92,False,none
D-001036,B-001036,T-00265,V-0306,True,False,False,40.0,0.047,0.89,False,none
D-001037,B-001037,T-00265,V-0150,True,False,False,34.5,0.163,0.98,False,none
D-001038,B-001038,T-00266,V-0084,True,False,False,29.9,0.305,0.95,False,none
D-001039,B-001039,T-00266,V-0005,True,False,False,34.1,0.167,0.86,False,none
D-001040,B-001040,T-00266,V-0051,True,False,False,51.6,0.421,0.93,False,none
D-001041,B-001041,T-00266,V-0074,True,False,False,45.2,0.051,0.96,False,none
D-001042,B-001042,T-00266,V-0381,True,False,False,49.2,0.151,0.88,False,none
D-001043,B-001043,T-00266,V-0364,True,False,False,32.0,0.012,0.91,False,none
D-001044,B-001044,T-00267,V-0221,True,False,False,32.7,0.287,0.91,False,none
D-001045,B-001045,T-00267,V-0390,True,False,False,50.4,0.058,0.98,False,none
D-001046,B-001046,T-00267,V-0263,True,False,False,41.7,0.414,0.94,False,none
D-001047,B-001047,T-00267,V-0018,True,False,False,38.4,0.334,0.97,False,none
D-001048,B-001048,T-00267,V-0341,True,False,False,47.9,0.389,0.86,False,none
D-001049,B-001049,T-00268,V-0046,True,False,False,37.0,0.25,0.93,False,bid_rigging
D-001050,B-001050,T-00268,V-0250,True,False,False,26.6,0.335,0.89,False,bid_rigging
D-001051,B-001051,T-00268,V-0264,True,False,True,59.1,0.027,0.9,False,bid_rigging
D-001052,B-001052,T-00269,V-0239,True,False,False,45.7,0.337,0.88,False,none
D-001053,B-001053,T-00269,V-0468,True,False,False,52.6,0.022,0.98,False,none
D-001054,B-001054,T-00269,V-0084,True,False,False,57.1,0.185,0.95,False,none
D-001055,B-001055,T-00270,V-0280,True,False,False,30.5,0.21,0.88,False,none
D-001056,B-001056,T-00270,V-0455,True,False,False,33.3,0.221,0.85,False,none
D-001057,B-001057,T-00270,V-0461,True,False,False,29.4,0.216,0.87,False,none
D-001058,B-001058,T-00270,V-0416,True,False,False,36.6,0.175,0.99,False,none
D-001059,B-001059,T-00270,V-0379,True,False,False,52.7,0.309,0.97,False,none
D-001060,B-001060,T-00270,V-0169,True,False,False,58.6,0.218,0.9,False,none
D-001061,B-001061,T-00271,V-0026,True,False,False,50.3,0.109,1.0,False,none
D-001062,B-001062,T-00271,V-0487,True,False,False,22.1,0.029,0.9,False,none
D-001063,B-001063,T-00271,V-0302,True,False,False,54.9,0.276,0.91,False,none
D-001064,B-001064,T-00271,V-0153,True,False,False,50.0,0.195,0.86,False,none
D-001065,B-001065,T-00271,V-0410,True,False,False,44.1,0.199,0.98,False,none
D-001066,B-001066,T-00272,V-0083,True,False,False,33.1,0.081,0.87,False,none
D-001067,B-001067,T-00272,V-0319,True,False,False,50.7,0.082,0.91,False,none
D-001068,B-001068,T-00272,V-0246,True,False,False,27.2,0.209,0.97,False,none
D-001069,B-001069,T-00273,V-0480,True,False,False,42.6,0.124,0.94,False,none
D-001070,B-001070,T-00273,V-0189,True,False,False,33.0,0.207,0.9,False,none
D-001071,B-001071,T-00273,V-0060,True,False,False,24.8,0.225,0.88,False,none
D-001072,B-001072,T-00273,V-0157,True,False,False,48.9,0.412,0.96,False,none
D-001073,B-001073,T-00274,V-0192,True,False,False,23.1,0.088,0.91,True,none
D-001074,B-001074,T-00274,V-0436,True,False,False,22.0,0.029,0.99,False,none
D-001075,B-001075,T-00274,V-0042,True,False,False,71.4,0.415,0.97,False,none
D-001076,B-001076,T-00274,V-0051,True,False,False,44.6,0.174,0.97,True,none
D-001077,B-001077,T-00274,V-0407,True,False,False,39.0,0.128,0.89,True,none
D-001078,B-001078,T-00274,V-0377,True,False,False,35.7,0.225,0.95,False,none
D-001079,B-001079,T-00275,V-0046,True,False,False,36.4,0.382,0.86,False,bid_rigging
D-001080,B-001080,T-00275,V-0250,True,False,False,44.4,0.166,0.98,False,bid_rigging
D-001081,B-001081,T-00275,V-0264,True,False,False,26.5,0.049,0.87,False,bid_rigging
D-001082,B-001082,T-00275,V-0449,True,False,False,50.4,0.036,0.94,False,bid_rigging
D-001083,B-001083,T-00276,V-0080,True,False,False,41.7,0.037,0.88,False,none
D-001084,B-001084,T-00276,V-0329,True,False,False,52.9,0.189,0.91,False,none
D-001085,B-001085,T-00276,V-0397,True,False,False,37.2,0.052,0.9,False,none
D-001086,B-001086,T-00276,V-0358,True,False,False,28.2,0.179,0.98,False,none
D-001087,B-001087,T-00277,V-0334,True,False,False,39.0,0.033,0.92,False,none
D-001088,B-001088,T-00277,V-0361,True,False,False,40.0,0.094,0.95,False,none
D-001089,B-001089,T-00277,V-0417,True,False,False,54.2,0.207,0.86,False,none
D-001090,B-001090,T-00277,V-0205,True,False,False,48.7,0.239,0.93,False,none
D-001091,B-001091,T-00278,V-0076,True,False,False,40.1,0.159,0.92,False,none
D-001092,B-001092,T-00278,V-0370,True,False,False,48.1,0.145,0.98,False,none
D-001093,B-001093,T-00278,V-0037,True,False,False,56.2,0.255,0.86,False,none
D-001094,B-001094,T-00279,V-0154,True,False,False,64.1,0.269,0.95,False,none
D-001095,B-001095,T-00279,V-0479,True,False,False,31.1,0.141,0.85,True,none
D-001096,B-001096,T-00279,V-0363,True,False,False,34.7,0.284,0.86,False,none
D-001097,B-001097,T-00279,V-0107,True,False,False,51.6,0.109,0.95,True,none
D-001098,B-001098,T-00279,V-0458,True,False,False,17.8,0.424,0.88,False,none
D-001099,B-001099,T-00279,V-0242,True,False,False,38.7,0.082,0.93,False,none
D-001100,B-001100,T-00280,V-0444,True,False,False,59.1,0.221,0.98,False,none
D-001101,B-001101,T-00280,V-0358,True,False,False,26.6,0.093,0.88,False,none
D-001102,B-001102,T-00280,V-0094,True,False,False,40.7,0.143,0.91,False,none
D-001103,B-001103,T-00280,V-0003,True,False,False,47.0,0.373,0.98,False,none
D-001104,B-001104,T-00280,V-0445,True,False,False,41.9,0.174,0.91,False,none
D-001105,B-001105,T-00280,V-0401,True,False,False,44.9,0.181,0.91,False,none
D-001106,B-001106,T-00281,V-0190,True,False,False,43.9,0.122,0.89,False,none
D-001107,B-001107,T-00281,V-0172,True,False,False,40.8,0.07,0.89,False,none
D-001108,B-001108,T-00281,V-0001,True,False,False,43.8,0.555,0.97,False,none
D-001109,B-001109,T-00281,V-0053,True,False,False,31.3,0.106,0.93,False,none
D-001110,B-001110,T-00281,V-0247,True,False,False,49.2,0.461,0.92,False,none
D-001111,B-001111,T-00281,V-0395,True,False,False,61.9,0.435,0.99,False,none
D-001112,B-001112,T-00282,V-0275,True,False,False,67.9,0.134,0.87,False,none
D-001113,B-001113,T-00282,V-0386,True,False,False,43.5,0.258,0.93,True,none
D-001114,B-001114,T-00282,V-0233,True,False,False,58.6,0.161,0.94,False,none
D-001115,B-001115,T-00282,V-0022,True,False,False,63.7,0.344,0.85,False,none
D-001116,B-001116,T-00283,V-0114,True,False,False,43.2,0.116,0.9,False,none
D-001117,B-001117,T-00283,V-0230,True,False,False,50.1,0.312,1.0,False,none
D-001118,B-001118,T-00283,V-0135,True,False,False,44.9,0.25,0.93,False,none
D-001119,B-001119,T-00283,V-0153,True,False,False,33.4,0.248,0.92,False,none
D-001120,B-001120,T-00283,V-0456,True,False,False,50.0,0.13,0.97,False,none
D-001121,B-001121,T-00283,V-0333,True,False,False,64.3,0.021,0.86,False,none
D-001122,B-001122,T-00284,V-0008,True,False,False,40.7,0.201,0.93,False,none
D-001123,B-001123,T-00284,V-0256,True,False,False,49.6,0.298,0.9,False,none
D-001124,B-001124,T-00284,V-0444,True,False,False,44.3,0.176,0.95,False,none
D-001125,B-001125,T-00284,V-0487,True,False,False,37.4,0.376,0.98,False,none
D-001126,B-001126,T-00284,V-0375,True,False,False,38.4,0.175,1.0,False,none
D-001127,B-001127,T-00285,V-0040,True,False,False,49.3,0.225,0.95,False,none
D-001128,B-001128,T-00285,V-0168,True,False,False,44.2,0.254,1.0,False,none
D-001129,B-001129,T-00285,V-0331,True,False,False,64.0,0.011,0.95,False,none
D-001130,B-001130,T-00285,V-0125,True,False,False,45.7,0.146,0.97,False,none
D-001131,B-001131,T-00285,V-0484,True,False,False,58.3,0.065,0.97,False,none
D-001132,B-001132,T-00286,V-0354,True,False,False,29.6,0.069,0.91,False,none
D-001133,B-001133,T-00286,V-0280,True,False,False,56.3,0.283,0.99,False,none
D-001134,B-001134,T-00286,V-0327,True,False,False,55.4,0.261,0.99,False,none
D-001135,B-001135,T-00286,V-0035,True,False,False,43.5,0.115,0.95,False,none
D-001136,B-001136,T-00286,V-0039,True,False,False,44.4,0.301,0.93,False,none
D-001137,B-001137,T-00286,V-0079,True,False,False,53.4,0.044,0.88,False,none
D-001138,B-001138,T-00287,V-0412,True,False,False,42.8,0.387,0.91,False,none
D-001139,B-001139,T-00287,V-0096,True,False,False,43.9,0.211,0.95,False,none
D-001140,B-001140,T-00287,V-0279,True,False,False,35.4,0.026,0.98,False,none
D-001141,B-001141,T-00287,V-0483,True,False,False,43.7,0.256,0.99,False,none
D-001142,B-001142,T-00287,V-0128,True,False,False,35.1,0.232,0.99,False,none
D-001143,B-001143,T-00288,V-0108,True,False,False,66.8,0.152,0.97,False,none
D-001144,B-001144,T-00288,V-0085,True,False,False,52.8,0.147,1.0,False,none
D-001145,B-001145,T-00288,V-0097,True,False,False,44.9,0.06,0.96,False,none
D-001146,B-001146,T-00288,V-0317,True,False,False,28.6,0.104,0.86,False,none
D-001147,B-001147,T-00288,V-0326,True,False,False,41.0,0.285,0.93,False,none
D-001148,B-001148,T-00289,V-0181,True,False,False,56.7,0.421,0.9,False,none
D-001149,B-001149,T-00289,V-0008,True,False,False,47.4,0.032,0.86,False,none
D-001150,B-001150,T-00289,V-0340,True,False,False,32.8,0.159,0.86,False,none
D-001151,B-001151,T-00289,V-0478,True,False,False,39.3,0.38,0.97,False,none
D-001152,B-001152,T-00289,V-0190,True,False,False,53.7,0.162,0.91,False,none
D-001153,B-001153,T-00289,V-0332,True,False,False,48.3,0.23,0.93,False,none
D-001154,B-001154,T-00290,V-0046,True,False,False,50.8,0.318,0.97,False,bid_rigging
D-001155,B-001155,T-00290,V-0250,True,False,False,29.1,0.222,0.98,False,bid_rigging
D-001156,B-001156,T-00290,V-0264,True,False,False,37.8,0.141,0.93,False,bid_rigging
D-001157,B-001157,T-00291,V-0186,True,False,False,33.4,0.561,0.94,False,none
D-001158,B-001158,T-00291,V-0038,True,False,False,31.6,0.116,0.94,False,none
D-001159,B-001159,T-00291,V-0255,True,False,False,36.3,0.07,0.94,False,none
D-001160,B-001160,T-00291,V-0157,True,False,False,39.0,0.144,0.96,False,none
D-001161,B-001161,T-00291,V-0378,True,False,False,60.9,0.252,0.9,False,none
D-001162,B-001162,T-00291,V-0153,True,False,False,45.9,0.013,0.96,False,none
D-001163,B-001163,T-00292,V-0118,True,False,False,35.6,0.427,0.96,False,none
D-001164,B-001164,T-00292,V-0025,True,False,False,47.0,0.221,0.9,False,none
D-001165,B-001165,T-00293,V-0152,True,False,False,40.1,0.332,0.91,False,none
D-001166,B-001166,T-00293,V-0464,True,False,False,56.9,0.049,0.94,False,none
D-001167,B-001167,T-00293,V-0282,True,False,False,39.0,0.371,0.99,True,none
D-001168,B-001168,T-00293,V-0336,True,False,False,30.4,0.243,0.98,False,none
D-001169,B-001169,T-00293,V-0051,True,False,False,30.9,0.416,0.88,False,none
D-001170,B-001170,T-00293,V-0458,True,False,False,32.0,0.082,0.92,False,none
D-001171,B-001171,T-00294,V-0481,True,False,False,49.5,0.129,0.9,False,none
D-001172,B-001172,T-00294,V-0287,True,False,False,60.8,0.493,0.94,False,none
D-001173,B-001173,T-00294,V-0458,True,False,False,60.9,0.062,0.89,False,none
D-001174,B-001174,T-00294,V-0406,True,False,False,47.2,0.355,0.94,False,none
D-001175,B-001175,T-00294,V-0126,True,False,False,26.7,0.392,0.9,False,none
D-001176,B-001176,T-00294,V-0041,True,False,False,60.3,0.39,0.89,False,none
D-001177,B-001177,T-00295,V-0406,True,False,False,64.2,0.299,0.97,True,none
D-001178,B-001178,T-00295,V-0373,True,False,False,58.4,0.104,0.95,False,none
D-001179,B-001179,T-00295,V-0397,True,False,False,54.5,0.308,0.92,False,none
D-001180,B-001180,T-00295,V-0431,True,False,False,51.4,0.078,0.91,False,none
D-001181,B-001181,T-00295,V-0096,True,False,False,22.2,0.112,0.91,False,none
D-001182,B-001182,T-00295,V-0252,True,False,False,18.9,0.273,0.95,False,none
D-001183,B-001183,T-00296,V-0254,True,False,False,38.7,0.154,0.85,False,none
D-001184,B-001184,T-00296,V-0000,True,False,False,40.7,0.075,0.87,False,none
D-001185,B-001185,T-00296,V-0058,True,False,False,34.4,0.282,0.94,False,none
D-001186,B-001186,T-00296,V-0207,True,False,False,26.9,0.238,0.87,False,none
D-001187,B-001187,T-00296,V-0302,True,False,False,57.9,0.12,0.98,False,none
D-001188,B-001188,T-00296,V-0097,True,False,False,31.2,0.106,0.98,False,none
D-001189,B-001189,T-00297,V-0028,True,False,False,70.8,0.27,0.99,True,shell_company
D-001190,B-001190,T-00297,V-0108,True,False,False,37.4,0.186,0.91,False,none
D-001191,B-001191,T-00297,V-0368,True,False,False,59.3,0.272,0.92,False,none
D-001192,B-001192,T-00297,V-0057,True,False,False,50.2,0.137,1.0,False,none
D-001193,B-001193,T-00298,V-0105,True,False,False,44.8,0.123,0.99,False,none
D-001194,B-001194,T-00298,V-0199,True,False,False,32.0,0.143,0.97,False,none
D-001195,B-001195,T-00298,V-0180,True,False,False,54.4,0.245,0.9,False,none
D-001196,B-001196,T-00299,V-0383,True,False,False,39.4,0.175,0.93,False,none
D-001197,B-001197,T-00299,V-0234,True,False,False,54.0,0.777,0.52,False,ai_generated_doc
D-001198,B-001198,T-00300,V-0300,True,False,False,26.9,0.055,0.88,False,none
D-001199,B-001199,T-00300,V-0232,True,False,False,62.6,0.238,0.99,False,none
D-001200,B-001200,T-00301,V-0082,True,False,False,36.8,0.203,0.93,False,none
D-001201,B-001201,T-00301,V-0245,True,False,False,27.9,0.023,0.86,False,none
D-001202,B-001202,T-00301,V-0112,True,False,False,46.3,0.197,0.94,False,none
D-001203,B-001203,T-00301,V-0224,True,False,False,43.0,0.404,0.87,False,none
D-001204,B-001204,T-00302,V-0353,True,False,False,42.0,0.458,0.86,False,none
D-001205,B-001205,T-00302,V-0050,True,False,False,15.4,0.35,0.98,False,none
D-001206,B-001206,T-00302,V-0139,True,False,False,33.1,0.097,0.85,False,none
D-001207,B-001207,T-00302,V-0441,True,False,False,52.3,0.075,0.88,False,none
D-001208,B-001208,T-00303,V-0471,True,False,False,50.9,0.052,0.99,False,none
D-001209,B-001209,T-00303,V-0093,True,False,False,34.1,0.293,0.94,False,none
D-001210,B-001210,T-00303,V-0321,True,False,False,61.9,0.165,0.94,False,none
D-001211,B-001211,T-00303,V-0254,True,False,False,34.1,0.064,0.96,False,none
D-001212,B-001212,T-00303,V-0270,True,False,False,72.3,0.367,0.95,False,none
D-001213,B-001213,T-00303,V-0001,True,False,False,42.6,0.309,0.99,False,none
D-001214,B-001214,T-00304,V-0289,True,False,False,51.1,0.17,0.9,False,none
D-001215,B-001215,T-00304,V-0288,True,False,False,55.3,0.185,0.89,False,none
D-001216,B-001216,T-00304,V-0182,True,False,False,48.2,0.037,0.96,False,none
D-001217,B-001217,T-00304,V-0049,True,False,False,54.4,0.133,0.89,False,none
D-001218,B-001218,T-00304,V-0194,True,False,False,57.5,0.27,0.93,False,none
D-001219,B-001219,T-00304,V-0241,True,False,False,46.7,0.33,0.88,False,none
D-001220,B-001220,T-00305,V-0094,True,False,False,46.2,0.324,0.88,False,bid_rigging
D-001221,B-001221,T-00305,V-0385,True,False,True,50.3,0.207,0.91,False,bid_rigging
D-001222,B-001222,T-00305,V-0496,True,False,True,41.5,0.14,0.99,False,bid_rigging
D-001223,B-001223,T-00306,V-0457,True,False,False,46.4,0.056,0.96,True,none
D-001224,B-001224,T-00306,V-0107,True,False,False,27.1,0.302,0.96,False,none
D-001225,B-001225,T-00306,V-0047,True,False,False,19.0,0.305,0.91,False,none
D-001226,B-001226,T-00306,V-0174,True,False,False,55.0,0.105,0.94,False,none
D-001227,B-001227,T-00306,V-0472,True,False,False,60.5,0.042,1.0,False,none
D-001228,B-001228,T-00307,V-0454,True,False,False,51.5,0.055,0.88,False,none
D-001229,B-001229,T-00307,V-0169,True,False,False,67.3,0.205,0.92,False,none
D-001230,B-001230,T-00307,V-0051,True,False,False,47.9,0.233,0.91,False,none
D-001231,B-001231,T-00307,V-0045,True,False,False,42.7,0.18,0.88,False,none
D-001232,B-001232,T-00307,V-0257,True,False,False,36.3,0.049,0.86,False,none
D-001233,B-001233,T-00308,V-0119,True,False,False,39.8,0.103,0.94,False,none
D-001234,B-001234,T-00308,V-0377,True,False,False,59.4,0.194,0.95,False,none
D-001235,B-001235,T-00308,V-0023,True,False,False,51.6,0.205,0.9,False,none
D-001236,B-001236,T-00309,V-0060,True,False,False,52.1,0.298,0.99,False,none
D-001237,B-001237,T-00309,V-0371,True,False,False,38.5,0.374,0.91,False,none
D-001238,B-001238,T-00310,V-0242,True,False,False,34.1,0.285,0.95,False,none
D-001239,B-001239,T-00310,V-0193,True,False,False,53.2,0.208,0.86,False,none
D-001240,B-001240,T-00310,V-0003,True,False,False,59.1,0.056,0.97,False,none
D-001241,B-001241,T-00311,V-0117,True,False,False,51.8,0.336,0.89,False,none
D-001242,B-001242,T-00311,V-0358,True,False,False,44.2,0.357,0.97,False,none
D-001243,B-001243,T-00311,V-0416,True,False,False,57.0,0.294,0.89,False,none
D-001244,B-001244,T-00311,V-0085,True,False,False,42.8,0.231,0.99,True,none
D-001245,B-001245,T-00311,V-0136,True,False,False,38.3,0.139,0.86,False,none
D-001246,B-001246,T-00312,V-0142,True,False,False,47.0,0.091,0.96,False,none
D-001247,B-001247,T-00312,V-0161,True,False,False,57.3,0.075,0.89,False,none
D-001248,B-001248,T-00312,V-0133,True,False,False,26.9,0.451,0.98,False,none
D-001249,B-001249,T-00312,V-0310,True,False,False,41.4,0.391,0.92,False,none
D-001250,B-001250,T-00312,V-0109,True,False,False,42.7,0.145,0.95,True,none
D-001251,B-001251,T-00313,V-0364,True,False,False,43.6,0.066,0.99,False,none
D-001252,B-001252,T-00313,V-0377,True,False,False,61.6,0.188,0.93,False,none
D-001253,B-001253,T-00313,V-0418,True,False,False,51.0,0.343,0.97,False,none
D-001254,B-001254,T-00313,V-0069,True,False,False,49.5,0.287,0.86,False,none
D-001255,B-001255,T-00313,V-0027,True,False,False,53.8,0.275,0.98,False,none
D-001256,B-001256,T-00313,V-0265,True,False,False,32.4,0.039,0.91,False,none
D-001257,B-001257,T-00314,V-0022,True,False,False,49.8,0.739,0.57,False,ai_generated_doc
D-001258,B-001258,T-00314,V-0218,True,False,False,32.3,0.211,0.87,False,none
D-001259,B-001259,T-00314,V-0251,True,False,False,37.5,0.198,0.92,False,none
D-001260,B-001260,T-00315,V-0015,True,False,False,56.9,0.317,0.9,False,none
D-001261,B-001261,T-00315,V-0016,True,False,False,11.2,0.285,0.87,False,none
D-001262,B-001262,T-00315,V-0391,True,False,False,59.4,0.106,0.96,False,none
D-001263,B-001263,T-00315,V-0005,True,False,False,46.7,0.095,0.94,False,none
D-001264,B-001264,T-00316,V-0490,False,False,False,55.3,0.21,0.99,False,shell_company
D-001265,B-001265,T-00316,V-0331,True,False,False,40.3,0.166,0.97,False,none
D-001266,B-001266,T-00316,V-0190,True,False,False,48.7,0.236,0.98,False,none
D-001267,B-001267,T-00316,V-0029,True,False,False,54.0,0.018,0.87,False,none
D-001268,B-001268,T-00317,V-0077,True,False,False,23.1,0.418,0.95,False,none
D-001269,B-001269,T-00317,V-0089,True,False,False,62.3,0.208,0.86,False,none
D-001270,B-001270,T-00318,V-0013,True,False,False,24.9,0.192,0.99,False,none
D-001271,B-001271,T-00318,V-0022,True,False,False,35.1,0.245,0.86,False,none
D-001272,B-001272,T-00318,V-0306,True,False,False,57.1,0.221,0.97,False,none
D-001273,B-001273,T-00318,V-0025,True,False,False,53.6,0.326,0.86,False,none
D-001274,B-001274,T-00318,V-0001,True,False,False,53.8,0.375,0.93,False,none
D-001275,B-001275,T-00319,V-0164,True,False,False,50.4,0.182,0.91,False,none
D-001276,B-001276,T-00319,V-0189,True,False,False,47.8,0.208,0.89,False,none
D-001277,B-001277,T-00319,V-0338,True,False,False,66.4,0.191,0.94,True,none
D-001278,B-001278,T-00320,V-0106,True,False,False,57.8,0.274,0.89,False,bid_suppression
D-001279,B-001279,T-00321,V-0402,True,False,False,32.9,0.135,0.97,False,none
D-001280,B-001280,T-00321,V-0008,True,False,False,44.9,0.339,0.89,True,none
D-001281,B-001281,T-00321,V-0395,True,False,False,70.3,0.271,0.97,False,none
D-001282,B-001282,T-00321,V-0319,True,False,False,45.4,0.214,0.88,False,none
D-001283,B-001283,T-00322,V-0492,True,False,False,23.7,0.129,0.88,False,none
D-001284,B-001284,T-00322,V-0438,True,False,False,70.6,0.207,0.88,False,none
D-001285,B-001285,T-00322,V-0329,True,False,False,52.2,0.139,0.87,False,none
D-001286,B-001286,T-00322,V-0090,True,False,False,43.3,0.085,0.96,False,none
D-001287,B-001287,T-00323,V-0347,True,False,False,22.9,0.036,0.96,False,none
D-001288,B-001288,T-00323,V-0151,True,False,False,79.8,0.2,0.86,False,none
D-001289,B-001289,T-00323,V-0371,True,False,False,34.0,0.344,0.85,False,none
D-001290,B-001290,T-00323,V-0087,True,False,False,57.0,0.272,0.87,False,none
D-001291,B-001291,T-00323,V-0267,True,False,False,61.4,0.205,0.96,False,none
D-001292,B-001292,T-00323,V-0292,True,False,False,35.0,0.224,0.91,False,none
D-001293,B-001293,T-00324,V-0149,True,False,False,45.8,0.095,0.85,False,none
D-001294,B-001294,T-00324,V-0484,True,False,False,26.4,0.218,0.94,True,none
D-001295,B-001295,T-00324,V-0323,True,False,False,22.9,0.074,0.96,False,none
D-001296,B-001296,T-00324,V-0199,True,False,False,54.5,0.298,0.93,False,none
D-001297,B-001297,T-00324,V-0080,True,False,False,36.0,0.032,0.89,False,none
D-001298,B-001298,T-00325,V-0210,True,False,False,58.9,0.476,0.88,False,none
D-001299,B-001299,T-00325,V-0405,True,False,False,26.8,0.074,0.94,False,none
D-001300,B-001300,T-00325,V-0143,True,False,False,57.7,0.349,0.97,False,none
D-001301,B-001301,T-00325,V-0441,True,False,False,50.7,0.108,0.94,False,none
D-001302,B-001302,T-00326,V-0425,True,False,False,48.3,0.085,0.86,False,none
D-001303,B-001303,T-00326,V-0141,True,False,False,50.5,0.102,0.97,False,none
D-001304,B-001304,T-00326,V-0169,True,False,False,25.5,0.371,0.91,False,none
D-001305,B-001305,T-00327,V-0436,True,False,False,47.8,0.208,0.89,False,bid_suppression
D-001306,B-001306,T-00328,V-0099,True,False,False,36.6,0.383,0.88,True,none
D-001307,B-001307,T-00328,V-0424,True,False,False,49.6,0.12,0.95,False,none
D-001308,B-001308,T-00328,V-0269,True,False,False,37.0,0.336,0.95,True,none
D-001309,B-001309,T-00328,V-0131,True,False,False,68.3,0.231,0.87,False,none
D-001310,B-001310,T-00329,V-0303,True,False,False,36.8,0.039,0.93,False,none
D-001311,B-001311,T-00329,V-0046,True,False,False,37.8,0.182,1.0,False,none
D-001312,B-001312,T-00329,V-0323,True,False,False,30.9,0.348,0.9,False,none
D-001313,B-001313,T-00330,V-0489,True,False,False,55.8,0.244,0.96,True,none
D-001314,B-001314,T-00330,V-0042,True,False,False,45.1,0.038,0.97,False,none
D-001315,B-001315,T-00331,V-0456,True,False,False,60.7,0.337,0.97,False,none
D-001316,B-001316,T-00331,V-0004,True,False,False,48.3,0.237,0.96,False,none
D-001317,B-001317,T-00331,V-0005,True,False,False,50.1,0.224,0.92,True,none
D-001318,B-001318,T-00331,V-0466,True,False,False,44.1,0.116,0.86,False,none
D-001319,B-001319,T-00331,V-0094,True,False,False,39.6,0.146,0.94,False,none
D-001320,B-001320,T-00331,V-0106,True,False,False,42.6,0.154,0.94,False,none
D-001321,B-001321,T-00332,V-0469,True,False,False,42.6,0.011,0.99,False,none
D-001322,B-001322,T-00332,V-0001,True,False,False,67.8,0.246,0.87,True,none
D-001323,B-001323,T-00332,V-0451,True,False,False,38.5,0.022,0.87,False,none
D-001324,B-001324,T-00332,V-0317,True,False,False,33.9,0.156,0.86,False,none
D-001325,B-001325,T-00332,V-0348,True,False,False,45.5,0.088,0.86,False,none
D-001326,B-001326,T-00333,V-0203,True,False,False,72.7,0.07,0.92,False,none
D-001327,B-001327,T-00333,V-0271,True,False,False,37.8,0.064,0.98,False,none
D-001328,B-001328,T-00333,V-0244,True,False,False,35.1,0.211,0.98,False,none
D-001329,B-001329,T-00334,V-0122,True,False,False,52.6,0.246,0.99,False,none
D-001330,B-001330,T-00334,V-0231,True,False,False,46.3,0.042,0.89,False,none
D-001331,B-001331,T-00335,V-0066,True,False,False,74.3,0.236,0.95,False,none
D-001332,B-001332,T-00335,V-0266,True,False,False,68.3,0.229,0.95,False,none
D-001333,B-001333,T-00335,V-0274,True,False,False,43.0,0.264,0.94,False,none
D-001334,B-001334,T-00335,V-0208,True,False,False,58.8,0.088,0.98,False,none
D-001335,B-001335,T-00336,V-0113,True,False,False,50.1,0.448,0.99,False,conflict_of_interest
D-001336,B-001336,T-00336,V-0400,True,False,False,43.2,0.216,0.92,False,none
D-001337,B-001337,T-00336,V-0434,True,False,False,62.5,0.246,0.93,False,none
D-001338,B-001338,T-00337,V-0164,True,False,False,34.1,0.141,0.9,False,none
D-001339,B-001339,T-00337,V-0481,True,False,False,47.2,0.297,0.94,False,none
D-001340,B-001340,T-00338,V-0281,True,False,False,34.7,0.121,0.97,False,none
D-001341,B-001341,T-00338,V-0093,True,False,False,57.6,0.173,0.97,False,none
D-001342,B-001342,T-00338,V-0223,True,False,False,46.6,0.196,0.9,False,none
D-001343,B-001343,T-00338,V-0292,True,False,False,41.7,0.391,0.95,False,none
D-001344,B-001344,T-00338,V-0055,True,False,False,55.3,0.096,0.88,False,none
D-001345,B-001345,T-00338,V-0248,True,False,False,38.6,0.076,0.93,False,none
D-001346,B-001346,T-00339,V-0377,True,False,False,44.4,0.354,0.86,False,none
D-001347,B-001347,T-00339,V-0457,True,False,False,35.2,0.402,0.91,False,none
D-001348,B-001348,T-00339,V-0270,True,False,False,64.5,0.236,0.92,False,none
D-001349,B-001349,T-00339,V-0069,True,False,False,54.3,0.402,0.92,False,none
D-001350,B-001350,T-00339,V-0208,True,False,False,51.7,0.059,0.88,False,none
D-001351,B-001351,T-00339,V-0023,True,False,False,60.9,0.338,0.99,False,none
D-001352,B-001352,T-00340,V-0478,True,False,False,48.7,0.06,0.89,False,none
D-001353,B-001353,T-00340,V-0008,True,False,False,59.5,0.226,0.86,False,none
D-001354,B-001354,T-00340,V-0365,True,False,False,46.7,0.137,1.0,False,none
D-001355,B-001355,T-00341,V-0445,True,False,False,34.6,0.147,0.85,False,none
D-001356,B-001356,T-00341,V-0399,True,False,False,80.5,0.237,0.94,False,none
D-001357,B-001357,T-00341,V-0336,True,False,False,38.1,0.205,0.96,True,none
D-001358,B-001358,T-00341,V-0151,True,False,False,23.2,0.272,0.98,False,none
D-001359,B-001359,T-00341,V-0425,True,False,False,57.0,0.234,0.86,False,none
D-001360,B-001360,T-00342,V-0075,True,False,False,41.7,0.077,0.98,False,none
D-001361,B-001361,T-00342,V-0169,True,False,False,41.2,0.233,0.96,False,none
D-001362,B-001362,T-00342,V-0289,True,False,False,62.1,0.229,0.9,False,none
D-001363,B-001363,T-00343,V-0488,True,False,False,29.5,0.053,0.88,True,shell_company
D-001364,B-001364,T-00343,V-0150,True,False,False,47.7,0.197,0.87,False,none
D-001365,B-001365,T-00344,V-0094,True,False,False,71.8,0.381,0.95,False,bid_rigging
D-001366,B-001366,T-00344,V-0385,True,False,False,49.5,0.474,0.9,False,bid_rigging
D-001367,B-001367,T-00344,V-0496,True,False,False,40.9,0.194,1.0,False,bid_rigging
D-001368,B-001368,T-00345,V-0332,True,False,False,56.9,0.132,0.89,False,none
D-001369,B-001369,T-00345,V-0124,True,False,False,23.1,0.292,0.87,False,none
D-001370,B-001370,T-00345,V-0460,True,False,False,34.0,0.308,0.94,False,none
D-001371,B-001371,T-00345,V-0486,True,False,False,38.7,0.105,0.96,False,none
D-001372,B-001372,T-00346,V-0411,True,False,False,61.8,0.095,0.96,False,none
D-001373,B-001373,T-00346,V-0434,True,False,False,60.5,0.192,0.89,False,none
D-001374,B-001374,T-00346,V-0401,True,False,False,66.1,0.129,0.89,False,none
D-001375,B-001375,T-00346,V-0075,True,False,False,44.1,0.262,0.92,False,none
D-001376,B-001376,T-00346,V-0207,True,False,False,48.0,0.031,0.99,False,none
D-001377,B-001377,T-00346,V-0302,True,False,False,34.5,0.169,0.89,False,none
D-001378,B-001378,T-00347,V-0392,True,False,False,42.5,0.274,0.89,False,none
D-001379,B-001379,T-00347,V-0097,True,False,False,33.6,0.158,0.97,False,none
D-001380,B-001380,T-00347,V-0413,True,False,False,49.5,0.362,0.96,False,none
D-001381,B-001381,T-00348,V-0435,True,False,False,37.9,0.185,0.85,False,none
D-001382,B-001382,T-00348,V-0260,True,False,False,53.4,0.013,0.91,False,none
D-001383,B-001383,T-00348,V-0139,True,False,False,53.2,0.306,0.9,False,none
D-001384,B-001384,T-00348,V-0320,True,False,False,25.1,0.197,0.92,False,none
D-001385,B-001385,T-00349,V-0311,True,False,False,66.8,0.195,0.89,False,conflict_of_interest
D-001386,B-001386,T-00349,V-0103,True,False,False,45.9,0.258,0.89,False,none
D-001387,B-001387,T-00349,V-0038,True,False,False,14.4,0.172,0.89,False,none
D-001388,B-001388,T-00349,V-0041,True,False,False,33.9,0.293,0.97,False,none
D-001389,B-001389,T-00350,V-0100,True,False,False,70.7,0.284,0.97,False,none
D-001390,B-001390,T-00350,V-0446,True,False,False,49.3,0.075,0.94,False,none
D-001391,B-001391,T-00350,V-0298,True,False,False,50.3,0.091,0.86,False,none
D-001392,B-001392,T-00350,V-0486,True,False,False,58.0,0.294,0.99,False,none
D-001393,B-001393,T-00350,V-0226,True,False,False,29.2,0.043,0.94,False,none
D-001394,B-001394,T-00350,V-0328,True,False,False,43.3,0.181,0.98,False,none
D-001395,B-001395,T-00351,V-0343,True,False,False,68.3,0.312,0.91,False,none
D-001396,B-001396,T-00351,V-0066,True,False,False,50.7,0.195,0.87,False,none
D-001397,B-001397,T-00351,V-0305,True,False,False,50.3,0.208,0.95,False,none
D-001398,B-001398,T-00351,V-0070,True,False,False,44.5,0.499,0.9,False,none
D-001399,B-001399,T-00351,V-0176,True,False,False,62.9,0.022,0.86,False,none
D-001400,B-001400,T-00352,V-0134,True,False,False,35.5,0.306,0.99,False,none
D-001401,B-001401,T-00352,V-0034,True,False,False,21.5,0.076,0.91,False,none
D-001402,B-001402,T-00352,V-0496,True,False,False,49.9,0.113,0.88,False,none
D-001403,B-001403,T-00352,V-0099,True,False,False,29.1,0.208,0.96,False,none
D-001404,B-001404,T-00352,V-0101,True,False,False,61.9,0.309,0.98,False,none
D-001405,B-001405,T-00352,V-0103,True,False,False,53.6,0.082,0.96,False,none
D-001406,B-001406,T-00353,V-0194,True,False,False,49.1,0.223,0.91,False,none
D-001407,B-001407,T-00353,V-0057,True,False,False,66.7,0.201,0.94,False,none
D-001408,B-001408,T-00354,V-0499,True,False,False,29.9,0.32,0.96,False,none
D-001409,B-001409,T-00354,V-0176,True,False,False,49.2,0.165,0.92,False,none
D-001410,B-001410,T-00354,V-0192,True,False,False,53.9,0.378,0.98,False,none
D-001411,B-001411,T-00354,V-0062,True,False,False,63.2,0.147,0.96,False,none
D-001412,B-001412,T-00354,V-0097,True,False,False,67.3,0.317,0.96,False,none
D-001413,B-001413,T-00354,V-0111,True,False,False,55.1,0.343,0.98,True,none
D-001414,B-001414,T-00355,V-0425,True,False,False,57.2,0.257,0.99,False,none
D-001415,B-001415,T-00355,V-0052,True,False,False,49.0,0.172,0.98,False,none
D-001416,B-001416,T-00355,V-0203,True,False,False,49.8,0.056,0.98,False,none
D-001417,B-001417,T-00355,V-0240,True,False,False,63.1,0.174,0.97,False,none
D-001418,B-001418,T-00356,V-0274,True,False,False,61.0,0.162,0.95,False,none
D-001419,B-001419,T-00356,V-0423,True,False,False,40.5,0.056,0.91,False,none
D-001420,B-001420,T-00356,V-0093,True,False,False,33.5,0.074,0.93,False,none
D-001421,B-001421,T-00356,V-0052,True,False,False,46.7,0.106,0.87,False,none
D-001422,B-001422,T-00356,V-0321,True,False,False,39.6,0.185,0.86,False,none
D-001423,B-001423,T-00356,V-0099,True,False,False,45.3,0.12,0.96,False,none
D-001424,B-001424,T-00357,V-0209,True,False,False,34.6,0.195,0.94,False,none
D-001425,B-001425,T-00357,V-0014,True,False,False,31.6,0.129,0.92,False,none
D-001426,B-001426,T-00357,V-0173,True,False,False,47.1,0.046,0.96,False,none
D-001427,B-001427,T-00357,V-0117,True,False,False,48.9,0.111,0.86,False,none
D-001428,B-001428,T-00358,V-0120,True,False,False,33.8,0.431,0.95,False,none
D-001429,B-001429,T-00358,V-0460,True,False,False,50.9,0.245,0.96,False,price_inflation
D-001430,B-001430,T-00358,V-0207,True,False,False,33.9,0.195,0.97,False,none
D-001431,B-001431,T-00358,V-0265,True,False,False,37.6,0.05,0.99,False,none
D-001432,B-001432,T-00358,V-0399,True,False,False,35.5,0.039,0.86,False,none
D-001433,B-001433,T-00359,V-0351,True,False,False,40.7,0.148,0.96,False,none
D-001434,B-001434,T-00359,V-0135,True,False,False,62.4,0.063,0.97,False,none
D-001435,B-001435,T-00360,V-0071,True,False,False,26.9,0.202,0.94,False,none
D-001436,B-001436,T-00360,V-0167,True,False,False,43.7,0.132,0.89,False,none
D-001437,B-001437,T-00360,V-0290,True,False,False,65.8,0.347,0.86,False,none
D-001438,B-001438,T-00360,V-0203,True,False,False,48.6,0.087,0.88,False,none
D-001439,B-001439,T-00360,V-0496,True,False,False,51.0,0.407,0.88,False,none
D-001440,B-001440,T-00360,V-0233,True,False,False,49.5,0.078,0.89,False,none
D-001441,B-001441,T-00361,V-0221,True,False,False,41.3,0.162,0.9,False,none
D-001442,B-001442,T-00361,V-0499,True,False,False,56.6,0.088,0.88,False,none
D-001443,B-001443,T-00361,V-0368,True,False,False,46.9,0.233,0.86,False,none
D-001444,B-001444,T-00361,V-0306,True,False,False,39.7,0.127,0.86,False,none
D-001445,B-001445,T-00361,V-0366,True,False,False,25.0,0.153,0.93,True,none
D-001446,B-001446,T-00361,V-0354,True,False,False,48.0,0.062,0.95,False,none
D-001447,B-001447,T-00362,V-0355,True,False,False,30.6,0.078,0.96,False,none
D-001448,B-001448,T-00362,V-0335,True,False,False,44.4,0.112,0.97,False,none
D-001449,B-001449,T-00363,V-0276,True,False,False,45.8,0.027,0.95,False,none
D-001450,B-001450,T-00363,V-0393,True,False,False,50.4,0.13,0.91,False,none
D-001451,B-001451,T-00363,V-0497,True,False,False,39.9,0.102,0.89,False,none
D-001452,B-001452,T-00364,V-0253,True,False,False,56.5,0.162,0.97,False,none
D-001453,B-001453,T-00364,V-0312,True,False,False,37.6,0.131,0.88,False,none
D-001454,B-001454,T-00364,V-0272,True,False,False,48.7,0.241,0.91,False,none
D-001455,B-001455,T-00364,V-0252,True,False,False,45.2,0.191,0.92,False,none
D-001456,B-001456,T-00364,V-0196,True,False,False,52.0,0.232,0.99,False,none
D-001457,B-001457,T-00365,V-0204,True,False,False,52.3,0.121,0.99,True,none
D-001458,B-001458,T-00365,V-0329,True,False,False,47.1,0.176,0.85,False,none
D-001459,B-001459,T-00366,V-0386,True,False,False,45.2,0.033,0.88,False,none
D-001460,B-001460,T-00366,V-0199,True,False,False,43.0,0.2,0.95,True,none
D-001461,B-001461,T-00366,V-0195,True,False,False,57.0,0.324,0.88,False,none
D-001462,B-001462,T-00366,V-0372,True,False,False,45.5,0.235,0.96,False,none
D-001463,B-001463,T-00367,V-0201,True,False,False,64.1,0.087,0.92,False,none
D-001464,B-001464,T-00367,V-0235,True,False,False,48.0,0.063,0.97,False,none
D-001465,B-001465,T-00367,V-0303,True,False,False,39.3,0.207,0.86,False,none
D-001466,B-001466,T-00367,V-0100,True,False,False,59.2,0.046,0.96,True,none
D-001467,B-001467,T-00367,V-0071,True,False,False,46.4,0.162,0.95,False,none
D-001468,B-001468,T-00367,V-0180,True,False,False,38.9,0.097,0.99,True,none
D-001469,B-001469,T-00368,V-0095,True,False,False,27.7,0.219,0.94,False,none
D-001470,B-001470,T-00368,V-0272,True,False,False,62.9,0.118,0.9,False,none
D-001471,B-001471,T-00368,V-0389,True,False,False,33.5,0.062,0.93,False,none
D-001472,B-001472,T-00368,V-0172,True,False,False,39.1,0.235,0.92,False,none
D-001473,B-001473,T-00369,V-0052,True,False,False,37.3,0.075,0.87,False,none
D-001474,B-001474,T-00369,V-0114,True,False,False,59.1,0.14,0.93,False,none
D-001475,B-001475,T-00369,V-0440,True,False,False,34.9,0.109,0.94,False,none
D-001476,B-001476,T-00369,V-0481,True,False,False,25.6,0.16,0.96,False,none
D-001477,B-001477,T-00370,V-0395,True,False,False,19.4,0.36,0.98,False,none
D-001478,B-001478,T-00370,V-0348,True,False,False,36.2,0.261,0.98,False,none
D-001479,B-001479,T-00370,V-0147,True,False,False,32.5,0.246,0.93,False,none
D-001480,B-001480,T-00370,V-0422,True,False,False,29.7,0.09,0.92,False,none
D-001481,B-001481,T-00370,V-0133,True,False,False,39.7,0.448,0.86,False,none
D-001482,B-001482,T-00371,V-0297,True,False,False,38.5,0.253,0.99,False,none
D-001483,B-001483,T-00371,V-0120,True,False,False,37.0,0.13,0.92,False,none
D-001484,B-001484,T-00371,V-0137,True,False,False,46.4,0.418,0.98,False,none
D-001485,B-001485,T-00371,V-0406,True,False,False,57.3,0.088,0.9,False,none
D-001486,B-001486,T-00372,V-0317,True,False,False,51.6,0.076,0.86,False,none
D-001487,B-001487,T-00372,V-0453,True,False,False,6.0,0.314,0.97,True,none
D-001488,B-001488,T-00372,V-0109,True,False,False,55.1,0.086,0.98,False,none
D-001489,B-001489,T-00372,V-0418,True,False,False,54.9,0.379,0.87,True,none
D-001490,B-001490,T-00373,V-0145,True,False,False,45.3,0.087,0.92,True,none
D-001491,B-001491,T-00373,V-0486,True,False,False,40.1,0.122,0.96,False,none
D-001492,B-001492,T-00374,V-0268,True,False,False,49.1,0.315,0.88,False,none
D-001493,B-001493,T-00374,V-0242,True,False,False,39.4,0.094,0.86,False,none
D-001494,B-001494,T-00374,V-0287,True,False,False,54.9,0.134,0.95,False,none
D-001495,B-001495,T-00374,V-0030,True,False,False,58.2,0.039,0.94,False,none
D-001496,B-001496,T-00374,V-0309,True,False,False,45.7,0.395,0.99,False,none
D-001497,B-001497,T-00374,V-0375,True,False,False,29.6,0.166,0.99,True,none
D-001498,B-001498,T-00375,V-0259,True,False,False,69.4,0.11,0.96,False,none
D-001499,B-001499,T-00375,V-0212,True,False,False,42.0,0.319,0.94,False,none
D-001500,B-001500,T-00375,V-0405,True,False,False,57.5,0.347,0.97,False,none
D-001501,B-001501,T-00375,V-0386,True,False,False,16.4,0.258,0.87,False,none
D-001502,B-001502,T-00375,V-0230,True,False,False,44.2,0.051,0.97,False,none
D-001503,B-001503,T-00375,V-0275,True,False,False,51.5,0.295,0.88,False,none
D-001504,B-001504,T-00376,V-0091,True,False,False,62.2,0.137,0.93,False,none
D-001505,B-001505,T-00376,V-0257,True,False,False,59.0,0.138,0.95,False,none
D-001506,B-001506,T-00376,V-0065,True,False,False,45.1,0.106,0.86,False,none
D-001507,B-001507,T-00376,V-0155,True,False,False,36.7,0.189,0.95,False,none
D-001508,B-001508,T-00377,V-0037,True,False,False,20.3,0.448,0.9,False,none
D-001509,B-001509,T-00377,V-0490,True,False,False,34.9,0.099,0.91,False,none
D-001510,B-001510,T-00377,V-0121,True,False,False,57.7,0.084,1.0,False,none
D-001511,B-001511,T-00378,V-0284,True,False,False,43.1,0.131,0.99,False,none
D-001512,B-001512,T-00378,V-0377,True,False,False,45.2,0.042,0.93,False,none
D-001513,B-001513,T-00378,V-0093,True,False,False,57.0,0.124,0.91,False,none
D-001514,B-001514,T-00378,V-0349,True,False,False,20.2,0.253,0.86,False,none
D-001515,B-001515,T-00378,V-0051,True,False,False,39.7,0.028,0.88,False,none
D-001516,B-001516,T-00379,V-0368,True,False,False,36.2,0.102,0.98,False,none
D-001517,B-001517,T-00379,V-0486,True,False,False,26.6,0.175,0.98,False,none
D-001518,B-001518,T-00379,V-0149,True,False,False,61.3,0.385,0.88,False,none
D-001519,B-001519,T-00379,V-0329,True,False,False,53.2,0.219,0.88,False,none
D-001520,B-001520,T-00379,V-0211,True,False,False,48.2,0.178,1.0,False,none
D-001521,B-001521,T-00380,V-0071,True,False,False,49.8,0.565,1.0,True,shell_company
D-001522,B-001522,T-00380,V-0429,True,False,False,47.4,0.085,0.91,False,none
D-001523,B-001523,T-00381,V-0279,False,False,False,50.1,0.053,0.89,True,shell_company
D-001524,B-001524,T-00381,V-0004,True,False,False,50.2,0.192,0.89,False,none
D-001525,B-001525,T-00381,V-0454,True,False,False,35.6,0.165,0.89,False,none
D-001526,B-001526,T-00381,V-0046,True,False,False,56.1,0.107,0.98,False,none
D-001527,B-001527,T-00382,V-0237,True,False,False,55.3,0.257,0.98,False,none
D-001528,B-001528,T-00382,V-0164,True,False,False,55.8,0.161,0.99,False,none
D-001529,B-001529,T-00382,V-0133,True,False,False,43.4,0.357,0.94,False,none
D-001530,B-001530,T-00382,V-0382,True,False,False,43.2,0.088,0.9,False,none
D-001531,B-001531,T-00382,V-0498,True,False,False,50.4,0.047,0.87,False,none
D-001532,B-001532,T-00383,V-0373,True,False,False,36.0,0.277,0.95,False,none
D-001533,B-001533,T-00383,V-0052,True,False,False,44.4,0.519,0.96,False,none
D-001534,B-001534,T-00383,V-0200,True,False,False,60.5,0.105,0.92,False,none
D-001535,B-001535,T-00384,V-0474,True,False,False,38.0,0.026,0.94,False,none
D-001536,B-001536,T-00384,V-0289,True,False,False,44.3,0.062,0.85,False,none
D-001537,B-001537,T-00384,V-0335,True,False,False,44.8,0.359,0.89,False,none
D-001538,B-001538,T-00385,V-0489,True,False,False,74.2,0.276,0.97,False,none
D-001539,B-001539,T-00385,V-0051,True,False,False,47.5,0.168,0.89,False,none
D-001540,B-001540,T-00385,V-0375,True,False,False,39.4,0.411,0.94,False,none
D-001541,B-001541,T-00386,V-0334,True,False,False,54.0,0.217,0.96,False,none
D-001542,B-001542,T-00386,V-0186,True,False,False,53.5,0.471,0.99,False,none
D-001543,B-001543,T-00386,V-0359,True,False,False,48.4,0.146,1.0,False,none
D-001544,B-001544,T-00386,V-0493,True,False,False,64.7,0.056,0.97,False,none
D-001545,B-001545,T-00387,V-0126,True,False,False,57.7,0.126,0.91,False,none
D-001546,B-001546,T-00387,V-0482,True,False,False,33.9,0.309,0.89,False,none
D-001547,B-001547,T-00387,V-0010,True,False,False,58.7,0.283,0.89,False,none
D-001548,B-001548,T-00387,V-0292,True,False,False,55.2,0.158,0.95,False,none
D-001549,B-001549,T-00388,V-0225,True,False,False,34.4,0.114,0.88,False,none
D-001550,B-001550,T-00388,V-0035,True,False,False,46.1,0.178,0.88,True,none
D-001551,B-001551,T-00388,V-0082,True,False,False,41.0,0.449,0.96,False,none
D-001552,B-001552,T-00389,V-0070,True,False,False,49.8,0.063,0.89,False,none
D-001553,B-001553,T-00389,V-0296,True,False,False,33.1,0.146,0.9,False,none
D-001554,B-001554,T-00389,V-0487,True,False,False,55.7,0.064,0.85,False,none
D-001555,B-001555,T-00389,V-0285,True,False,False,46.1,0.373,0.96,False,none
D-001556,B-001556,T-00390,V-0076,True,False,False,30.7,0.264,0.9,True,bid_rigging
D-001557,B-001557,T-00390,V-0166,True,False,True,45.5,0.064,0.91,False,bid_rigging
D-001558,B-001558,T-00390,V-0355,True,False,False,40.4,0.108,0.99,False,bid_rigging
D-001559,B-001559,T-00390,V-0382,True,False,False,47.3,0.167,0.98,False,bid_rigging
D-001560,B-001560,T-00391,V-0472,True,False,False,53.5,0.117,0.88,False,none
D-001561,B-001561,T-00391,V-0198,True,False,False,33.5,0.291,0.91,False,none
D-001562,B-001562,T-00391,V-0330,True,False,False,37.0,0.232,0.98,False,none
D-001563,B-001563,T-00392,V-0011,True,False,False,64.0,0.233,0.97,False,none
D-001564,B-001564,T-00392,V-0398,True,False,False,48.3,0.124,0.89,False,none
D-001565,B-001565,T-00393,V-0128,False,False,False,58.0,0.334,0.94,True,shell_company
D-001566,B-001566,T-00393,V-0142,True,False,False,47.6,0.248,0.85,False,none
D-001567,B-001567,T-00393,V-0335,True,False,False,45.4,0.157,0.9,False,none
D-001568,B-001568,T-00394,V-0058,True,False,False,18.1,0.038,0.98,True,shell_company
D-001569,B-001569,T-00394,V-0204,True,False,False,49.1,0.301,0.89,False,none
D-001570,B-001570,T-00395,V-0058,True,False,False,44.6,0.036,0.94,False,none
D-001571,B-001571,T-00395,V-0310,True,False,False,52.2,0.469,0.88,False,none
D-001572,B-001572,T-00396,V-0076,True,False,False,34.4,0.145,0.89,False,bid_rigging
D-001573,B-001573,T-00396,V-0166,True,False,False,33.8,0.092,0.93,False,bid_rigging
D-001574,B-001574,T-00396,V-0355,True,False,False,30.0,0.223,0.91,False,bid_rigging
D-001575,B-001575,T-00396,V-0382,True,False,False,50.4,0.309,0.93,False,bid_rigging
D-001576,B-001576,T-00397,V-0397,True,False,False,42.8,0.197,0.89,False,none
D-001577,B-001577,T-00397,V-0266,True,False,False,48.7,0.257,0.93,False,none
D-001578,B-001578,T-00397,V-0053,True,False,False,56.8,0.39,0.9,False,none
D-001579,B-001579,T-00397,V-0076,True,False,False,29.8,0.154,0.91,False,none
D-001580,B-001580,T-00398,V-0076,True,False,False,40.4,0.161,0.96,False,none
D-001581,B-001581,T-00398,V-0305,True,False,False,29.5,0.191,0.88,False,none
D-001582,B-001582,T-00398,V-0146,True,False,False,27.3,0.265,0.96,False,none
D-001583,B-001583,T-00399,V-0414,True,False,False,31.5,0.077,0.93,False,none
D-001584,B-001584,T-00399,V-0379,True,False,False,50.6,0.177,0.94,False,none
D-001585,B-001585,T-00400,V-0397,True,False,False,46.5,0.383,0.87,False,none
D-001586,B-001586,T-00400,V-0049,True,False,False,34.6,0.326,0.87,False,none
D-001587,B-001587,T-00401,V-0187,True,False,False,41.6,0.12,0.92,False,none
D-001588,B-001588,T-00401,V-0198,True,False,False,59.8,0.193,0.93,False,none
D-001589,B-001589,T-00401,V-0157,True,False,False,43.7,0.119,0.96,False,none
D-001590,B-001590,T-00401,V-0390,True,False,False,50.2,0.183,0.96,False,none
D-001591,B-001591,T-00401,V-0473,True,False,False,50.9,0.233,0.9,False,none
D-001592,B-001592,T-00401,V-0066,True,False,False,30.6,0.199,0.89,False,none
D-001593,B-001593,T-00402,V-0220,True,False,False,49.4,0.298,0.88,False,price_inflation
D-001594,B-001594,T-00402,V-0218,True,False,False,49.2,0.126,1.0,False,none
D-001595,B-001595,T-00403,V-0423,True,False,False,51.5,0.223,0.86,False,none
D-001596,B-001596,T-00403,V-0449,True,False,False,46.0,0.156,1.0,False,none
D-001597,B-001597,T-00403,V-0350,True,False,False,72.1,0.14,0.97,False,none
D-001598,B-001598,T-00404,V-0489,True,False,False,44.3,0.097,0.94,False,none
D-001599,B-001599,T-00404,V-0254,True,False,False,42.9,0.09,0.9,False,none
D-001600,B-001600,T-00404,V-0288,True,False,False,53.4,0.192,0.91,False,none
D-001601,B-001601,T-00404,V-0468,True,False,False,36.3,0.379,0.96,False,none
D-001602,B-001602,T-00404,V-0393,True,False,False,59.3,0.353,0.96,False,none
D-001603,B-001603,T-00405,V-0428,True,False,False,42.7,0.134,0.92,False,none
D-001604,B-001604,T-00405,V-0414,True,False,False,46.6,0.006,0.97,False,none
D-001605,B-001605,T-00405,V-0128,True,False,False,48.4,0.313,0.91,False,none
D-001606,B-001606,T-00406,V-0094,True,False,False,45.0,0.33,0.87,False,bid_rigging
D-001607,B-001607,T-00406,V-0385,True,False,False,53.7,0.33,0.86,False,bid_rigging
D-001608,B-001608,T-00406,V-0496,True,False,False,17.4,0.326,0.88,False,bid_rigging
D-001609,B-001609,T-00407,V-0076,True,False,True,37.8,0.227,0.87,False,bid_rigging
D-001610,B-001610,T-00407,V-0166,True,False,False,7.9,0.261,0.99,False,bid_rigging
D-001611,B-001611,T-00407,V-0355,True,False,True,34.3,0.182,0.97,False,bid_rigging
D-001612,B-001612,T-00407,V-0382,True,False,True,39.7,0.171,0.87,False,bid_rigging
D-001613,B-001613,T-00408,V-0360,True,False,False,57.3,0.136,0.93,False,none
D-001614,B-001614,T-00408,V-0100,True,False,False,37.6,0.137,0.93,False,none
D-001615,B-001615,T-00409,V-0218,True,False,False,69.6,0.163,0.86,False,none
D-001616,B-001616,T-00409,V-0360,True,False,False,58.8,0.078,0.98,True,none
D-001617,B-001617,T-00409,V-0219,True,False,False,49.0,0.079,1.0,False,none
D-001618,B-001618,T-00409,V-0305,True,False,False,40.3,0.103,0.95,False,none
D-001619,B-001619,T-00409,V-0129,True,False,False,55.4,0.275,1.0,False,none
D-001620,B-001620,T-00410,V-0299,True,False,False,38.2,0.267,0.91,False,none
D-001621,B-001621,T-00410,V-0032,True,False,False,51.8,0.815,0.6,False,ai_generated_doc
D-001622,B-001622,T-00410,V-0268,True,False,False,49.3,0.327,0.85,False,none
D-001623,B-001623,T-00410,V-0123,True,False,False,53.0,0.095,0.96,False,none
D-001624,B-001624,T-00411,V-0063,True,False,False,65.6,0.175,0.93,False,none
D-001625,B-001625,T-00411,V-0467,True,False,False,37.4,0.56,0.89,False,none
D-001626,B-001626,T-00411,V-0129,True,False,False,68.7,0.083,0.88,False,none
D-001627,B-001627,T-00411,V-0019,True,False,False,29.0,0.366,0.98,False,none
D-001628,B-001628,T-00411,V-0010,True,False,False,62.5,0.275,0.86,False,none
D-001629,B-001629,T-00412,V-0312,True,False,False,35.4,0.378,0.91,False,none
D-001630,B-001630,T-00412,V-0311,True,False,False,32.8,0.126,1.0,False,none
D-001631,B-001631,T-00412,V-0256,True,False,False,43.1,0.306,0.9,False,none
D-001632,B-001632,T-00412,V-0019,True,False,False,28.9,0.345,0.93,True,none
D-001633,B-001633,T-00413,V-0416,True,False,False,47.6,0.13,0.96,False,none
D-001634,B-001634,T-00413,V-0212,True,False,False,55.5,0.162,0.92,False,none
D-001635,B-001635,T-00414,V-0110,True,False,False,56.2,0.309,1.0,False,none
D-001636,B-001636,T-00414,V-0248,True,False,False,36.8,0.295,0.94,False,none
D-001637,B-001637,T-00414,V-0146,True,False,False,44.5,0.143,0.97,False,none
D-001638,B-001638,T-00415,V-0342,True,False,False,31.0,0.212,0.97,False,none
D-001639,B-001639,T-00415,V-0302,True,False,False,37.9,0.063,0.91,False,none
D-001640,B-001640,T-00415,V-0304,True,False,False,58.5,0.22,0.89,False,none
D-001641,B-001641,T-00415,V-0148,True,False,False,32.8,0.142,0.99,False,none
D-001642,B-001642,T-00415,V-0298,True,False,False,31.8,0.123,0.93,False,none
D-001643,B-001643,T-00415,V-0291,True,False,False,42.8,0.071,0.92,False,none
D-001644,B-001644,T-00416,V-0322,True,False,False,65.0,0.345,0.98,False,none
D-001645,B-001645,T-00416,V-0411,True,False,False,44.3,0.241,0.91,False,none
D-001646,B-001646,T-00417,V-0292,True,False,False,49.3,0.359,0.86,False,none
D-001647,B-001647,T-00417,V-0262,True,False,False,27.9,0.243,0.86,False,none
D-001648,B-001648,T-00417,V-0304,True,False,False,43.0,0.44,0.95,False,none
D-001649,B-001649,T-00417,V-0258,True,False,False,52.3,0.108,1.0,False,none
D-001650,B-001650,T-00417,V-0453,True,False,False,40.0,0.044,0.93,False,none
D-001651,B-001651,T-00417,V-0399,True,False,False,35.6,0.132,0.92,False,none
D-001652,B-001652,T-00418,V-0231,True,False,False,27.7,0.046,0.86,False,none
D-001653,B-001653,T-00418,V-0484,True,False,False,63.7,0.231,0.35,False,ai_generated_doc
D-001654,B-001654,T-00419,V-0415,True,False,False,23.5,0.047,0.98,False,none
D-001655,B-001655,T-00419,V-0013,True,False,False,43.6,0.214,0.94,False,none
D-001656,B-001656,T-00420,V-0431,True,False,False,44.4,0.117,0.96,False,none
D-001657,B-001657,T-00420,V-0096,True,False,False,48.8,0.124,0.87,False,none
D-001658,B-001658,T-00420,V-0194,True,False,False,37.0,0.59,0.9,False,none
D-001659,B-001659,T-00421,V-0138,True,False,False,50.3,0.093,0.85,False,none
D-001660,B-001660,T-00421,V-0405,True,False,False,70.7,0.442,0.92,False,none
D-001661,B-001661,T-00421,V-0084,True,False,False,48.2,0.235,0.88,False,none
D-001662,B-001662,T-00421,V-0307,True,False,False,40.4,0.29,0.89,False,none
D-001663,B-001663,T-00421,V-0343,True,False,False,35.6,0.179,0.92,False,none
D-001664,B-001664,T-00421,V-0216,True,False,False,41.3,0.188,0.9,False,none
D-001665,B-001665,T-00422,V-0218,True,False,False,36.5,0.119,0.93,False,none
D-001666,B-001666,T-00422,V-0022,True,False,False,69.1,0.118,0.97,False,none
D-001667,B-001667,T-00422,V-0253,True,False,False,42.6,0.357,0.87,False,none
D-001668,B-001668,T-00422,V-0460,True,False,False,15.8,0.138,0.96,False,none
D-001669,B-001669,T-00423,V-0093,True,False,False,49.4,0.159,0.93,False,none
D-001670,B-001670,T-00423,V-0149,True,False,False,55.3,0.082,0.88,False,none
D-001671,B-001671,T-00423,V-0327,True,False,False,56.0,0.063,0.94,False,none
D-001672,B-001672,T-00423,V-0023,True,False,False,39.2,0.332,0.87,False,none
D-001673,B-001673,T-00423,V-0453,True,False,False,39.7,0.344,0.96,False,none
D-001674,B-001674,T-00424,V-0287,True,False,False,35.8,0.221,0.94,False,none
D-001675,B-001675,T-00424,V-0173,True,False,False,45.3,0.15,0.86,False,none
D-001676,B-001676,T-00424,V-0052,True,False,False,48.9,0.1,0.88,False,none
D-001677,B-001677,T-00425,V-0257,True,False,False,47.6,0.04,0.97,False,none
D-001678,B-001678,T-00425,V-0495,True,False,False,33.6,0.23,0.9,True,none
D-001679,B-001679,T-00426,V-0132,True,False,False,42.2,0.25,0.9,False,none
D-001680,B-001680,T-00426,V-0202,True,False,False,64.1,0.21,0.99,False,none
D-001681,B-001681,T-00426,V-0245,True,False,False,46.4,0.076,0.89,False,none
D-001682,B-001682,T-00427,V-0300,True,False,False,55.4,0.228,0.92,False,none
D-001683,B-001683,T-00427,V-0458,True,False,False,45.7,0.03,0.92,False,none
D-001684,B-001684,T-00428,V-0365,True,False,False,52.5,0.245,0.97,False,none
D-001685,B-001685,T-00428,V-0208,True,False,False,48.3,0.115,0.88,False,none
D-001686,B-001686,T-00428,V-0055,True,False,False,52.4,0.2,0.94,False,none
D-001687,B-001687,T-00429,V-0048,True,False,False,40.5,0.052,0.98,False,none
D-001688,B-001688,T-00429,V-0205,True,False,False,51.1,0.242,0.98,False,none
D-001689,B-001689,T-00429,V-0170,True,False,False,42.7,0.335,0.98,False,none
D-001690,B-001690,T-00429,V-0399,True,False,False,61.7,0.136,0.86,False,none
D-001691,B-001691,T-00429,V-0424,True,False,False,52.3,0.296,0.9,False,none
D-001692,B-001692,T-00429,V-0358,True,False,False,29.9,0.182,0.92,False,none
D-001693,B-001693,T-00430,V-0459,True,False,False,32.1,0.264,0.85,False,none
D-001694,B-001694,T-00430,V-0466,True,False,False,40.1,0.088,0.94,False,none
D-001695,B-001695,T-00430,V-0476,True,False,False,50.4,0.149,0.95,False,none
D-001696,B-001696,T-00430,V-0382,True,False,False,17.2,0.24,0.96,False,none
D-001697,B-001697,T-00430,V-0033,True,False,False,41.7,0.115,0.89,False,price_inflation
D-001698,B-001698,T-00431,V-0094,True,False,False,52.7,0.112,0.9,False,none
D-001699,B-001699,T-00431,V-0470,True,False,False,43.2,0.286,0.96,False,none
D-001700,B-001700,T-00431,V-0201,True,False,False,23.4,0.463,0.96,False,none
D-001701,B-001701,T-00431,V-0320,True,False,False,67.8,0.045,0.94,False,none
D-001702,B-001702,T-00431,V-0192,True,False,False,31.4,0.112,0.87,False,none
D-001703,B-001703,T-00431,V-0484,True,False,False,52.6,0.386,0.93,False,none
D-001704,B-001704,T-00432,V-0411,True,False,False,53.9,0.184,0.93,False,none
D-001705,B-001705,T-00432,V-0337,True,False,False,46.5,0.416,0.91,False,none
D-001706,B-001706,T-00432,V-0025,True,False,False,58.2,0.368,0.99,True,none
D-001707,B-001707,T-00432,V-0056,True,False,False,46.5,0.18,0.87,False,none
D-001708,B-001708,T-00433,V-0076,True,False,False,38.2,0.123,0.94,True,bid_rigging
D-001709,B-001709,T-00433,V-0166,True,False,False,39.6,0.015,0.99,False,bid_rigging
D-001710,B-001710,T-00433,V-0355,True,False,False,33.0,0.356,0.86,False,bid_rigging
D-001711,B-001711,T-00434,V-0306,True,False,False,56.5,0.075,0.89,False,none
D-001712,B-001712,T-00434,V-0028,True,False,False,42.9,0.288,0.88,False,none
D-001713,B-001713,T-00434,V-0194,True,False,False,68.7,0.138,0.92,False,none
D-001714,B-001714,T-00434,V-0248,True,False,False,47.0,0.044,0.94,False,none
D-001715,B-001715,T-00435,V-0192,True,False,False,35.1,0.074,0.91,False,none
D-001716,B-001716,T-00435,V-0349,True,False,False,49.7,0.248,0.98,False,none
D-001717,B-001717,T-00435,V-0442,True,False,False,33.4,0.12,0.92,False,none
D-001718,B-001718,T-00435,V-0140,True,False,False,48.1,0.131,0.86,False,none
D-001719,B-001719,T-00435,V-0402,True,False,False,46.6,0.176,0.93,False,none
D-001720,B-001720,T-00436,V-0292,True,False,False,62.7,0.204,0.91,False,none
D-001721,B-001721,T-00436,V-0230,True,False,False,30.9,0.133,0.94,False,none
D-001722,B-001722,T-00437,V-0269,True,False,False,36.5,0.145,0.9,False,conflict_of_interest
D-001723,B-001723,T-00437,V-0410,True,False,False,39.9,0.219,0.89,False,none
D-001724,B-001724,T-00437,V-0207,True,False,False,41.3,0.166,0.91,False,none
D-001725,B-001725,T-00438,V-0094,True,False,False,48.1,0.137,0.89,False,bid_rigging
D-001726,B-001726,T-00438,V-0385,True,False,False,38.9,0.11,0.97,False,bid_rigging
D-001727,B-001727,T-00438,V-0496,True,False,False,28.0,0.207,0.98,False,bid_rigging
D-001728,B-001728,T-00439,V-0363,True,False,False,37.9,0.356,0.94,False,none
D-001729,B-001729,T-00439,V-0051,True,False,False,48.5,0.136,0.87,False,none
D-001730,B-001730,T-00439,V-0047,True,False,False,24.5,0.402,0.94,False,price_inflation
D-001731,B-001731,T-00439,V-0190,True,False,False,24.7,0.118,0.85,False,none
D-001732,B-001732,T-00440,V-0451,True,False,False,48.3,0.197,0.98,True,none
D-001733,B-001733,T-00440,V-0482,True,False,False,36.7,0.21,0.97,False,none
D-001734,B-001734,T-00440,V-0183,True,False,False,55.6,0.159,0.98,False,none
D-001735,B-001735,T-00440,V-0227,True,False,False,35.4,0.415,0.96,False,none
D-001736,B-001736,T-00440,V-0476,True,False,False,30.1,0.139,0.89,False,none
D-001737,B-001737,T-00440,V-0402,True,False,False,56.3,0.141,0.95,False,none
D-001738,B-001738,T-00441,V-0373,True,False,False,45.2,0.512,0.87,False,none
D-001739,B-001739,T-00441,V-0197,True,False,False,49.7,0.165,0.95,False,none
D-001740,B-001740,T-00441,V-0443,True,False,False,36.9,0.25,0.93,False,none
D-001741,B-001741,T-00441,V-0385,True,False,False,36.3,0.23,0.94,False,none
D-001742,B-001742,T-00441,V-0272,True,False,False,34.4,0.268,0.89,False,none
D-001743,B-001743,T-00441,V-0024,True,False,False,48.0,0.251,0.97,False,none
D-001744,B-001744,T-00442,V-0024,True,False,False,26.4,0.181,0.87,False,none
D-001745,B-001745,T-00442,V-0016,True,False,False,30.7,0.163,0.91,False,none
D-001746,B-001746,T-00442,V-0346,True,False,False,41.4,0.22,0.9,False,none
D-001747,B-001747,T-00442,V-0483,True,False,False,62.4,0.147,0.9,False,none
D-001748,B-001748,T-00443,V-0146,True,False,False,29.2,0.204,0.9,False,none
D-001749,B-001749,T-00443,V-0394,True,False,False,46.7,0.087,0.94,False,none
D-001750,B-001750,T-00443,V-0275,True,False,False,35.2,0.393,0.99,False,none
D-001751,B-001751,T-00443,V-0314,True,False,False,65.2,0.342,0.96,False,none
D-001752,B-001752,T-00443,V-0391,True,False,False,45.4,0.436,0.98,False,none
D-001753,B-001753,T-00444,V-0275,True,False,False,37.7,0.164,0.93,False,none
D-001754,B-001754,T-00444,V-0194,True,False,False,45.8,0.342,0.94,False,none
D-001755,B-001755,T-00444,V-0350,True,False,False,15.9,0.034,0.86,False,none
D-001756,B-001756,T-00444,V-0086,True,False,False,37.7,0.141,0.86,False,none
D-001757,B-001757,T-00444,V-0419,True,False,False,53.0,0.26,1.0,False,none
D-001758,B-001758,T-00444,V-0037,True,False,False,61.0,0.411,0.91,False,none
D-001759,B-001759,T-00445,V-0136,True,False,False,49.3,0.595,0.86,False,none
D-001760,B-001760,T-00445,V-0319,True,False,False,50.9,0.16,0.88,False,none
D-001761,B-001761,T-00445,V-0457,True,False,False,33.2,0.205,0.94,False,none
D-001762,B-001762,T-00446,V-0225,True,False,False,38.0,0.049,0.9,True,none
D-001763,B-001763,T-00446,V-0242,True,False,False,44.3,0.229,0.86,False,none
D-001764,B-001764,T-00446,V-0258,True,False,False,46.8,0.112,0.94,True,none
D-001765,B-001765,T-00446,V-0146,True,False,False,50.8,0.216,0.92,False,none
D-001766,B-001766,T-00446,V-0263,True,False,False,65.3,0.139,0.88,False,none
D-001767,B-001767,T-00447,V-0308,True,False,False,38.2,0.216,0.99,False,none
D-001768,B-001768,T-00447,V-0317,True,False,False,45.0,0.274,0.97,False,none
D-001769,B-001769,T-00447,V-0111,True,False,False,49.3,0.04,0.88,False,none
D-001770,B-001770,T-00447,V-0230,True,False,False,66.9,0.074,0.99,False,none
D-001771,B-001771,T-00447,V-0360,True,False,False,60.6,0.205,0.86,False,none
D-001772,B-001772,T-00448,V-0411,True,False,False,35.4,0.716,0.91,False,none
D-001773,B-001773,T-00448,V-0318,True,False,False,61.7,0.101,0.86,False,none
D-001774,B-001774,T-00448,V-0290,True,False,False,62.2,0.124,0.9,False,none
D-001775,B-001775,T-00448,V-0296,True,False,False,53.9,0.409,0.94,True,none
D-001776,B-001776,T-00448,V-0217,True,False,False,46.8,0.252,0.97,False,none
D-001777,B-001777,T-00449,V-0414,True,False,False,69.7,0.159,0.98,True,none
D-001778,B-001778,T-00449,V-0045,True,False,False,30.5,0.02,0.92,False,none
D-001779,B-001779,T-00450,V-0266,True,False,False,60.3,0.109,0.92,False,none
D-001780,B-001780,T-00450,V-0120,True,False,False,39.6,0.357,0.85,True,none
D-001781,B-001781,T-00450,V-0121,True,False,False,64.1,0.224,0.93,False,none
D-001782,B-001782,T-00451,V-0088,True,False,False,48.0,0.299,0.92,False,none
D-001783,B-001783,T-00451,V-0264,True,False,False,36.9,0.478,0.95,False,none
D-001784,B-001784,T-00451,V-0443,True,False,False,63.2,0.851,0.24,False,ai_generated_doc
D-001785,B-001785,T-00452,V-0222,True,False,False,30.6,0.061,0.86,False,none
D-001786,B-001786,T-00452,V-0194,True,False,False,42.2,0.201,0.88,False,none
D-001787,B-001787,T-00452,V-0058,True,False,False,55.2,0.395,0.96,False,none
D-001788,B-001788,T-00452,V-0023,True,False,False,44.0,0.046,0.98,False,none
D-001789,B-001789,T-00452,V-0465,True,False,False,43.7,0.364,0.94,False,none
D-001790,B-001790,T-00453,V-0459,True,False,False,42.6,0.309,0.87,False,none
D-001791,B-001791,T-00453,V-0283,True,False,False,39.2,0.197,0.89,False,none
D-001792,B-001792,T-00453,V-0148,True,False,False,15.4,0.159,0.93,False,none
D-001793,B-001793,T-00454,V-0328,True,False,False,49.8,0.256,1.0,False,none
D-001794,B-001794,T-00454,V-0070,True,False,False,35.3,0.267,0.99,False,none
D-001795,B-001795,T-00454,V-0099,True,False,False,41.6,0.357,0.92,False,none
D-001796,B-001796,T-00454,V-0161,True,False,False,56.0,0.086,0.91,False,none
D-001797,B-001797,T-00454,V-0158,True,False,False,43.2,0.326,0.86,False,none
D-001798,B-001798,T-00454,V-0209,True,False,False,43.6,0.191,0.93,False,none
D-001799,B-001799,T-00455,V-0462,True,False,False,45.1,0.437,0.92,False,price_inflation
D-001800,B-001800,T-00455,V-0352,True,False,False,37.7,0.25,0.99,False,none
D-001801,B-001801,T-00456,V-0360,True,False,False,33.5,0.088,0.89,False,price_inflation
D-001802,B-001802,T-00456,V-0430,True,False,False,44.1,0.114,0.99,False,none
D-001803,B-001803,T-00457,V-0188,True,False,False,48.5,0.326,0.9,False,none
D-001804,B-001804,T-00457,V-0395,True,False,False,34.6,0.175,0.87,False,none
D-001805,B-001805,T-00458,V-0289,True,False,False,34.2,0.129,0.98,False,none
D-001806,B-001806,T-00458,V-0318,True,False,False,40.3,0.209,0.97,False,none
D-001807,B-001807,T-00458,V-0207,True,False,False,50.1,0.122,0.96,False,none
D-001808,B-001808,T-00458,V-0081,True,False,False,60.6,0.455,0.98,False,none
D-001809,B-001809,T-00458,V-0198,True,False,False,29.3,0.216,0.92,False,none
D-001810,B-001810,T-00458,V-0310,True,False,False,71.1,0.096,0.9,False,none
D-001811,B-001811,T-00459,V-0232,True,False,False,27.5,0.082,1.0,False,none
D-001812,B-001812,T-00459,V-0432,True,False,False,47.7,0.398,0.93,False,none
D-001813,B-001813,T-00459,V-0039,True,False,False,39.8,0.039,0.86,False,none
D-001814,B-001814,T-00459,V-0291,True,False,False,36.3,0.112,0.99,False,none
D-001815,B-001815,T-00460,V-0286,True,False,False,38.2,0.311,0.86,False,none
D-001816,B-001816,T-00460,V-0425,True,False,False,34.9,0.428,0.95,False,none
D-001817,B-001817,T-00460,V-0446,True,False,False,40.0,0.018,0.86,False,none
D-001818,B-001818,T-00460,V-0095,True,False,False,46.8,0.157,0.9,False,none
D-001819,B-001819,T-00460,V-0194,True,False,False,57.2,0.035,0.99,False,none
D-001820,B-001820,T-00460,V-0007,True,False,False,45.0,0.216,0.95,False,none
D-001821,B-001821,T-00461,V-0197,True,False,False,64.4,0.568,0.57,False,ai_generated_doc
D-001822,B-001822,T-00461,V-0308,True,False,False,52.5,0.298,0.96,False,none
D-001823,B-001823,T-00461,V-0094,True,False,False,37.5,0.199,0.96,False,none
D-001824,B-001824,T-00461,V-0401,True,False,False,27.3,0.29,0.99,False,none
D-001825,B-001825,T-00462,V-0369,True,False,False,54.3,0.117,0.89,False,none
D-001826,B-001826,T-00462,V-0374,True,False,False,59.2,0.433,0.86,False,none
D-001827,B-001827,T-00462,V-0187,True,False,False,35.5,0.28,0.95,False,none
D-001828,B-001828,T-00462,V-0136,True,False,False,34.1,0.336,1.0,False,none
D-001829,B-001829,T-00463,V-0432,True,False,False,37.9,0.12,0.99,False,none
D-001830,B-001830,T-00463,V-0445,True,False,False,31.5,0.049,0.96,False,none
D-001831,B-001831,T-00463,V-0187,True,False,False,45.2,0.499,0.95,False,none
D-001832,B-001832,T-00464,V-0087,True,False,False,49.2,0.199,0.89,False,none
D-001833,B-001833,T-00464,V-0108,True,False,False,41.9,0.226,0.97,False,none
D-001834,B-001834,T-00464,V-0423,True,False,False,47.2,0.215,0.96,False,none
D-001835,B-001835,T-00464,V-0069,True,False,False,44.2,0.202,0.9,False,none
D-001836,B-001836,T-00464,V-0142,True,False,False,18.1,0.032,0.88,False,none
D-001837,B-001837,T-00465,V-0123,True,False,False,43.8,0.251,0.87,False,none
D-001838,B-001838,T-00465,V-0046,True,False,False,30.6,0.317,0.87,False,none
D-001839,B-001839,T-00465,V-0069,True,False,False,27.5,0.14,0.88,False,none
D-001840,B-001840,T-00465,V-0214,True,False,False,49.0,0.344,0.9,False,none
D-001841,B-001841,T-00465,V-0037,True,False,False,51.7,0.113,0.88,False,none
D-001842,B-001842,T-00466,V-0417,True,False,False,27.7,0.145,1.0,False,none
D-001843,B-001843,T-00466,V-0336,True,False,False,33.0,0.076,0.85,True,none
D-001844,B-001844,T-00467,V-0027,True,False,False,27.1,0.104,0.99,False,none
D-001845,B-001845,T-00467,V-0420,True,False,False,32.0,0.312,0.92,False,none
D-001846,B-001846,T-00467,V-0291,True,False,False,35.5,0.028,0.9,False,none
D-001847,B-001847,T-00467,V-0069,True,False,False,58.0,0.075,0.86,False,none
D-001848,B-001848,T-00467,V-0102,True,False,False,54.0,0.049,0.9,False,none
D-001849,B-001849,T-00468,V-0357,True,False,False,43.5,0.131,0.98,False,none
D-001850,B-001850,T-00468,V-0150,True,False,False,69.4,0.16,0.99,False,none
D-001851,B-001851,T-00468,V-0116,True,False,False,38.3,0.216,0.86,False,none
D-001852,B-001852,T-00468,V-0415,True,False,False,65.8,0.033,0.87,False,none
D-001853,B-001853,T-00469,V-0428,True,False,False,34.7,0.279,0.86,False,none
D-001854,B-001854,T-00469,V-0375,True,False,False,61.0,0.212,0.93,False,none
D-001855,B-001855,T-00469,V-0045,True,False,False,66.3,0.211,0.97,False,none
D-001856,B-001856,T-00469,V-0491,True,False,False,53.3,0.096,0.96,False,none
D-001857,B-001857,T-00469,V-0319,True,False,False,41.6,0.065,0.86,False,none
D-001858,B-001858,T-00470,V-0035,True,False,False,47.7,0.102,1.0,False,none
D-001859,B-001859,T-00470,V-0239,True,False,False,64.2,0.383,0.95,False,none
D-001860,B-001860,T-00470,V-0456,True,False,False,47.3,0.044,0.94,False,none
D-001861,B-001861,T-00471,V-0279,True,False,False,41.6,0.247,0.94,False,none
D-001862,B-001862,T-00471,V-0222,True,False,False,46.3,0.31,0.87,False,none
D-001863,B-001863,T-00471,V-0019,True,False,False,64.9,0.118,0.85,False,none
D-001864,B-001864,T-00471,V-0381,True,False,False,49.7,0.181,0.97,False,none
D-001865,B-001865,T-00472,V-0207,True,False,False,18.6,0.226,0.86,False,none
D-001866,B-001866,T-00472,V-0468,True,False,False,45.7,0.225,0.95,False,none
D-001867,B-001867,T-00472,V-0070,True,False,False,49.9,0.082,0.94,False,none
D-001868,B-001868,T-00472,V-0276,True,False,False,55.9,0.23,0.99,True,none
D-001869,B-001869,T-00473,V-0105,True,False,False,36.6,0.109,0.95,False,none
D-001870,B-001870,T-00473,V-0289,True,False,False,32.1,0.21,0.96,False,none
D-001871,B-001871,T-00473,V-0093,True,False,False,68.6,0.205,0.85,False,none
D-001872,B-001872,T-00474,V-0052,True,False,False,35.0,0.042,0.99,False,none
D-001873,B-001873,T-00474,V-0455,True,False,False,18.5,0.15,0.85,False,none
D-001874,B-001874,T-00474,V-0119,True,False,False,46.3,0.083,0.93,False,none
D-001875,B-001875,T-00474,V-0051,True,False,False,36.3,0.266,0.95,False,none
D-001876,B-001876,T-00474,V-0486,True,False,False,48.0,0.132,0.95,False,none
D-001877,B-001877,T-00474,V-0042,True,False,False,83.6,0.318,0.94,False,none
D-001878,B-001878,T-00475,V-0470,True,False,False,37.6,0.09,0.89,False,none
D-001879,B-001879,T-00475,V-0119,True,False,False,63.5,0.183,0.89,False,none
D-001880,B-001880,T-00475,V-0161,True,False,False,44.0,0.173,0.9,False,none
D-001881,B-001881,T-00475,V-0418,True,False,False,38.7,0.099,0.97,False,none
D-001882,B-001882,T-00476,V-0080,True,False,False,51.0,0.263,0.99,False,bid_suppression
D-001883,B-001883,T-00477,V-0172,True,False,False,47.7,0.142,0.94,False,price_inflation
D-001884,B-001884,T-00477,V-0109,True,False,False,61.8,0.221,0.87,False,none
D-001885,B-001885,T-00478,V-0144,True,False,False,37.2,0.126,0.93,False,none
D-001886,B-001886,T-00478,V-0022,True,False,False,56.0,0.227,0.93,False,none
D-001887,B-001887,T-00478,V-0489,True,False,False,36.1,0.261,0.93,False,none
D-001888,B-001888,T-00478,V-0427,True,False,False,51.0,0.129,0.97,False,none
D-001889,B-001889,T-00478,V-0252,True,False,False,53.8,0.052,0.88,False,none
D-001890,B-001890,T-00479,V-0490,True,False,False,37.2,0.161,0.93,False,none
D-001891,B-001891,T-00479,V-0346,True,False,False,43.3,0.107,0.9,False,none
D-001892,B-001892,T-00479,V-0318,True,False,False,63.1,0.195,0.86,False,none
D-001893,B-001893,T-00479,V-0110,True,False,False,22.7,0.242,0.96,False,none
D-001894,B-001894,T-00480,V-0032,True,False,False,52.5,0.221,0.93,True,none
D-001895,B-001895,T-00480,V-0036,True,False,False,47.1,0.341,0.88,False,none
D-001896,B-001896,T-00480,V-0277,True,False,False,49.0,0.195,0.98,False,none
D-001897,B-001897,T-00480,V-0153,True,False,False,32.7,0.128,0.93,False,none
D-001898,B-001898,T-00481,V-0185,True,False,False,50.2,0.214,0.96,False,none
D-001899,B-001899,T-00481,V-0198,True,False,False,41.7,0.343,0.94,False,none
D-001900,B-001900,T-00482,V-0076,True,False,True,50.5,0.11,0.99,False,bid_rigging
D-001901,B-001901,T-00482,V-0166,True,False,True,27.9,0.128,0.89,False,bid_rigging
D-001902,B-001902,T-00482,V-0355,True,False,True,61.5,0.208,0.96,False,bid_rigging
D-001903,B-001903,T-00482,V-0382,True,False,False,28.5,0.081,0.87,True,bid_rigging
D-001904,B-001904,T-00483,V-0157,True,False,False,41.5,0.187,0.95,False,none
D-001905,B-001905,T-00483,V-0297,True,False,False,59.5,0.204,0.89,False,none
D-001906,B-001906,T-00483,V-0357,True,False,False,53.5,0.423,0.86,False,none
D-001907,B-001907,T-00483,V-0493,True,False,False,48.6,0.349,0.85,False,none
D-001908,B-001908,T-00484,V-0252,True,False,False,45.9,0.241,0.96,False,none
D-001909,B-001909,T-00484,V-0108,True,False,False,38.5,0.178,0.96,False,none
D-001910,B-001910,T-00485,V-0094,True,False,False,36.1,0.057,0.99,False,none
D-001911,B-001911,T-00485,V-0298,True,False,False,35.7,0.116,0.95,False,none
D-001912,B-001912,T-00485,V-0031,True,False,False,41.0,0.128,0.91,False,none
D-001913,B-001913,T-00485,V-0321,True,False,False,39.7,0.474,0.94,False,none
D-001914,B-001914,T-00486,V-0076,True,False,False,33.7,0.089,0.99,False,bid_rigging
D-001915,B-001915,T-00486,V-0166,True,False,False,38.4,0.156,0.98,False,bid_rigging
D-001916,B-001916,T-00486,V-0355,True,False,False,54.8,0.19,0.95,False,bid_rigging
D-001917,B-001917,T-00486,V-0382,True,False,True,21.2,0.311,0.87,False,bid_rigging
D-001918,B-001918,T-00487,V-0171,True,False,False,25.6,0.32,0.88,False,none
D-001919,B-001919,T-00487,V-0386,True,False,False,33.4,0.104,0.92,False,none
D-001920,B-001920,T-00487,V-0448,True,False,False,63.9,0.145,0.86,False,none
D-001921,B-001921,T-00487,V-0288,True,False,False,45.7,0.126,0.99,False,none
D-001922,B-001922,T-00487,V-0284,True,False,False,24.0,0.06,0.85,False,none
D-001923,B-001923,T-00488,V-0452,True,False,False,62.4,0.307,0.94,False,none
D-001924,B-001924,T-00488,V-0355,True,False,False,30.5,0.373,1.0,False,none
D-001925,B-001925,T-00489,V-0355,True,False,False,40.9,0.202,0.9,False,none
D-001926,B-001926,T-00489,V-0305,True,False,False,60.0,0.454,0.98,False,none
D-001927,B-001927,T-00490,V-0092,True,False,False,37.2,0.384,0.98,False,none
D-001928,B-001928,T-00490,V-0096,True,False,False,44.4,0.34,0.98,False,none
D-001929,B-001929,T-00491,V-0402,True,False,False,55.5,0.141,0.89,False,none
D-001930,B-001930,T-00491,V-0063,True,False,False,55.9,0.044,1.0,False,none
D-001931,B-001931,T-00491,V-0267,True,False,False,45.4,0.133,0.96,False,none
D-001932,B-001932,T-00491,V-0293,True,False,False,61.2,0.23,0.96,False,none
D-001933,B-001933,T-00491,V-0465,True,False,False,39.6,0.122,0.92,False,none
D-001934,B-001934,T-00491,V-0250,True,False,False,52.9,0.307,0.98,False,none
D-001935,B-001935,T-00492,V-0085,True,False,False,44.2,0.091,0.95,False,none
D-001936,B-001936,T-00492,V-0360,True,False,False,41.2,0.086,0.89,False,none
D-001937,B-001937,T-00492,V-0353,True,False,False,46.4,0.292,0.93,False,none
D-001938,B-001938,T-00492,V-0048,True,False,False,39.1,0.117,1.0,False,none
D-001939,B-001939,T-00492,V-0195,True,False,False,42.2,0.239,0.92,False,none
D-001940,B-001940,T-00493,V-0141,True,False,False,48.0,0.194,0.86,False,none
D-001941,B-001941,T-00493,V-0169,True,False,False,37.1,0.567,0.93,False,none
D-001942,B-001942,T-00493,V-0492,True,False,False,40.1,0.098,0.93,False,none
D-001943,B-001943,T-00493,V-0451,True,False,False,53.5,0.209,0.93,False,none
D-001944,B-001944,T-00493,V-0159,True,False,False,48.4,0.028,0.87,False,none
D-001945,B-001945,T-00493,V-0443,True,False,False,57.9,0.026,0.86,False,none
D-001946,B-001946,T-00494,V-0045,True,False,False,43.3,0.347,0.85,False,none
D-001947,B-001947,T-00494,V-0142,True,False,False,62.4,0.777,0.51,False,ai_generated_doc
D-001948,B-001948,T-00494,V-0249,True,False,False,43.2,0.009,1.0,False,none
D-001949,B-001949,T-00494,V-0335,True,False,False,44.7,0.055,0.99,False,none
D-001950,B-001950,T-00495,V-0141,True,False,False,50.1,0.26,0.95,False,none
D-001951,B-001951,T-00495,V-0479,True,False,False,49.1,0.168,0.93,False,none
D-001952,B-001952,T-00496,V-0124,True,False,False,36.5,0.505,0.87,False,none
D-001953,B-001953,T-00496,V-0190,True,False,False,15.7,0.109,0.88,True,none
D-001954,B-001954,T-00497,V-0100,True,False,False,43.4,0.227,1.0,False,none
D-001955,B-001955,T-00497,V-0001,True,False,False,46.8,0.083,0.9,False,none
D-001956,B-001956,T-00497,V-0349,True,False,False,70.2,0.269,0.9,False,none
D-001957,B-001957,T-00497,V-0422,True,False,False,31.4,0.064,0.97,False,none
D-001958,B-001958,T-00497,V-0029,True,False,False,22.8,0.156,0.86,False,none
D-001959,B-001959,T-00498,V-0212,True,False,False,56.0,0.814,0.46,False,ai_generated_doc
D-001960,B-001960,T-00498,V-0349,True,False,False,45.5,0.115,1.0,False,none
D-001961,B-001961,T-00499,V-0126,True,False,False,32.7,0.163,0.92,False,none
D-001962,B-001962,T-00499,V-0431,True,False,False,30.3,0.226,0.97,False,none
D-001963,B-001963,T-00499,V-0494,True,False,False,74.8,0.417,0.95,False,none
D-001964,B-001964,T-00499,V-0379,True,False,False,49.3,0.243,0.86,False,none
D-001965,B-001965,T-00500,V-0496,True,False,False,59.9,0.275,0.98,False,none
D-001966,B-001966,T-00500,V-0430,True,False,False,34.7,0.456,0.89,True,none
D-001967,B-001967,T-00500,V-0213,True,False,False,58.4,0.093,0.95,False,none
D-001968,B-001968,T-00500,V-0464,True,False,False,38.1,0.427,0.92,False,none
D-001969,B-001969,T-00501,V-0153,True,False,False,49.3,0.127,0.86,False,none
D-001970,B-001970,T-00501,V-0335,True,False,False,40.5,0.133,0.98,False,none
D-001971,B-001971,T-00501,V-0018,True,False,False,36.4,0.244,0.87,False,none
D-001972,B-001972,T-00501,V-0225,True,False,False,40.8,0.206,0.85,False,none
D-001973,B-001973,T-00502,V-0066,True,False,False,46.0,0.223,0.94,False,none
D-001974,B-001974,T-00502,V-0433,True,False,False,68.0,0.156,0.95,False,none
D-001975,B-001975,T-00502,V-0086,True,False,False,43.5,0.071,0.92,False,none
D-001976,B-001976,T-00503,V-0470,True,False,False,51.0,0.057,1.0,False,none
D-001977,B-001977,T-00503,V-0424,True,False,False,54.9,0.232,0.94,False,none
D-001978,B-001978,T-00503,V-0378,True,False,False,41.1,0.034,0.91,False,none
D-001979,B-001979,T-00504,V-0273,True,False,False,66.1,0.184,0.89,False,none
D-001980,B-001980,T-00504,V-0376,True,False,False,23.5,0.46,0.91,True,none
D-001981,B-001981,T-00505,V-0464,True,False,False,62.4,0.09,0.93,False,none
D-001982,B-001982,T-00505,V-0420,True,False,False,40.3,0.161,0.93,False,none
D-001983,B-001983,T-00505,V-0364,True,False,False,41.5,0.283,0.92,False,none
D-001984,B-001984,T-00505,V-0043,True,False,False,34.6,0.085,0.93,False,none
D-001985,B-001985,T-00506,V-0115,True,False,False,46.5,0.109,0.91,False,none
D-001986,B-001986,T-00506,V-0125,True,False,False,67.0,0.332,0.91,False,none
D-001987,B-001987,T-00506,V-0133,True,False,False,36.7,0.243,0.94,True,none
D-001988,B-001988,T-00507,V-0442,True,False,False,26.2,0.147,0.94,False,none
D-001989,B-001989,T-00507,V-0239,True,False,False,18.4,0.073,0.97,False,none
D-001990,B-001990,T-00507,V-0398,True,False,False,56.6,0.167,0.85,False,none
D-001991,B-001991,T-00507,V-0372,True,False,False,40.5,0.206,0.98,False,none
D-001992,B-001992,T-00508,V-0241,True,False,False,42.8,0.133,0.94,False,none
D-001993,B-001993,T-00508,V-0438,True,False,False,55.3,0.386,0.91,True,none
D-001994,B-001994,T-00508,V-0138,True,False,False,49.5,0.289,0.94,False,none
D-001995,B-001995,T-00508,V-0201,True,False,False,33.4,0.342,0.86,False,none
D-001996,B-001996,T-00508,V-0197,True,False,False,47.8,0.123,0.88,False,none
D-001997,B-001997,T-00508,V-0476,True,False,False,52.5,0.151,0.98,False,none
D-001998,B-001998,T-00509,V-0389,True,False,False,44.4,0.218,0.99,False,none
D-001999,B-001999,T-00509,V-0204,True,False,False,14.8,0.189,0.9,False,none
D-002000,B-002000,T-00509,V-0305,True,False,False,35.2,0.102,0.99,False,none
D-002001,B-002001,T-00510,V-0445,True,False,False,22.2,0.28,0.97,False,none
D-002002,B-002002,T-00510,V-0141,True,False,False,33.6,0.519,0.87,False,none
D-002003,B-002003,T-00510,V-0069,True,False,False,51.4,0.465,0.92,False,none
D-002004,B-002004,T-00510,V-0122,True,False,False,64.0,0.05,0.91,False,none
D-002005,B-002005,T-00510,V-0188,True,False,False,46.5,0.117,0.97,False,none
D-002006,B-002006,T-00511,V-0453,True,False,False,44.3,0.037,0.88,False,none
D-002007,B-002007,T-00511,V-0158,True,False,False,44.5,0.235,0.91,False,none
D-002008,B-002008,T-00511,V-0109,True,False,False,49.3,0.283,0.88,False,none
D-002009,B-002009,T-00511,V-0367,True,False,False,35.9,0.121,0.94,False,none
D-002010,B-002010,T-00512,V-0420,True,False,False,48.9,0.149,0.98,True,none
D-002011,B-002011,T-00512,V-0182,True,False,False,38.8,0.17,0.92,False,none
D-002012,B-002012,T-00512,V-0470,True,False,False,25.3,0.112,0.99,False,none
D-002013,B-002013,T-00512,V-0085,True,False,False,55.2,0.153,0.98,False,none
D-002014,B-002014,T-00512,V-0072,True,False,False,60.2,0.431,0.9,False,none
D-002015,B-002015,T-00512,V-0477,True,False,False,49.6,0.071,0.99,False,none
D-002016,B-002016,T-00513,V-0132,True,False,False,39.6,0.248,0.97,False,none
D-002017,B-002017,T-00513,V-0136,True,False,False,63.5,0.362,0.98,False,none
D-002018,B-002018,T-00513,V-0432,True,False,False,42.0,0.063,0.93,False,none
D-002019,B-002019,T-00513,V-0348,True,False,False,58.0,0.136,0.99,False,none
D-002020,B-002020,T-00513,V-0333,True,False,False,55.4,0.177,0.98,False,none
D-002021,B-002021,T-00514,V-0295,True,False,False,20.2,0.349,0.96,False,none
D-002022,B-002022,T-00514,V-0220,True,False,False,41.1,0.307,0.87,False,none
D-002023,B-002023,T-00514,V-0204,True,False,False,59.8,0.284,0.98,False,none
D-002024,B-002024,T-00515,V-0417,True,False,False,55.8,0.14,0.98,False,none
D-002025,B-002025,T-00515,V-0078,True,False,False,62.3,0.051,0.93,False,none
D-002026,B-002026,T-00515,V-0416,True,False,False,39.1,0.404,0.88,False,none
D-002027,B-002027,T-00515,V-0224,True,False,False,27.7,0.194,0.93,False,none
D-002028,B-002028,T-00516,V-0400,True,False,False,40.2,0.246,0.92,False,conflict_of_interest
D-002029,B-002029,T-00516,V-0163,True,False,False,55.9,0.048,0.92,False,none
D-002030,B-002030,T-00517,V-0011,True,False,False,56.4,0.092,0.92,False,conflict_of_interest
D-002031,B-002031,T-00517,V-0271,True,False,False,49.8,0.455,0.96,False,none
D-002032,B-002032,T-00517,V-0413,True,False,False,40.3,0.483,0.92,False,none
D-002033,B-002033,T-00518,V-0307,True,False,False,45.6,0.266,0.92,False,none
D-002034,B-002034,T-00518,V-0330,True,False,False,37.7,0.418,0.92,True,none
D-002035,B-002035,T-00519,V-0180,True,False,False,62.4,0.308,0.94,False,none
D-002036,B-002036,T-00519,V-0423,True,False,False,26.2,0.166,0.86,False,none
D-002037,B-002037,T-00519,V-0457,True,False,False,30.0,0.351,0.94,False,none
D-002038,B-002038,T-00519,V-0440,True,False,False,52.5,0.505,0.85,False,none
D-002039,B-002039,T-00519,V-0337,True,False,False,51.4,0.228,0.9,False,none
D-002040,B-002040,T-00519,V-0349,True,False,False,62.8,0.549,0.96,False,none
D-002041,B-002041,T-00520,V-0044,True,False,False,44.2,0.16,0.96,False,none
D-002042,B-002042,T-00520,V-0259,True,False,False,42.6,0.274,0.91,False,none
D-002043,B-002043,T-00520,V-0179,True,False,False,56.7,0.197,0.99,False,none
D-002044,B-002044,T-00520,V-0497,True,False,False,47.3,0.163,0.99,False,none
D-002045,B-002045,T-00520,V-0017,True,False,False,50.7,0.158,0.96,False,none
D-002046,B-002046,T-00521,V-0076,True,False,False,48.4,0.396,0.95,False,bid_rigging
D-002047,B-002047,T-00521,V-0166,True,False,False,36.2,0.324,0.86,False,bid_rigging
D-002048,B-002048,T-00521,V-0355,True,False,False,59.3,0.279,0.95,False,bid_rigging
D-002049,B-002049,T-00522,V-0067,True,False,False,52.9,0.293,0.96,False,none
D-002050,B-002050,T-00522,V-0074,True,False,False,43.5,0.236,0.9,False,none
D-002051,B-002051,T-00522,V-0107,True,False,False,39.6,0.288,0.9,False,none
D-002052,B-002052,T-00522,V-0496,True,False,False,20.0,0.101,0.9,False,none
D-002053,B-002053,T-00523,V-0078,True,False,False,60.1,0.089,0.87,False,none
D-002054,B-002054,T-00523,V-0367,True,False,False,37.0,0.042,0.95,False,none
D-002055,B-002055,T-00523,V-0417,True,False,False,38.2,0.092,0.94,False,none
D-002056,B-002056,T-00523,V-0340,True,False,False,62.5,0.229,0.98,False,none
D-002057,B-002057,T-00523,V-0350,True,False,False,47.9,0.246,0.98,False,none
D-002058,B-002058,T-00523,V-0323,True,False,False,44.0,0.403,0.96,False,none
D-002059,B-002059,T-00524,V-0028,True,False,False,30.8,0.349,0.94,False,none
D-002060,B-002060,T-00524,V-0139,True,False,False,26.5,0.293,0.96,False,none
D-002061,B-002061,T-00524,V-0203,True,False,False,43.5,0.095,0.89,False,none
D-002062,B-002062,T-00524,V-0350,True,False,False,49.0,0.109,0.93,False,none
D-002063,B-002063,T-00524,V-0406,True,False,False,62.1,0.216,0.9,False,none
D-002064,B-002064,T-00524,V-0251,True,False,False,62.6,0.128,0.93,False,none
D-002065,B-002065,T-00525,V-0401,True,False,False,47.1,0.199,1.0,False,bid_suppression
D-002066,B-002066,T-00526,V-0336,True,False,False,55.9,0.104,0.97,False,none
D-002067,B-002067,T-00526,V-0187,True,False,False,27.6,0.182,0.87,False,none
D-002068,B-002068,T-00526,V-0197,True,False,False,30.4,0.163,0.95,False,none
D-002069,B-002069,T-00526,V-0032,True,False,False,45.9,0.134,0.87,False,none
D-002070,B-002070,T-00526,V-0160,True,False,False,36.3,0.224,0.96,False,none
D-002071,B-002071,T-00527,V-0168,True,False,False,48.1,0.353,0.92,False,none
D-002072,B-002072,T-00527,V-0219,True,False,False,59.0,0.229,1.0,False,none
D-002073,B-002073,T-00527,V-0139,True,False,False,40.8,0.384,0.88,False,none
D-002074,B-002074,T-00527,V-0008,True,False,False,50.9,0.205,0.89,False,none
D-002075,B-002075,T-00528,V-0036,True,False,False,44.2,0.015,0.89,False,bid_rigging
D-002076,B-002076,T-00528,V-0058,True,False,False,58.2,0.24,0.91,False,bid_rigging
D-002077,B-002077,T-00528,V-0099,True,False,False,40.8,0.128,0.92,False,bid_rigging
D-002078,B-002078,T-00529,V-0463,True,False,False,49.4,0.222,0.86,False,none
D-002079,B-002079,T-00529,V-0484,True,False,False,53.2,0.224,0.88,False,none
D-002080,B-002080,T-00529,V-0317,True,False,False,20.0,0.125,0.99,False,none
D-002081,B-002081,T-00529,V-0206,True,False,False,35.2,0.061,0.93,False,none
D-002082,B-002082,T-00529,V-0236,True,False,False,23.8,0.426,0.86,False,none
D-002083,B-002083,T-00530,V-0067,True,False,False,36.0,0.139,0.96,False,none
D-002084,B-002084,T-00530,V-0224,True,False,False,30.5,0.211,0.98,False,none
D-002085,B-002085,T-00530,V-0333,True,False,False,36.8,0.25,0.98,False,none
D-002086,B-002086,T-00531,V-0121,True,False,False,73.3,0.192,0.99,False,none
D-002087,B-002087,T-00531,V-0430,True,False,False,49.5,0.174,0.85,False,none
D-002088,B-002088,T-00531,V-0326,True,False,False,54.9,0.291,0.98,False,none
D-002089,B-002089,T-00531,V-0479,True,False,False,45.7,0.257,0.92,False,none
D-002090,B-002090,T-00532,V-0326,True,False,False,41.8,0.284,0.99,False,none
D-002091,B-002091,T-00532,V-0171,True,False,False,9.1,0.238,0.89,False,none
D-002092,B-002092,T-00532,V-0093,True,False,False,59.6,0.171,0.99,False,none
D-002093,B-002093,T-00532,V-0119,True,False,False,50.9,0.242,0.98,False,none
D-002094,B-002094,T-00532,V-0063,True,False,False,64.0,0.128,0.89,False,none
D-002095,B-002095,T-00532,V-0074,True,False,False,68.8,0.187,0.9,False,none
D-002096,B-002096,T-00533,V-0202,True,False,False,82.8,0.101,0.92,False,none
D-002097,B-002097,T-00533,V-0156,True,False,False,70.2,0.127,0.87,False,none
D-002098,B-002098,T-00533,V-0158,True,False,False,31.1,0.183,0.99,False,none
D-002099,B-002099,T-00533,V-0278,True,False,False,57.6,0.176,0.91,False,none
D-002100,B-002100,T-00533,V-0340,True,False,False,53.6,0.099,0.88,False,none
D-002101,B-002101,T-00534,V-0208,True,False,False,36.6,0.193,0.98,False,none
D-002102,B-002102,T-00534,V-0125,True,False,False,56.3,0.294,0.93,False,none
D-002103,B-002103,T-00535,V-0218,True,False,False,54.6,0.036,0.87,False,none
D-002104,B-002104,T-00535,V-0315,True,False,False,59.3,0.051,0.9,False,none
D-002105,B-002105,T-00535,V-0095,True,False,False,46.4,0.057,0.92,False,none
D-002106,B-002106,T-00535,V-0492,True,False,False,48.4,0.304,0.95,False,none
D-002107,B-002107,T-00535,V-0237,True,False,False,48.4,0.112,1.0,False,none
D-002108,B-002108,T-00535,V-0225,True,False,False,68.7,0.17,0.96,False,none
D-002109,B-002109,T-00536,V-0218,True,False,False,39.8,0.163,0.95,False,none
D-002110,B-002110,T-00536,V-0153,True,False,False,35.5,0.085,1.0,False,none
D-002111,B-002111,T-00536,V-0120,True,False,False,53.3,0.112,0.91,False,none
D-002112,B-002112,T-00537,V-0211,True,False,False,47.3,0.373,0.94,False,none
D-002113,B-002113,T-00537,V-0336,True,False,False,64.8,0.174,0.88,False,none
D-002114,B-002114,T-00537,V-0222,True,False,False,30.9,0.45,0.86,False,none
D-002115,B-002115,T-00537,V-0126,True,False,False,55.9,0.23,0.9,False,none
D-002116,B-002116,T-00538,V-0301,True,False,False,47.7,0.03,0.98,False,none
D-002117,B-002117,T-00538,V-0125,True,False,False,30.2,0.273,0.95,False,none
D-002118,B-002118,T-00538,V-0385,True,False,False,57.8,0.083,0.89,False,none
D-002119,B-002119,T-00538,V-0311,True,False,False,43.0,0.135,0.86,False,none
D-002120,B-002120,T-00538,V-0124,True,False,False,50.8,0.058,0.98,False,none
D-002121,B-002121,T-00538,V-0426,True,False,False,46.7,0.084,0.96,False,none
D-002122,B-002122,T-00539,V-0370,True,False,False,32.7,0.087,0.97,False,none
D-002123,B-002123,T-00539,V-0244,True,False,False,49.4,0.108,0.98,False,none
D-002124,B-002124,T-00539,V-0478,True,False,False,35.5,0.193,0.88,False,none
D-002125,B-002125,T-00539,V-0111,True,False,False,46.6,0.035,0.91,False,none
D-002126,B-002126,T-00539,V-0294,True,False,False,38.3,0.029,0.89,False,none
D-002127,B-002127,T-00539,V-0342,True,False,False,41.0,0.265,0.89,False,none
D-002128,B-002128,T-00540,V-0178,True,False,False,55.0,0.185,0.95,False,none
D-002129,B-002129,T-00540,V-0098,True,False,False,36.2,0.116,0.97,False,none
D-002130,B-002130,T-00540,V-0146,True,False,False,43.1,0.09,0.88,False,none
D-002131,B-002131,T-00540,V-0322,True,False,False,54.8,0.254,0.91,False,none
D-002132,B-002132,T-00540,V-0363,True,False,False,20.8,0.181,0.95,False,none
D-002133,B-002133,T-00540,V-0401,True,False,False,40.5,0.142,0.93,True,none
D-002134,B-002134,T-00541,V-0421,True,False,False,49.1,0.02,0.87,False,none
D-002135,B-002135,T-00541,V-0014,True,False,False,36.5,0.166,0.91,False,none
D-002136,B-002136,T-00542,V-0442,True,False,False,34.7,0.114,0.94,False,none
D-002137,B-002137,T-00542,V-0182,True,False,False,51.9,0.269,0.9,False,none
D-002138,B-002138,T-00542,V-0270,True,False,False,22.4,0.35,0.85,True,none
D-002139,B-002139,T-00542,V-0361,True,False,False,56.1,0.173,0.92,False,none
D-002140,B-002140,T-00542,V-0304,True,False,False,39.4,0.474,0.87,False,none
D-002141,B-002141,T-00543,V-0132,True,False,False,64.8,0.059,0.87,False,none
D-002142,B-002142,T-00543,V-0356,True,False,False,55.7,0.255,0.86,False,none
D-002143,B-002143,T-00543,V-0167,True,False,False,70.3,0.173,0.88,False,none
D-002144,B-002144,T-00544,V-0080,True,False,False,52.9,0.116,0.98,False,none
D-002145,B-002145,T-00544,V-0477,True,False,False,39.1,0.371,0.91,False,none
D-002146,B-002146,T-00544,V-0343,True,False,False,47.5,0.129,0.98,False,none
D-002147,B-002147,T-00544,V-0379,True,False,False,47.5,0.283,0.97,False,none
D-002148,B-002148,T-00544,V-0069,True,False,False,44.2,0.634,0.98,False,none
D-002149,B-002149,T-00545,V-0400,True,False,False,5.0,0.267,0.97,False,none
D-002150,B-002150,T-00545,V-0420,True,False,False,37.6,0.167,0.94,True,none
D-002151,B-002151,T-00545,V-0276,True,False,False,36.0,0.249,0.95,False,none
D-002152,B-002152,T-00545,V-0425,True,False,False,50.9,0.388,0.91,False,none
D-002153,B-002153,T-00545,V-0014,True,False,False,40.7,0.1,0.86,False,none
D-002154,B-002154,T-00546,V-0134,True,False,False,49.3,0.417,0.88,False,none
D-002155,B-002155,T-00546,V-0096,True,False,False,28.5,0.1,0.95,False,none
D-002156,B-002156,T-00546,V-0019,True,False,False,62.8,0.272,0.96,False,none
D-002157,B-002157,T-00546,V-0154,True,False,False,47.8,0.21,0.94,False,none
D-002158,B-002158,T-00546,V-0106,True,False,False,50.2,0.333,0.92,False,none
D-002159,B-002159,T-00547,V-0101,True,False,False,23.0,0.113,0.91,False,none
D-002160,B-002160,T-00547,V-0102,True,False,False,36.6,0.247,0.91,False,none
D-002161,B-002161,T-00547,V-0068,True,False,False,37.8,0.346,0.95,False,none
D-002162,B-002162,T-00548,V-0128,False,False,False,65.2,0.426,0.99,True,shell_company
D-002163,B-002163,T-00548,V-0117,True,False,False,44.2,0.076,0.89,False,none
D-002164,B-002164,T-00549,V-0477,True,False,False,43.8,0.228,0.87,False,none
D-002165,B-002165,T-00549,V-0417,True,False,False,36.4,0.113,0.93,False,none
D-002166,B-002166,T-00549,V-0005,True,False,False,58.0,0.127,0.96,False,none
D-002167,B-002167,T-00549,V-0224,True,False,False,57.3,0.454,0.99,False,none
D-002168,B-002168,T-00550,V-0466,True,False,False,44.2,0.076,0.91,False,none
D-002169,B-002169,T-00550,V-0118,True,False,False,40.1,0.141,0.89,True,none
D-002170,B-002170,T-00550,V-0376,True,False,False,42.3,0.138,1.0,True,none
D-002171,B-002171,T-00551,V-0034,True,False,False,35.4,0.246,0.96,False,none
D-002172,B-002172,T-00551,V-0484,True,False,False,58.3,0.279,0.87,False,none
D-002173,B-002173,T-00551,V-0497,True,False,False,27.2,0.089,0.95,False,none
D-002174,B-002174,T-00551,V-0409,True,False,False,31.2,0.325,1.0,False,none
D-002175,B-002175,T-00551,V-0297,True,False,False,55.4,0.142,0.93,False,none
D-002176,B-002176,T-00552,V-0425,True,False,False,46.3,0.092,0.9,False,none
D-002177,B-002177,T-00552,V-0469,True,False,False,52.9,0.148,0.93,False,none
D-002178,B-002178,T-00553,V-0479,True,False,False,24.2,0.208,0.85,False,none
D-002179,B-002179,T-00553,V-0441,True,False,False,49.6,0.147,0.96,False,none
D-002180,B-002180,T-00553,V-0093,True,False,False,46.7,0.057,0.98,False,none
D-002181,B-002181,T-00553,V-0473,True,False,False,62.4,0.271,0.86,False,none
D-002182,B-002182,T-00553,V-0135,True,False,False,25.7,0.131,0.97,False,none
D-002183,B-002183,T-00553,V-0025,True,False,False,33.8,0.185,0.88,False,none
D-002184,B-002184,T-00554,V-0197,True,False,False,53.1,0.128,0.97,False,none
D-002185,B-002185,T-00554,V-0201,True,False,False,58.2,0.045,0.94,False,none
D-002186,B-002186,T-00554,V-0388,True,False,False,41.9,0.244,0.93,False,none
D-002187,B-002187,T-00554,V-0273,True,False,False,36.3,0.136,0.86,False,none
D-002188,B-002188,T-00555,V-0061,True,False,False,51.9,0.082,0.92,False,none
D-002189,B-002189,T-00555,V-0271,True,False,False,66.1,0.111,1.0,False,price_inflation
D-002190,B-002190,T-00556,V-0342,True,False,False,42.7,0.187,0.91,False,none
D-002191,B-002191,T-00556,V-0469,True,False,False,39.5,0.168,0.89,False,none
D-002192,B-002192,T-00557,V-0306,True,False,False,32.4,0.222,0.88,False,none
D-002193,B-002193,T-00557,V-0077,True,False,False,35.8,0.387,0.98,False,none
D-002194,B-002194,T-00557,V-0180,True,False,False,25.5,0.238,0.85,False,none
D-002195,B-002195,T-00558,V-0484,True,False,False,35.3,0.281,0.89,False,none
D-002196,B-002196,T-00558,V-0198,True,False,False,21.0,0.064,0.99,False,none
D-002197,B-002197,T-00558,V-0383,True,False,False,53.4,0.215,0.93,False,none
D-002198,B-002198,T-00558,V-0130,True,False,False,43.8,0.335,0.86,False,none
D-002199,B-002199,T-00558,V-0127,True,False,False,48.2,0.154,0.91,False,none
D-002200,B-002200,T-00559,V-0465,True,False,False,27.2,0.086,0.94,False,none
D-002201,B-002201,T-00559,V-0099,True,False,False,48.1,0.131,0.86,False,none
D-002202,B-002202,T-00559,V-0378,True,False,False,44.3,0.168,0.85,False,none
D-002203,B-002203,T-00560,V-0260,True,False,False,35.7,0.13,0.95,False,none
D-002204,B-002204,T-00560,V-0306,True,False,False,49.6,0.173,1.0,False,none
D-002205,B-002205,T-00560,V-0297,True,False,False,24.5,0.339,0.87,False,none
D-002206,B-002206,T-00560,V-0472,True,False,False,52.3,0.085,1.0,False,none
D-002207,B-002207,T-00560,V-0169,True,False,False,28.1,0.105,0.95,False,none
D-002208,B-002208,T-00561,V-0131,True,False,False,43.9,0.304,1.0,False,none
D-002209,B-002209,T-00561,V-0319,True,False,False,34.1,0.27,0.91,False,none
D-002210,B-002210,T-00561,V-0359,True,False,False,48.3,0.304,0.92,False,none
D-002211,B-002211,T-00561,V-0462,True,False,False,32.1,0.407,0.86,False,none
D-002212,B-002212,T-00561,V-0093,True,False,False,75.2,0.197,0.93,False,none
D-002213,B-002213,T-00562,V-0214,True,False,False,44.2,0.11,0.92,False,none
D-002214,B-002214,T-00562,V-0041,True,False,False,46.6,0.26,0.94,False,none
D-002215,B-002215,T-00563,V-0077,True,False,False,44.4,0.228,0.92,False,none
D-002216,B-002216,T-00563,V-0303,True,False,False,61.3,0.197,0.9,False,none
D-002217,B-002217,T-00563,V-0146,True,False,False,60.6,0.252,0.94,False,none
D-002218,B-002218,T-00564,V-0205,True,False,False,30.8,0.162,1.0,False,none
D-002219,B-002219,T-00564,V-0119,True,False,False,45.7,0.039,0.92,False,none
D-002220,B-002220,T-00564,V-0223,True,False,False,44.5,0.097,0.92,True,none
D-002221,B-002221,T-00564,V-0125,True,False,False,54.1,0.271,0.94,False,none
D-002222,B-002222,T-00564,V-0237,True,False,False,60.4,0.13,0.91,False,none
D-002223,B-002223,T-00564,V-0342,True,False,False,38.7,0.171,0.88,False,none
D-002224,B-002224,T-00565,V-0114,True,False,False,63.1,0.174,0.89,False,none
D-002225,B-002225,T-00565,V-0335,True,False,False,48.7,0.317,1.0,False,none
D-002226,B-002226,T-00566,V-0435,True,False,False,24.8,0.356,0.91,False,none
D-002227,B-002227,T-00566,V-0077,True,False,False,44.5,0.306,0.92,False,none
D-002228,B-002228,T-00566,V-0048,True,False,False,53.8,0.254,0.99,False,none
D-002229,B-002229,T-00567,V-0213,True,False,False,40.9,0.233,1.0,False,none
D-002230,B-002230,T-00567,V-0274,True,False,False,46.9,0.105,0.97,False,none
D-002231,B-002231,T-00567,V-0255,True,False,False,50.8,0.147,0.88,False,none
D-002232,B-002232,T-00567,V-0205,True,False,False,51.1,0.277,0.9,False,none
D-002233,B-002233,T-00567,V-0152,True,False,False,60.5,0.303,0.97,False,none
D-002234,B-002234,T-00567,V-0457,True,False,False,53.8,0.286,0.93,True,none
D-002235,B-002235,T-00568,V-0226,True,False,False,60.9,0.123,0.88,False,none
D-002236,B-002236,T-00568,V-0326,True,False,False,46.7,0.323,0.9,False,none
D-002237,B-002237,T-00568,V-0268,True,False,False,45.1,0.18,0.89,False,none
D-002238,B-002238,T-00568,V-0245,True,False,False,54.3,0.056,0.88,False,none
D-002239,B-002239,T-00568,V-0125,True,False,False,41.6,0.456,0.89,False,none
D-002240,B-002240,T-00569,V-0072,True,False,False,33.0,0.222,0.98,False,none
D-002241,B-002241,T-00569,V-0366,True,False,False,51.9,0.068,0.92,False,none
D-002242,B-002242,T-00569,V-0476,True,False,False,46.4,0.133,0.88,False,none
D-002243,B-002243,T-00569,V-0223,True,False,False,27.2,0.091,0.94,False,none
D-002244,B-002244,T-00569,V-0414,True,False,False,34.0,0.086,0.94,False,none
D-002245,B-002245,T-00569,V-0074,True,False,False,56.6,0.171,0.93,False,none
D-002246,B-002246,T-00570,V-0078,True,False,False,64.7,0.192,0.95,True,none
D-002247,B-002247,T-00570,V-0422,True,False,False,50.3,0.089,0.97,False,none
D-002248,B-002248,T-00570,V-0389,True,False,False,53.3,0.323,0.92,False,none
D-002249,B-002249,T-00570,V-0208,True,False,False,49.2,0.179,0.95,False,none
D-002250,B-002250,T-00570,V-0301,True,False,False,41.3,0.378,0.9,False,none
D-002251,B-002251,T-00571,V-0361,True,False,False,56.4,0.207,0.87,False,none
D-002252,B-002252,T-00571,V-0001,True,False,False,45.5,0.139,0.97,False,none
D-002253,B-002253,T-00571,V-0031,True,False,False,61.0,0.117,0.89,False,none
D-002254,B-002254,T-00572,V-0076,True,False,False,57.1,0.084,0.9,False,bid_rigging
D-002255,B-002255,T-00572,V-0166,True,False,False,39.8,0.22,0.95,False,bid_rigging
D-002256,B-002256,T-00572,V-0355,True,False,False,56.6,0.161,0.94,True,bid_rigging
D-002257,B-002257,T-00572,V-0382,True,False,False,54.6,0.361,0.9,False,bid_rigging
D-002258,B-002258,T-00573,V-0439,True,False,False,39.1,0.045,0.95,False,none
D-002259,B-002259,T-00573,V-0116,True,False,False,67.0,0.18,0.93,False,none
D-002260,B-002260,T-00573,V-0090,True,False,False,63.8,0.332,0.93,False,none
D-002261,B-002261,T-00574,V-0258,True,False,False,35.3,0.043,0.85,False,none
D-002262,B-002262,T-00574,V-0172,True,False,False,55.7,0.227,0.86,True,none
D-002263,B-002263,T-00575,V-0294,False,False,False,35.7,0.174,0.9,True,shell_company
D-002264,B-002264,T-00575,V-0156,True,False,False,22.5,0.304,0.9,False,none
D-002265,B-002265,T-00575,V-0495,True,False,False,37.2,0.141,0.99,False,none
D-002266,B-002266,T-00575,V-0398,True,False,False,47.8,0.211,0.94,False,none
D-002267,B-002267,T-00576,V-0372,True,False,False,21.5,0.326,0.89,False,none
D-002268,B-002268,T-00576,V-0438,True,False,False,28.1,0.237,0.95,False,none
D-002269,B-002269,T-00576,V-0032,True,False,False,44.2,0.028,0.97,False,none
D-002270,B-002270,T-00576,V-0270,True,False,False,58.2,0.154,0.88,False,none
D-002271,B-002271,T-00576,V-0244,True,False,False,35.2,0.078,0.9,False,none
D-002272,B-002272,T-00576,V-0166,True,False,False,40.0,0.06,0.88,False,none
D-002273,B-002273,T-00577,V-0126,True,False,False,54.9,0.281,0.99,False,none
D-002274,B-002274,T-00577,V-0394,True,False,False,44.4,0.382,0.92,False,none
D-002275,B-002275,T-00577,V-0038,True,False,False,38.6,0.284,0.97,False,none
D-002276,B-002276,T-00577,V-0318,True,False,False,35.8,0.086,0.91,False,none
D-002277,B-002277,T-00578,V-0277,True,False,False,41.7,0.249,0.99,True,none
D-002278,B-002278,T-00578,V-0354,True,False,False,42.1,0.091,0.92,False,none
D-002279,B-002279,T-00578,V-0153,True,False,False,47.7,0.144,0.93,False,none
D-002280,B-002280,T-00579,V-0273,True,False,False,28.1,0.143,0.87,False,none
D-002281,B-002281,T-00579,V-0196,True,False,False,51.8,0.344,0.99,False,none
D-002282,B-002282,T-00579,V-0391,True,False,False,36.4,0.184,0.95,False,none
D-002283,B-002283,T-00579,V-0087,True,False,False,44.1,0.125,0.9,False,none
D-002284,B-002284,T-00579,V-0313,True,False,False,45.1,0.267,0.94,False,none
D-002285,B-002285,T-00580,V-0391,True,False,False,34.4,0.355,0.87,False,none
D-002286,B-002286,T-00580,V-0227,True,False,False,43.8,0.173,0.88,False,none
D-002287,B-002287,T-00581,V-0210,True,False,False,58.1,0.041,0.96,False,none
D-002288,B-002288,T-00581,V-0216,True,False,False,54.4,0.153,0.86,False,none
D-002289,B-002289,T-00581,V-0302,True,False,False,28.4,0.027,0.93,False,none
D-002290,B-002290,T-00581,V-0155,True,False,False,35.0,0.335,0.99,False,none
D-002291,B-002291,T-00581,V-0032,True,False,False,37.2,0.033,0.94,False,none
D-002292,B-002292,T-00581,V-0391,True,False,False,49.9,0.078,0.9,False,none
D-002293,B-002293,T-00582,V-0410,True,False,False,40.6,0.108,0.94,False,none
D-002294,B-002294,T-00582,V-0311,True,False,False,51.7,0.353,0.87,False,price_inflation
D-002295,B-002295,T-00582,V-0258,True,False,False,55.3,0.444,0.87,False,none
D-002296,B-002296,T-00583,V-0273,True,False,False,27.2,0.161,0.94,False,none
D-002297,B-002297,T-00583,V-0014,True,False,False,51.2,0.205,0.97,False,none
D-002298,B-002298,T-00583,V-0135,True,False,False,45.9,0.437,0.95,False,none
D-002299,B-002299,T-00583,V-0148,True,False,False,49.8,0.162,0.93,False,none
D-002300,B-002300,T-00583,V-0161,True,False,False,60.2,0.058,0.86,False,none
D-002301,B-002301,T-00583,V-0005,True,False,False,36.5,0.249,0.96,False,none
D-002302,B-002302,T-00584,V-0138,True,False,False,34.8,0.095,0.86,False,none
D-002303,B-002303,T-00584,V-0273,True,False,False,35.8,0.096,0.93,True,price_inflation
D-002304,B-002304,T-00584,V-0426,True,False,False,46.0,0.088,0.98,False,none
D-002305,B-002305,T-00585,V-0121,True,False,False,52.6,0.318,0.99,False,none
D-002306,B-002306,T-00585,V-0316,True,False,False,54.3,0.115,0.89,False,none
D-002307,B-002307,T-00585,V-0304,True,False,False,33.6,0.079,0.99,False,none
D-002308,B-002308,T-00585,V-0377,True,False,False,36.0,0.37,0.91,False,none
D-002309,B-002309,T-00585,V-0242,True,False,False,70.0,0.186,0.96,False,none
D-002310,B-002310,T-00585,V-0134,True,False,False,61.3,0.094,0.97,False,none
D-002311,B-002311,T-00586,V-0182,True,False,False,50.2,0.265,0.87,False,none
D-002312,B-002312,T-00586,V-0330,True,False,False,22.3,0.215,1.0,False,none
D-002313,B-002313,T-00586,V-0104,True,False,False,47.5,0.064,0.86,False,none
D-002314,B-002314,T-00586,V-0008,True,False,False,30.8,0.186,0.89,False,none
D-002315,B-002315,T-00586,V-0466,True,False,False,64.5,0.122,0.86,False,none
D-002316,B-002316,T-00586,V-0495,True,False,False,26.6,0.076,0.97,False,none
D-002317,B-002317,T-00587,V-0449,True,False,False,53.9,0.306,0.96,False,none
D-002318,B-002318,T-00587,V-0329,True,False,False,30.6,0.438,0.93,False,none
D-002319,B-002319,T-00587,V-0411,True,False,False,48.8,0.167,0.91,False,none
D-002320,B-002320,T-00587,V-0017,True,False,False,43.5,0.519,0.95,False,none
D-002321,B-002321,T-00587,V-0015,True,False,False,27.1,0.147,0.91,False,none
D-002322,B-002322,T-00588,V-0286,True,False,False,48.3,0.193,0.9,False,none
D-002323,B-002323,T-00588,V-0462,True,False,False,39.6,0.3,0.95,False,none
D-002324,B-002324,T-00588,V-0475,True,False,False,41.1,0.031,0.97,False,none
D-002325,B-002325,T-00588,V-0205,True,False,False,51.7,0.482,0.88,True,none
D-002326,B-002326,T-00588,V-0419,True,False,False,54.4,0.439,0.96,False,none
D-002327,B-002327,T-00589,V-0094,True,False,False,40.2,0.369,0.96,False,none
D-002328,B-002328,T-00589,V-0480,True,False,False,39.4,0.178,0.86,False,none
D-002329,B-002329,T-00589,V-0437,True,False,False,48.3,0.21,0.88,False,none
D-002330,B-002330,T-00590,V-0255,True,False,False,51.4,0.084,0.95,True,none
D-002331,B-002331,T-00590,V-0157,True,False,False,47.4,0.221,0.85,False,none
D-002332,B-002332,T-00590,V-0245,True,False,False,42.8,0.076,0.97,False,none
D-002333,B-002333,T-00590,V-0461,True,False,False,43.3,0.154,0.89,False,none
D-002334,B-002334,T-00591,V-0425,True,False,False,46.8,0.347,0.99,False,none
D-002335,B-002335,T-00591,V-0041,True,False,False,23.5,0.204,0.97,False,none
D-002336,B-002336,T-00591,V-0496,True,False,False,27.9,0.223,0.94,False,none
D-002337,B-002337,T-00591,V-0070,True,False,False,52.9,0.071,0.86,False,none
D-002338,B-002338,T-00591,V-0147,True,False,False,73.9,0.153,0.87,False,none
D-002339,B-002339,T-00592,V-0324,True,False,False,37.8,0.164,0.87,False,none
D-002340,B-002340,T-00592,V-0496,True,False,False,41.4,0.165,0.93,False,none
D-002341,B-002341,T-00592,V-0237,True,False,False,40.0,0.206,0.95,False,none
D-002342,B-002342,T-00593,V-0283,True,False,False,55.4,0.6,0.94,False,none
D-002343,B-002343,T-00593,V-0166,True,False,False,52.3,0.249,0.98,False,none
D-002344,B-002344,T-00593,V-0087,True,False,False,41.1,0.139,0.93,False,none
D-002345,B-002345,T-00593,V-0092,True,False,False,39.6,0.286,0.9,False,none
D-002346,B-002346,T-00594,V-0469,True,False,False,50.6,0.137,0.86,False,price_inflation
D-002347,B-002347,T-00594,V-0026,True,False,False,49.7,0.161,1.0,False,none
D-002348,B-002348,T-00594,V-0270,True,False,False,62.0,0.279,0.99,False,none
D-002349,B-002349,T-00594,V-0436,True,False,False,53.8,0.202,0.95,False,none
D-002350,B-002350,T-00595,V-0182,True,False,False,32.4,0.103,0.98,False,none
D-002351,B-002351,T-00595,V-0297,True,False,False,27.0,0.359,0.95,False,none
D-002352,B-002352,T-00596,V-0261,True,False,False,58.9,0.186,0.88,False,none
D-002353,B-002353,T-00596,V-0273,True,False,False,26.1,0.075,0.95,False,none
D-002354,B-002354,T-00596,V-0015,True,False,False,56.2,0.095,0.85,False,none
D-002355,B-002355,T-00596,V-0113,True,False,False,47.3,0.188,0.86,False,none
D-002356,B-002356,T-00596,V-0099,True,False,False,41.1,0.027,0.9,True,none
D-002357,B-002357,T-00597,V-0034,True,False,False,37.8,0.243,1.0,False,none
D-002358,B-002358,T-00597,V-0180,True,False,False,43.4,0.084,0.9,False,none
D-002359,B-002359,T-00597,V-0406,True,False,False,32.7,0.214,0.98,False,none
D-002360,B-002360,T-00597,V-0089,True,False,False,54.6,0.079,0.91,False,none
D-002361,B-002361,T-00597,V-0245,True,False,False,38.0,0.262,0.96,False,none
D-002362,B-002362,T-00597,V-0278,True,False,False,65.2,0.17,0.93,False,none
D-002363,B-002363,T-00598,V-0025,True,False,False,32.6,0.057,0.99,False,none
D-002364,B-002364,T-00598,V-0051,True,False,False,29.3,0.198,0.88,False,none
D-002365,B-002365,T-00598,V-0262,True,False,False,60.9,0.181,0.97,False,none
D-002366,B-002366,T-00598,V-0289,True,False,False,52.9,0.153,0.99,False,none
D-002367,B-002367,T-00598,V-0442,True,False,False,36.7,0.183,0.86,False,none
D-002368,B-002368,T-00598,V-0054,True,False,False,44.8,0.018,0.86,False,none
D-002369,B-002369,T-00599,V-0300,True,False,False,43.5,0.16,0.98,False,none
D-002370,B-002370,T-00599,V-0309,True,False,False,38.5,0.233,0.88,False,none
D-002371,B-002371,T-00599,V-0294,True,False,False,39.0,0.392,0.94,False,none
D-002372,B-002372,T-00600,V-0076,True,False,False,43.0,0.167,0.92,False,bid_rigging
D-002373,B-002373,T-00600,V-0166,True,False,False,68.1,0.153,0.89,False,bid_rigging
D-002374,B-002374,T-00600,V-0355,True,False,True,10.8,0.304,0.96,False,bid_rigging
D-002375,B-002375,T-00601,V-0199,True,False,False,39.4,0.296,0.97,False,none
D-002376,B-002376,T-00601,V-0141,True,False,False,22.3,0.104,0.87,True,none
D-002377,B-002377,T-00601,V-0376,True,False,False,35.0,0.17,0.97,False,none
D-002378,B-002378,T-00601,V-0480,True,False,False,51.3,0.2,0.96,False,none
D-002379,B-002379,T-00602,V-0386,True,False,False,59.4,0.232,0.91,False,none
D-002380,B-002380,T-00602,V-0266,True,False,False,32.8,0.183,0.85,False,none
D-002381,B-002381,T-00602,V-0064,True,False,False,22.9,0.122,0.95,False,none
D-002382,B-002382,T-00602,V-0484,True,False,False,43.2,0.286,0.87,False,none
D-002383,B-002383,T-00603,V-0270,True,False,False,80.2,0.044,0.96,False,none
D-002384,B-002384,T-00603,V-0276,True,False,False,55.8,0.323,0.94,False,none
D-002385,B-002385,T-00603,V-0096,True,False,False,60.2,0.151,0.96,False,none
D-002386,B-002386,T-00603,V-0327,True,False,False,39.4,0.141,0.89,False,none
D-002387,B-002387,T-00604,V-0267,True,False,False,47.7,0.444,0.95,False,none
D-002388,B-002388,T-00604,V-0200,True,False,False,30.7,0.136,0.95,False,none
D-002389,B-002389,T-00604,V-0053,True,False,False,55.9,0.4,0.88,False,none
D-002390,B-002390,T-00605,V-0312,True,False,False,39.8,0.048,0.89,True,none
D-002391,B-002391,T-00605,V-0251,True,False,False,60.2,0.332,0.91,False,none
D-002392,B-002392,T-00605,V-0427,True,False,False,55.2,0.212,0.9,False,price_inflation
D-002393,B-002393,T-00606,V-0299,True,False,False,62.9,0.023,0.98,False,none
D-002394,B-002394,T-00606,V-0106,True,False,False,26.6,0.416,0.93,False,none
D-002395,B-002395,T-00606,V-0113,True,False,False,31.9,0.421,0.86,False,none
D-002396,B-002396,T-00606,V-0421,True,False,False,45.0,0.153,0.96,False,none
D-002397,B-002397,T-00606,V-0404,True,False,False,46.4,0.29,0.98,False,none
D-002398,B-002398,T-00607,V-0062,True,False,False,33.8,0.072,0.85,False,none
D-002399,B-002399,T-00607,V-0294,True,False,False,40.4,0.249,0.93,False,none
D-002400,B-002400,T-00608,V-0068,True,False,False,31.0,0.102,0.87,False,none
D-002401,B-002401,T-00608,V-0330,True,False,False,33.3,0.449,0.89,False,none
D-002402,B-002402,T-00608,V-0443,True,False,False,48.7,0.202,1.0,False,none
D-002403,B-002403,T-00608,V-0161,True,False,False,43.3,0.258,0.88,False,none
D-002404,B-002404,T-00609,V-0046,True,False,False,40.6,0.102,1.0,False,bid_rigging
D-002405,B-002405,T-00609,V-0250,True,False,False,40.7,0.326,0.94,False,bid_rigging
D-002406,B-002406,T-00609,V-0264,True,False,False,41.8,0.115,0.97,False,bid_rigging
D-002407,B-002407,T-00610,V-0205,True,False,False,46.9,0.127,0.97,False,none
D-002408,B-002408,T-00610,V-0290,True,False,False,25.8,0.16,0.94,False,none
D-002409,B-002409,T-00610,V-0125,True,False,False,39.5,0.189,0.92,False,none
D-002410,B-002410,T-00610,V-0107,True,False,False,45.5,0.059,0.93,False,none
D-002411,B-002411,T-00610,V-0180,True,False,False,47.1,0.073,0.97,False,none
D-002412,B-002412,T-00610,V-0123,True,False,False,52.7,0.217,0.9,False,none
D-002413,B-002413,T-00611,V-0182,True,False,False,30.2,0.309,1.0,False,none
D-002414,B-002414,T-00611,V-0177,True,False,False,63.2,0.329,0.91,False,none
D-002415,B-002415,T-00611,V-0404,True,False,False,70.8,0.059,0.9,False,none
D-002416,B-002416,T-00612,V-0248,True,False,False,46.2,0.048,0.95,False,none
D-002417,B-002417,T-00612,V-0093,True,False,False,41.1,0.134,0.93,False,none
D-002418,B-002418,T-00612,V-0233,True,False,False,41.0,0.408,0.99,False,none
D-002419,B-002419,T-00612,V-0014,True,False,False,50.0,0.237,0.99,False,none
D-002420,B-002420,T-00612,V-0437,True,False,False,30.6,0.422,0.94,True,none
D-002421,B-002421,T-00613,V-0039,True,False,False,45.9,0.261,0.89,False,none
D-002422,B-002422,T-00613,V-0017,True,False,False,31.7,0.117,0.89,False,none
D-002423,B-002423,T-00613,V-0457,True,False,False,67.5,0.334,0.95,False,none
D-002424,B-002424,T-00613,V-0053,True,False,False,48.5,0.136,0.87,False,none
D-002425,B-002425,T-00613,V-0319,True,False,False,43.4,0.098,0.92,False,none
D-002426,B-002426,T-00614,V-0069,True,False,False,71.1,0.351,0.91,False,none
D-002427,B-002427,T-00614,V-0251,True,False,False,34.5,0.354,0.98,False,none
D-002428,B-002428,T-00615,V-0446,True,False,False,27.0,0.041,0.88,False,none
D-002429,B-002429,T-00615,V-0052,True,False,False,39.1,0.458,0.99,False,none
D-002430,B-002430,T-00615,V-0134,True,False,False,29.7,0.147,0.92,False,none
D-002431,B-002431,T-00615,V-0324,True,False,False,53.4,0.489,0.92,False,none
D-002432,B-002432,T-00615,V-0132,True,False,False,54.7,0.279,0.98,False,none
D-002433,B-002433,T-00615,V-0346,True,False,False,40.2,0.15,0.94,False,none
D-002434,B-002434,T-00616,V-0291,True,False,False,46.9,0.022,0.96,False,none
D-002435,B-002435,T-00616,V-0088,True,False,False,16.6,0.184,0.99,False,none
D-002436,B-002436,T-00617,V-0386,True,False,False,57.9,0.053,0.99,False,none
D-002437,B-002437,T-00617,V-0491,True,False,False,67.9,0.271,0.9,False,none
D-002438,B-002438,T-00617,V-0179,True,False,False,31.2,0.243,0.88,False,none
D-002439,B-002439,T-00617,V-0057,True,False,False,68.8,0.474,0.96,False,none
D-002440,B-002440,T-00618,V-0491,True,False,False,52.7,0.218,0.95,False,none
D-002441,B-002441,T-00618,V-0286,True,False,False,33.9,0.129,0.99,False,none
D-002442,B-002442,T-00618,V-0061,True,False,False,54.4,0.523,0.97,False,none
D-002443,B-002443,T-00618,V-0403,True,False,False,66.2,0.098,0.91,False,none
D-002444,B-002444,T-00618,V-0054,True,False,False,42.8,0.407,0.94,False,none
D-002445,B-002445,T-00618,V-0387,True,False,False,37.0,0.132,0.97,False,none
D-002446,B-002446,T-00619,V-0230,True,False,False,44.2,0.117,0.88,False,none
D-002447,B-002447,T-00619,V-0007,True,False,False,41.5,0.126,0.91,False,none
D-002448,B-002448,T-00619,V-0424,True,False,False,30.9,0.106,0.96,False,none
D-002449,B-002449,T-00619,V-0128,True,False,False,43.6,0.149,1.0,False,none
D-002450,B-002450,T-00619,V-0048,True,False,False,63.5,0.108,0.87,False,none
D-002451,B-002451,T-00620,V-0473,True,False,False,44.8,0.264,0.94,False,none
D-002452,B-002452,T-00620,V-0134,True,False,False,41.5,0.11,0.91,True,none
D-002453,B-002453,T-00621,V-0230,True,False,False,42.8,0.042,0.99,False,none
D-002454,B-002454,T-00621,V-0236,True,False,False,59.2,0.068,0.86,False,none
D-002455,B-002455,T-00621,V-0068,True,False,False,51.3,0.141,0.94,False,none
D-002456,B-002456,T-00621,V-0003,True,False,False,30.2,0.323,0.9,False,none
D-002457,B-002457,T-00622,V-0329,True,False,False,56.7,0.071,0.96,False,none
D-002458,B-002458,T-00622,V-0038,True,False,False,45.7,0.042,0.85,False,none
D-002459,B-002459,T-00622,V-0030,True,False,False,20.6,0.342,0.91,False,none
D-002460,B-002460,T-00622,V-0318,True,False,False,51.1,0.29,0.9,False,none
D-002461,B-002461,T-00622,V-0247,True,False,False,38.1,0.162,0.88,False,none
D-002462,B-002462,T-00622,V-0365,True,False,False,36.7,0.245,0.97,False,none
D-002463,B-002463,T-00623,V-0253,True,False,False,57.9,0.281,0.88,False,none
D-002464,B-002464,T-00623,V-0431,True,False,False,40.5,0.152,0.92,False,none
D-002465,B-002465,T-00624,V-0055,True,False,False,45.3,0.602,0.86,False,none
D-002466,B-002466,T-00624,V-0273,True,False,False,43.6,0.144,0.92,False,none
D-002467,B-002467,T-00625,V-0243,True,False,False,53.7,0.388,0.99,False,none
D-002468,B-002468,T-00625,V-0006,True,False,False,60.6,0.167,0.95,False,none
D-002469,B-002469,T-00626,V-0016,True,False,False,53.4,0.139,0.98,False,none
D-002470,B-002470,T-00626,V-0304,True,False,False,56.6,0.41,0.92,False,none
D-002471,B-002471,T-00627,V-0490,True,False,False,52.3,0.046,0.96,False,none
D-002472,B-002472,T-00627,V-0278,True,False,False,56.4,0.251,0.86,False,none
D-002473,B-002473,T-00627,V-0298,True,False,False,61.3,0.183,0.98,False,none
D-002474,B-002474,T-00627,V-0015,True,False,False,27.1,0.064,0.95,False,none
D-002475,B-002475,T-00627,V-0005,True,False,False,33.5,0.125,0.99,False,none
D-002476,B-002476,T-00628,V-0335,True,False,False,28.9,0.038,0.93,True,price_inflation
D-002477,B-002477,T-00628,V-0231,True,False,False,43.8,0.118,0.9,False,none
D-002478,B-002478,T-00629,V-0253,True,False,False,67.5,0.061,0.94,False,none
D-002479,B-002479,T-00629,V-0072,True,False,False,40.9,0.213,0.99,False,none
D-002480,B-002480,T-00629,V-0095,True,False,False,59.6,0.047,0.96,False,price_inflation
D-002481,B-002481,T-00629,V-0061,True,False,False,39.6,0.113,0.94,False,none
D-002482,B-002482,T-00629,V-0012,True,False,False,20.1,0.128,0.97,False,none
D-002483,B-002483,T-00630,V-0094,True,False,False,44.1,0.055,0.86,False,none
D-002484,B-002484,T-00630,V-0184,True,False,False,50.4,0.135,0.96,False,none
D-002485,B-002485,T-00630,V-0073,True,False,False,30.0,0.341,0.93,False,none
D-002486,B-002486,T-00631,V-0298,True,False,False,39.9,0.314,0.89,False,none
D-002487,B-002487,T-00631,V-0139,True,False,False,60.9,0.933,0.23,False,ai_generated_doc
D-002488,B-002488,T-00632,V-0161,True,False,False,56.9,0.413,0.95,False,none
D-002489,B-002489,T-00632,V-0048,True,False,False,33.4,0.385,0.86,False,none
D-002490,B-002490,T-00632,V-0115,True,False,False,22.1,0.136,0.99,False,none
D-002491,B-002491,T-00632,V-0472,True,False,False,52.7,0.022,0.89,False,none
D-002492,B-002492,T-00633,V-0299,True,False,False,39.5,0.094,0.91,False,none
D-002493,B-002493,T-00633,V-0276,True,False,False,51.7,0.26,0.95,False,none
D-002494,B-002494,T-00633,V-0179,True,False,False,88.2,0.135,0.87,False,none
D-002495,B-002495,T-00633,V-0057,True,False,False,60.7,0.143,0.93,False,none
D-002496,B-002496,T-00634,V-0387,True,False,False,39.3,0.157,0.96,False,none
D-002497,B-002497,T-00634,V-0359,True,False,False,61.8,0.302,0.9,False,none
D-002498,B-002498,T-00634,V-0146,True,False,False,45.4,0.049,0.94,False,none
D-002499,B-002499,T-00634,V-0375,True,False,False,34.6,0.058,0.87,False,none
D-002500,B-002500,T-00634,V-0310,True,False,False,42.7,0.171,0.95,False,none
D-002501,B-002501,T-00635,V-0036,True,False,True,45.9,0.127,0.97,False,bid_rigging
D-002502,B-002502,T-00635,V-0058,True,False,False,48.1,0.513,0.89,False,bid_rigging
D-002503,B-002503,T-00635,V-0099,True,False,True,43.0,0.26,0.97,False,bid_rigging
D-002504,B-002504,T-00635,V-0379,True,False,False,46.9,0.338,0.92,False,bid_rigging
D-002505,B-002505,T-00636,V-0276,True,False,False,55.3,0.085,0.96,False,none
D-002506,B-002506,T-00636,V-0137,True,False,False,47.1,0.446,0.97,False,none
D-002507,B-002507,T-00636,V-0261,True,False,False,39.5,0.376,0.93,False,none
D-002508,B-002508,T-00636,V-0223,True,False,False,20.0,0.053,0.93,False,none
D-002509,B-002509,T-00637,V-0033,True,False,False,25.2,0.219,0.97,False,none
D-002510,B-002510,T-00637,V-0085,True,False,False,54.6,0.287,0.9,False,none
D-002511,B-002511,T-00637,V-0102,True,False,False,45.5,0.077,0.92,False,none
D-002512,B-002512,T-00638,V-0031,True,False,False,39.1,0.121,0.88,False,none
D-002513,B-002513,T-00638,V-0010,True,False,False,44.2,0.198,0.89,False,none
D-002514,B-002514,T-00639,V-0002,True,False,False,39.2,0.057,0.86,False,none
D-002515,B-002515,T-00639,V-0001,True,False,False,34.1,0.33,0.93,False,none
D-002516,B-002516,T-00639,V-0264,True,False,False,34.8,0.058,0.96,False,none
D-002517,B-002517,T-00639,V-0266,True,False,False,54.7,0.011,0.87,False,none
D-002518,B-002518,T-00639,V-0292,True,False,False,23.6,0.103,0.88,False,none
D-002519,B-002519,T-00639,V-0393,True,False,False,32.2,0.048,0.88,False,none
D-002520,B-002520,T-00640,V-0372,True,False,False,32.0,0.205,0.9,False,none
D-002521,B-002521,T-00640,V-0235,True,False,False,62.3,0.036,0.87,False,none
D-002522,B-002522,T-00640,V-0378,True,False,False,57.4,0.159,0.86,False,none
D-002523,B-002523,T-00640,V-0366,True,False,False,25.8,0.259,0.86,False,none
D-002524,B-002524,T-00640,V-0316,True,False,False,49.1,0.238,0.9,False,none
D-002525,B-002525,T-00640,V-0022,True,False,False,39.1,0.355,0.99,True,none
D-002526,B-002526,T-00641,V-0060,True,False,False,26.0,0.073,0.98,False,none
D-002527,B-002527,T-00641,V-0455,True,False,False,48.1,0.494,0.89,False,none
D-002528,B-002528,T-00641,V-0049,True,False,False,40.5,0.062,0.9,False,none
D-002529,B-002529,T-00641,V-0370,True,False,False,41.2,0.043,0.9,False,none
D-002530,B-002530,T-00641,V-0427,True,False,False,51.7,0.047,0.93,False,none
D-002531,B-002531,T-00642,V-0096,True,False,False,41.3,0.291,0.98,False,none
D-002532,B-002532,T-00642,V-0325,True,False,False,30.2,0.056,0.96,False,none
D-002533,B-002533,T-00643,V-0015,True,False,False,35.6,0.033,0.85,False,none
D-002534,B-002534,T-00643,V-0228,True,False,False,52.8,0.526,0.92,False,none
D-002535,B-002535,T-00643,V-0164,True,False,False,57.6,0.226,0.86,False,none
D-002536,B-002536,T-00643,V-0192,True,False,False,41.2,0.307,0.99,False,none
D-002537,B-002537,T-00643,V-0483,True,False,False,39.4,0.233,0.85,False,none
D-002538,B-002538,T-00644,V-0361,True,False,False,43.9,0.048,0.93,False,none
D-002539,B-002539,T-00644,V-0394,True,False,False,61.6,0.286,0.85,False,none
D-002540,B-002540,T-00644,V-0276,True,False,False,37.6,0.117,0.88,False,none
D-002541,B-002541,T-00645,V-0072,True,False,False,71.0,0.612,0.46,False,ai_generated_doc
D-002542,B-002542,T-00645,V-0017,True,False,False,53.6,0.214,0.9,False,none
D-002543,B-002543,T-00645,V-0271,True,False,False,42.4,0.074,0.85,False,none
D-002544,B-002544,T-00645,V-0177,True,False,False,23.3,0.12,0.87,False,none
D-002545,B-002545,T-00645,V-0256,True,False,False,31.3,0.056,0.92,False,none
D-002546,B-002546,T-00646,V-0059,True,False,False,42.5,0.346,0.94,False,none
D-002547,B-002547,T-00646,V-0351,True,False,False,56.6,0.324,0.91,False,none
D-002548,B-002548,T-00646,V-0214,True,False,False,35.8,0.024,0.96,False,none
D-002549,B-002549,T-00646,V-0480,True,False,False,41.1,0.042,0.88,False,none
D-002550,B-002550,T-00646,V-0035,True,False,False,28.5,0.194,0.99,False,none
D-002551,B-002551,T-00646,V-0321,True,False,False,44.2,0.167,0.9,False,none
D-002552,B-002552,T-00647,V-0346,True,False,False,48.8,0.148,0.96,False,conflict_of_interest
D-002553,B-002553,T-00647,V-0073,True,False,False,23.4,0.106,0.91,False,none
D-002554,B-002554,T-00647,V-0234,True,False,False,61.8,0.091,1.0,False,none
D-002555,B-002555,T-00647,V-0044,True,False,False,53.8,0.199,0.88,False,none
D-002556,B-002556,T-00648,V-0159,True,False,False,61.6,0.068,0.86,True,none
D-002557,B-002557,T-00648,V-0195,True,False,False,40.0,0.271,0.96,False,none
D-002558,B-002558,T-00648,V-0371,True,False,False,43.3,0.272,0.97,False,none
D-002559,B-002559,T-00648,V-0023,True,False,False,58.7,0.084,0.93,False,none
D-002560,B-002560,T-00649,V-0187,True,False,False,52.0,0.141,0.94,False,none
D-002561,B-002561,T-00649,V-0255,True,False,False,41.2,0.036,0.93,False,none
D-002562,B-002562,T-00650,V-0251,True,False,False,55.5,0.222,0.86,False,none
D-002563,B-002563,T-00650,V-0209,True,False,False,32.6,0.049,0.91,False,none
D-002564,B-002564,T-00651,V-0201,True,False,False,38.0,0.142,0.93,False,none
D-002565,B-002565,T-00651,V-0231,True,False,False,44.3,0.164,0.86,True,none
D-002566,B-002566,T-00651,V-0001,True,False,False,36.0,0.245,0.99,False,none
D-002567,B-002567,T-00652,V-0489,True,False,False,49.2,0.196,0.94,False,none
D-002568,B-002568,T-00652,V-0474,True,False,False,28.9,0.228,0.85,False,none
D-002569,B-002569,T-00653,V-0339,True,False,False,49.8,0.182,0.86,False,none
D-002570,B-002570,T-00653,V-0081,True,False,False,51.7,0.21,0.97,False,none
D-002571,B-002571,T-00654,V-0355,False,False,False,52.2,0.176,0.91,True,shell_company
D-002572,B-002572,T-00654,V-0256,True,False,False,69.4,0.154,0.9,False,none
D-002573,B-002573,T-00654,V-0289,True,False,False,31.9,0.157,0.97,False,none
D-002574,B-002574,T-00655,V-0044,True,False,False,26.6,0.131,0.86,False,none
D-002575,B-002575,T-00655,V-0172,True,False,False,43.3,0.058,0.93,False,none
D-002576,B-002576,T-00655,V-0404,True,False,False,29.0,0.075,0.86,False,none
D-002577,B-002577,T-00656,V-0410,True,False,False,60.0,0.173,0.87,True,none
D-002578,B-002578,T-00656,V-0144,True,False,False,39.9,0.457,0.86,False,none
D-002579,B-002579,T-00656,V-0329,True,False,False,26.9,0.152,0.89,False,none
D-002580,B-002580,T-00656,V-0419,True,False,False,52.9,0.18,0.91,False,none
D-002581,B-002581,T-00657,V-0119,True,False,False,38.2,0.106,1.0,False,none
D-002582,B-002582,T-00657,V-0157,True,False,False,36.6,0.401,0.92,False,none
D-002583,B-002583,T-00657,V-0115,True,False,False,30.7,0.11,0.86,False,none
D-002584,B-002584,T-00657,V-0172,True,False,False,24.1,0.148,0.97,False,none
D-002585,B-002585,T-00657,V-0346,True,False,False,34.2,0.207,0.96,False,none
D-002586,B-002586,T-00658,V-0433,True,False,False,61.2,0.179,0.89,False,none
D-002587,B-002587,T-00658,V-0050,True,False,False,44.1,0.319,0.87,False,none
D-002588,B-002588,T-00658,V-0418,True,False,False,46.7,0.165,0.89,False,none
D-002589,B-002589,T-00658,V-0051,True,False,False,46.0,0.022,0.94,False,none
D-002590,B-002590,T-00659,V-0311,True,False,False,35.2,0.115,0.92,True,conflict_of_interest
D-002591,B-002591,T-00659,V-0159,True,False,False,37.6,0.311,0.97,False,none
D-002592,B-002592,T-00660,V-0197,True,False,False,19.7,0.484,0.86,False,none
D-002593,B-002593,T-00660,V-0027,True,False,False,48.7,0.194,0.99,False,none
D-002594,B-002594,T-00660,V-0029,True,False,False,47.6,0.103,0.97,False,none
D-002595,B-002595,T-00660,V-0103,True,False,False,42.4,0.103,1.0,False,none
D-002596,B-002596,T-00660,V-0083,True,False,False,43.7,0.055,0.88,False,none
D-002597,B-002597,T-00660,V-0031,True,False,False,20.4,0.369,0.93,False,none
D-002598,B-002598,T-00661,V-0382,True,False,False,55.4,0.116,0.97,False,none
D-002599,B-002599,T-00661,V-0050,True,False,False,35.3,0.09,0.96,False,none
D-002600,B-002600,T-00661,V-0301,True,False,False,36.6,0.271,0.98,False,none
D-002601,B-002601,T-00661,V-0421,True,False,False,55.1,0.026,0.95,False,none
D-002602,B-002602,T-00661,V-0238,True,False,False,53.1,0.153,0.86,False,none
D-002603,B-002603,T-00662,V-0420,True,False,False,40.7,0.483,0.89,False,none
D-002604,B-002604,T-00662,V-0268,True,False,False,40.9,0.088,0.89,False,none
D-002605,B-002605,T-00662,V-0168,True,False,False,24.7,0.297,0.9,False,none
D-002606,B-002606,T-00662,V-0444,True,False,False,48.8,0.297,0.94,False,none
D-002607,B-002607,T-00662,V-0186,True,False,False,36.7,0.185,0.93,False,none
D-002608,B-002608,T-00663,V-0381,True,False,False,36.3,0.201,0.98,False,none
D-002609,B-002609,T-00663,V-0001,True,False,False,53.3,0.2,0.88,False,none
D-002610,B-002610,T-00663,V-0241,True,False,False,35.2,0.229,0.94,True,none
D-002611,B-002611,T-00663,V-0070,True,False,False,28.0,0.041,0.9,False,none
D-002612,B-002612,T-00663,V-0399,True,False,False,45.3,0.198,0.97,False,none
D-002613,B-002613,T-00663,V-0239,True,False,False,42.2,0.139,0.96,False,none
D-002614,B-002614,T-00664,V-0128,True,False,False,39.4,0.134,0.89,False,none
D-002615,B-002615,T-00664,V-0246,True,False,False,29.9,0.161,0.95,False,none
D-002616,B-002616,T-00664,V-0251,True,False,False,59.0,0.165,0.93,False,none
D-002617,B-002617,T-00664,V-0396,True,False,False,13.8,0.041,0.94,False,none
D-002618,B-002618,T-00664,V-0061,True,False,False,17.3,0.174,0.85,False,none
D-002619,B-002619,T-00665,V-0401,True,False,False,34.6,0.17,0.89,True,none
D-002620,B-002620,T-00665,V-0180,True,False,False,61.5,0.124,0.92,False,none
D-002621,B-002621,T-00665,V-0238,True,False,False,48.5,0.384,0.89,False,none
D-002622,B-002622,T-00665,V-0443,True,False,False,40.5,0.298,0.96,False,none
D-002623,B-002623,T-00666,V-0042,True,True,False,59.7,0.089,0.92,False,conflict_of_interest
D-002624,B-002624,T-00666,V-0309,True,False,False,42.7,0.248,0.9,False,none
D-002625,B-002625,T-00666,V-0343,True,False,False,48.8,0.119,0.87,False,none
D-002626,B-002626,T-00667,V-0295,True,False,False,35.5,0.322,0.98,False,none
D-002627,B-002627,T-00667,V-0435,True,False,False,35.3,0.27,1.0,False,none
D-002628,B-002628,T-00667,V-0468,True,False,False,54.9,0.102,0.89,False,none
D-002629,B-002629,T-00668,V-0111,True,False,False,43.7,0.225,0.86,False,none
D-002630,B-002630,T-00668,V-0101,True,False,False,67.6,0.284,0.87,False,none
D-002631,B-002631,T-00669,V-0317,True,False,False,62.7,0.071,0.93,False,none
D-002632,B-002632,T-00669,V-0275,True,False,False,45.1,0.165,0.94,False,none
D-002633,B-002633,T-00670,V-0046,True,False,True,56.4,0.05,0.99,False,bid_rigging
D-002634,B-002634,T-00670,V-0250,True,False,False,60.7,0.21,0.94,False,bid_rigging
D-002635,B-002635,T-00670,V-0264,True,False,False,40.8,0.047,0.92,False,bid_rigging
D-002636,B-002636,T-00671,V-0357,True,False,False,42.6,0.196,0.9,False,none
D-002637,B-002637,T-00671,V-0148,True,False,False,55.3,0.267,0.99,False,none
D-002638,B-002638,T-00671,V-0206,True,False,False,16.0,0.221,0.91,False,none
D-002639,B-002639,T-00671,V-0365,True,False,False,32.3,0.455,0.94,False,none
D-002640,B-002640,T-00671,V-0406,True,False,False,52.1,0.121,0.91,False,none
D-002641,B-002641,T-00672,V-0251,True,False,False,67.9,0.167,1.0,False,none
D-002642,B-002642,T-00672,V-0258,True,False,False,49.5,0.383,0.87,False,none
D-002643,B-002643,T-00672,V-0419,True,False,False,39.1,0.108,0.99,False,none
D-002644,B-002644,T-00673,V-0464,True,False,False,31.8,0.317,0.88,False,none
D-002645,B-002645,T-00673,V-0252,True,False,False,12.7,0.126,0.99,False,price_inflation
D-002646,B-002646,T-00673,V-0168,True,False,False,42.9,0.234,0.87,False,none
D-002647,B-002647,T-00673,V-0413,True,False,False,55.8,0.048,0.86,False,none
D-002648,B-002648,T-00673,V-0050,True,False,False,38.3,0.411,0.94,False,none
D-002649,B-002649,T-00674,V-0395,True,False,False,39.3,0.26,0.98,False,none
D-002650,B-002650,T-00674,V-0143,True,False,False,35.0,0.293,0.99,False,none
D-002651,B-002651,T-00674,V-0216,True,False,False,47.5,0.014,0.87,False,none
D-002652,B-002652,T-00674,V-0236,True,False,False,46.3,0.309,0.96,False,none
D-002653,B-002653,T-00675,V-0272,True,False,False,41.3,0.407,0.96,False,none
D-002654,B-002654,T-00675,V-0328,True,False,False,53.6,0.22,0.87,False,none
D-002655,B-002655,T-00675,V-0385,True,False,False,65.1,0.244,0.92,False,none
D-002656,B-002656,T-00675,V-0117,True,False,False,44.2,0.19,0.91,False,none
D-002657,B-002657,T-00675,V-0246,True,False,False,46.8,0.062,1.0,False,none
D-002658,B-002658,T-00676,V-0288,True,False,False,60.2,0.239,0.86,False,none
D-002659,B-002659,T-00676,V-0088,True,False,False,44.0,0.099,0.85,False,none
D-002660,B-002660,T-00676,V-0170,True,False,False,34.9,0.047,0.95,False,none
D-002661,B-002661,T-00677,V-0128,True,False,False,52.3,0.307,0.87,False,none
D-002662,B-002662,T-00677,V-0069,True,False,False,43.3,0.115,0.92,False,none
D-002663,B-002663,T-00677,V-0005,True,False,False,37.8,0.181,0.92,False,none
D-002664,B-002664,T-00677,V-0228,True,False,False,61.4,0.189,0.91,True,none
D-002665,B-002665,T-00677,V-0334,True,False,False,45.8,0.227,0.96,False,none
D-002666,B-002666,T-00678,V-0220,True,False,False,63.3,0.186,0.9,False,none
D-002667,B-002667,T-00678,V-0369,True,False,False,34.7,0.369,0.97,False,none
D-002668,B-002668,T-00678,V-0258,True,False,False,37.3,0.269,0.9,False,none
D-002669,B-002669,T-00678,V-0427,True,False,False,43.3,0.49,0.95,False,none
D-002670,B-002670,T-00678,V-0243,True,False,False,47.2,0.174,0.9,False,none
D-002671,B-002671,T-00678,V-0310,True,False,False,72.8,0.555,0.86,False,none
D-002672,B-002672,T-00679,V-0036,True,False,False,32.8,0.263,0.96,False,bid_rigging
D-002673,B-002673,T-00679,V-0058,True,False,False,50.4,0.099,0.89,False,bid_rigging
D-002674,B-002674,T-00679,V-0099,True,False,False,33.3,0.145,1.0,False,bid_rigging
D-002675,B-002675,T-00679,V-0379,True,False,True,38.3,0.321,0.92,False,bid_rigging
D-002676,B-002676,T-00680,V-0223,True,False,False,46.9,0.098,0.97,False,none
D-002677,B-002677,T-00680,V-0435,True,False,False,37.9,0.188,0.96,False,none
D-002678,B-002678,T-00680,V-0039,True,False,False,46.1,0.292,0.92,False,none
D-002679,B-002679,T-00681,V-0233,True,False,False,53.6,0.283,0.92,False,none
D-002680,B-002680,T-00681,V-0373,True,False,False,51.7,0.192,0.9,False,none
D-002681,B-002681,T-00681,V-0105,True,False,False,52.3,0.248,0.89,True,none
D-002682,B-002682,T-00682,V-0218,True,False,False,53.7,0.192,0.97,False,none
D-002683,B-002683,T-00682,V-0310,True,False,False,30.0,0.079,0.95,False,none
D-002684,B-002684,T-00682,V-0061,True,False,False,58.9,0.078,0.85,False,none
D-002685,B-002685,T-00682,V-0495,True,False,False,62.2,0.265,0.92,False,none
D-002686,B-002686,T-00682,V-0251,True,False,False,73.4,0.126,0.86,False,none
D-002687,B-002687,T-00683,V-0427,True,False,False,30.5,0.131,0.9,False,none
D-002688,B-002688,T-00683,V-0217,True,False,False,36.8,0.025,0.98,False,none
D-002689,B-002689,T-00684,V-0492,True,False,False,47.5,0.16,0.93,False,none
D-002690,B-002690,T-00684,V-0291,True,False,False,69.1,0.196,0.88,False,none
D-002691,B-002691,T-00684,V-0406,True,False,False,33.8,0.087,0.89,False,none
D-002692,B-002692,T-00684,V-0281,True,False,False,33.2,0.242,0.86,False,none
D-002693,B-002693,T-00684,V-0007,True,False,False,48.0,0.13,0.88,False,none
D-002694,B-002694,T-00685,V-0228,True,False,False,61.3,0.134,0.87,True,price_inflation
D-002695,B-002695,T-00685,V-0454,True,False,False,36.8,0.172,0.88,False,none
D-002696,B-002696,T-00685,V-0398,True,False,False,66.5,0.121,0.89,False,none
D-002697,B-002697,T-00686,V-0081,True,False,False,45.8,0.375,0.99,False,none
D-002698,B-002698,T-00686,V-0288,True,False,False,33.8,0.143,0.88,False,none
D-002699,B-002699,T-00686,V-0142,True,False,False,64.8,0.207,0.9,False,none
D-002700,B-002700,T-00686,V-0400,True,False,False,57.4,0.17,0.98,False,none
D-002701,B-002701,T-00686,V-0227,True,False,False,42.4,0.166,0.98,False,none
D-002702,B-002702,T-00687,V-0377,True,False,False,55.6,0.067,0.98,False,none
D-002703,B-002703,T-00687,V-0309,True,False,False,39.9,0.146,0.99,False,none
D-002704,B-002704,T-00687,V-0115,True,False,False,21.7,0.196,0.9,False,none
D-002705,B-002705,T-00688,V-0311,True,False,False,74.5,0.094,0.87,False,conflict_of_interest
D-002706,B-002706,T-00688,V-0178,True,False,False,34.6,0.112,0.9,False,none
D-002707,B-002707,T-00689,V-0232,True,False,False,64.1,0.234,0.9,False,none
D-002708,B-002708,T-00689,V-0441,True,False,False,38.3,0.31,0.96,False,none
D-002709,B-002709,T-00689,V-0085,True,False,False,43.8,0.123,0.91,False,none
D-002710,B-002710,T-00690,V-0076,True,False,False,54.9,0.204,0.91,False,bid_rigging
D-002711,B-002711,T-00690,V-0166,True,False,False,16.8,0.116,0.9,False,bid_rigging
D-002712,B-002712,T-00690,V-0355,True,False,False,62.0,0.482,0.93,False,bid_rigging
D-002713,B-002713,T-00690,V-0382,True,False,False,41.9,0.453,0.94,False,bid_rigging
D-002714,B-002714,T-00691,V-0317,True,False,False,53.2,0.197,0.98,False,none
D-002715,B-002715,T-00691,V-0016,True,False,False,45.7,0.024,0.89,False,none
D-002716,B-002716,T-00691,V-0143,True,False,False,36.3,0.211,0.93,False,none
D-002717,B-002717,T-00692,V-0003,True,False,False,22.8,0.152,0.88,False,none
D-002718,B-002718,T-00692,V-0490,True,False,False,44.3,0.171,0.95,False,none
D-002719,B-002719,T-00692,V-0085,True,False,False,49.0,0.337,0.98,False,none
D-002720,B-002720,T-00693,V-0172,True,False,False,47.4,0.1,0.97,False,none
D-002721,B-002721,T-00693,V-0145,True,False,False,43.5,0.035,0.97,False,none
D-002722,B-002722,T-00693,V-0168,True,False,False,46.8,0.305,0.99,False,none
D-002723,B-002723,T-00694,V-0099,True,False,False,57.9,0.263,0.92,False,none
D-002724,B-002724,T-00694,V-0386,True,False,False,20.0,0.647,0.95,False,none
D-002725,B-002725,T-00694,V-0397,True,False,False,46.8,0.478,0.93,False,none
D-002726,B-002726,T-00694,V-0125,True,False,False,61.9,0.202,0.89,False,none
D-002727,B-002727,T-00694,V-0098,True,False,False,46.6,0.58,0.88,False,none
D-002728,B-002728,T-00694,V-0448,True,False,False,71.1,0.185,0.89,False,none
D-002729,B-002729,T-00695,V-0227,True,False,False,45.9,0.103,0.89,False,none
D-002730,B-002730,T-00695,V-0399,True,False,False,55.1,0.254,0.91,False,none
D-002731,B-002731,T-00696,V-0073,True,False,False,39.5,0.272,0.96,False,none
D-002732,B-002732,T-00696,V-0124,True,False,False,64.7,0.145,0.87,False,none
D-002733,B-002733,T-00697,V-0464,True,False,False,63.8,0.256,0.87,False,none
D-002734,B-002734,T-00697,V-0007,True,False,False,40.0,0.178,0.99,False,none
D-002735,B-002735,T-00698,V-0175,True,False,False,45.0,0.055,0.9,False,none
D-002736,B-002736,T-00698,V-0318,True,False,False,44.3,0.263,0.89,False,none
D-002737,B-002737,T-00698,V-0407,True,False,False,48.4,0.216,0.95,False,none
D-002738,B-002738,T-00698,V-0050,True,False,False,43.8,0.156,0.91,False,none
D-002739,B-002739,T-00698,V-0300,True,False,False,38.9,0.253,0.88,False,none
D-002740,B-002740,T-00699,V-0128,True,False,False,61.6,0.246,0.99,False,none
D-002741,B-002741,T-00699,V-0196,True,False,False,40.0,0.367,0.99,False,none
D-002742,B-002742,T-00699,V-0052,True,False,False,47.1,0.098,1.0,False,none
D-002743,B-002743,T-00699,V-0459,True,False,False,35.3,0.063,0.95,False,none
D-002744,B-002744,T-00699,V-0463,True,False,False,48.5,0.081,0.99,False,none
D-002745,B-002745,T-00700,V-0032,True,False,False,44.5,0.192,0.87,False,none
D-002746,B-002746,T-00700,V-0181,True,False,False,47.8,0.255,0.98,False,none
D-002747,B-002747,T-00701,V-0297,True,False,False,62.5,0.431,0.97,False,none
D-002748,B-002748,T-00701,V-0327,True,False,False,45.7,0.088,0.92,False,none
D-002749,B-002749,T-00702,V-0236,True,False,False,36.6,0.144,0.99,False,none
D-002750,B-002750,T-00702,V-0326,True,False,False,62.6,0.32,0.89,False,none
D-002751,B-002751,T-00702,V-0071,True,False,False,35.9,0.377,0.96,False,none
D-002752,B-002752,T-00702,V-0133,True,False,False,47.0,0.116,0.94,False,none
D-002753,B-002753,T-00702,V-0238,True,False,False,66.0,0.063,0.91,False,none
D-002754,B-002754,T-00702,V-0309,True,False,False,42.8,0.076,0.93,False,none
D-002755,B-002755,T-00703,V-0220,True,False,False,40.1,0.197,0.94,False,none
D-002756,B-002756,T-00703,V-0252,True,False,False,26.4,0.147,0.85,False,none
D-002757,B-002757,T-00704,V-0181,True,False,False,49.3,0.141,0.93,False,none
D-002758,B-002758,T-00704,V-0048,True,False,False,29.9,0.202,0.85,False,none
D-002759,B-002759,T-00704,V-0183,True,False,False,54.8,0.452,0.93,False,none
D-002760,B-002760,T-00704,V-0446,True,False,False,46.3,0.566,0.93,False,none
D-002761,B-002761,T-00704,V-0316,True,False,False,50.4,0.253,0.86,False,none
D-002762,B-002762,T-00705,V-0087,True,False,False,56.8,0.067,0.98,False,none
D-002763,B-002763,T-00705,V-0498,True,False,False,47.0,0.186,0.93,False,none
D-002764,B-002764,T-00705,V-0396,True,False,False,26.7,0.407,0.97,False,none
D-002765,B-002765,T-00705,V-0164,True,False,False,43.4,0.068,0.93,False,none
D-002766,B-002766,T-00705,V-0358,True,False,False,56.2,0.153,0.95,False,none
D-002767,B-002767,T-00705,V-0223,True,False,False,38.1,0.172,0.9,False,none
D-002768,B-002768,T-00706,V-0086,True,False,False,49.3,0.07,0.96,False,none
D-002769,B-002769,T-00706,V-0284,True,False,False,64.6,0.162,0.94,False,none
D-002770,B-002770,T-00706,V-0081,True,False,False,47.7,0.346,0.93,False,price_inflation
D-002771,B-002771,T-00706,V-0088,True,False,False,62.0,0.126,0.97,False,none
D-002772,B-002772,T-00706,V-0093,True,False,False,23.8,0.074,0.93,False,none
D-002773,B-002773,T-00707,V-0291,True,False,False,15.5,0.093,0.99,False,none
D-002774,B-002774,T-00707,V-0293,True,False,False,44.1,0.204,0.88,False,none
D-002775,B-002775,T-00707,V-0089,True,False,False,25.7,0.079,0.94,False,none
D-002776,B-002776,T-00707,V-0304,True,False,False,22.1,0.083,0.98,False,none
D-002777,B-002777,T-00708,V-0423,True,False,False,46.4,0.113,0.96,False,none
D-002778,B-002778,T-00708,V-0429,True,False,False,75.0,0.025,0.93,False,none
D-002779,B-002779,T-00708,V-0026,True,False,False,29.3,0.238,0.85,False,none
D-002780,B-002780,T-00708,V-0492,True,False,False,38.4,0.455,0.86,False,none
D-002781,B-002781,T-00709,V-0275,True,False,False,58.4,0.353,0.89,False,none
D-002782,B-002782,T-00709,V-0317,True,False,False,73.0,0.217,0.88,False,none
D-002783,B-002783,T-00709,V-0090,True,False,False,57.7,0.453,0.9,False,none
D-002784,B-002784,T-00710,V-0494,True,False,False,40.4,0.218,0.9,False,none
D-002785,B-002785,T-00710,V-0010,True,False,False,51.9,0.254,0.98,False,none
D-002786,B-002786,T-00710,V-0477,True,False,False,56.8,0.07,0.99,False,none
D-002787,B-002787,T-00710,V-0270,True,False,False,45.8,0.064,0.95,False,none
D-002788,B-002788,T-00710,V-0073,True,False,False,67.0,0.152,0.92,False,none
D-002789,B-002789,T-00711,V-0005,True,False,False,51.6,0.068,0.9,False,none
D-002790,B-002790,T-00711,V-0007,True,False,False,60.5,0.302,0.91,False,none
D-002791,B-002791,T-00711,V-0293,True,False,False,24.5,0.123,0.91,False,none
D-002792,B-002792,T-00711,V-0166,True,False,False,65.7,0.168,0.91,False,none
D-002793,B-002793,T-00712,V-0402,True,False,False,38.9,0.405,0.89,False,none
D-002794,B-002794,T-00712,V-0210,True,False,False,38.4,0.158,0.92,False,none
D-002795,B-002795,T-00712,V-0058,True,False,False,65.5,0.143,0.88,False,none
D-002796,B-002796,T-00713,V-0059,True,False,False,46.5,0.333,0.89,False,none
D-002797,B-002797,T-00713,V-0468,True,False,False,62.5,0.122,0.88,False,none
D-002798,B-002798,T-00713,V-0383,True,False,False,56.3,0.202,0.88,False,none
D-002799,B-002799,T-00713,V-0100,True,False,False,47.8,0.05,0.87,False,none
D-002800,B-002800,T-00714,V-0419,True,False,False,54.5,0.244,0.96,False,none
D-002801,B-002801,T-00714,V-0142,True,False,False,35.2,0.156,0.87,True,none
D-002802,B-002802,T-00715,V-0427,True,False,False,47.2,0.297,0.97,False,none
D-002803,B-002803,T-00715,V-0433,True,False,False,68.7,0.304,0.95,False,none
D-002804,B-002804,T-00716,V-0036,True,False,True,39.3,0.247,0.94,False,bid_rigging
D-002805,B-002805,T-00716,V-0058,True,False,False,49.4,0.254,0.89,False,bid_rigging
D-002806,B-002806,T-00716,V-0099,True,False,True,37.5,0.083,0.9,False,bid_rigging
D-002807,B-002807,T-00716,V-0379,True,False,False,38.3,0.011,0.94,False,bid_rigging
D-002808,B-002808,T-00717,V-0189,True,False,False,45.5,0.211,0.98,False,none
D-002809,B-002809,T-00717,V-0381,True,False,False,40.6,0.083,0.99,False,none
D-002810,B-002810,T-00717,V-0115,True,False,False,44.0,0.094,0.9,False,none
D-002811,B-002811,T-00717,V-0193,True,False,False,43.4,0.32,0.9,False,none
D-002812,B-002812,T-00717,V-0431,True,False,False,48.3,0.472,0.87,False,none
D-002813,B-002813,T-00717,V-0389,True,False,False,60.6,0.151,0.91,False,none
D-002814,B-002814,T-00718,V-0089,True,False,False,63.2,0.172,0.94,False,none
D-002815,B-002815,T-00718,V-0046,True,False,False,49.4,0.255,0.95,False,none
D-002816,B-002816,T-00718,V-0200,True,False,False,51.2,0.338,0.91,False,none
D-002817,B-002817,T-00718,V-0371,True,False,False,51.6,0.109,0.85,False,none
D-002818,B-002818,T-00719,V-0156,True,False,False,63.7,0.178,0.89,False,none
D-002819,B-002819,T-00719,V-0250,True,False,False,59.9,0.221,0.94,False,none
D-002820,B-002820,T-00720,V-0202,True,False,False,47.1,0.134,0.86,False,none
D-002821,B-002821,T-00720,V-0372,True,False,False,52.9,0.252,0.96,False,none
D-002822,B-002822,T-00721,V-0434,True,False,False,35.6,0.24,0.87,False,none
D-002823,B-002823,T-00721,V-0239,True,False,False,53.1,0.291,0.92,False,none
D-002824,B-002824,T-00721,V-0067,True,False,False,58.3,0.251,0.94,True,none
D-002825,B-002825,T-00721,V-0347,True,False,False,48.0,0.206,0.85,False,none
D-002826,B-002826,T-00721,V-0448,True,False,False,35.2,0.029,0.92,False,none
D-002827,B-002827,T-00722,V-0295,True,False,False,45.0,0.287,0.99,True,none
D-002828,B-002828,T-00722,V-0431,True,False,False,48.7,0.081,0.89,False,none
D-002829,B-002829,T-00722,V-0056,True,False,False,45.0,0.139,0.9,False,none
D-002830,B-002830,T-00723,V-0210,True,False,False,33.5,0.424,0.96,False,none
D-002831,B-002831,T-00723,V-0385,True,False,False,40.7,0.115,0.97,False,none
D-002832,B-002832,T-00723,V-0451,True,False,False,22.7,0.516,0.96,False,none
D-002833,B-002833,T-00723,V-0219,True,False,False,67.3,0.293,0.98,False,none
D-002834,B-002834,T-00724,V-0011,True,False,False,40.7,0.217,0.91,False,none
D-002835,B-002835,T-00724,V-0418,True,False,False,42.9,0.215,0.9,False,none
D-002836,B-002836,T-00724,V-0207,True,False,False,28.6,0.192,0.94,False,none
D-002837,B-002837,T-00725,V-0008,True,False,False,35.4,0.355,0.92,False,none
D-002838,B-002838,T-00725,V-0394,True,False,False,50.3,0.18,0.88,False,none
D-002839,B-002839,T-00725,V-0262,True,False,False,36.3,0.345,0.94,False,none
D-002840,B-002840,T-00725,V-0231,True,False,False,25.5,0.149,0.88,False,none
D-002841,B-002841,T-00725,V-0260,True,False,False,24.3,0.377,0.96,False,none
D-002842,B-002842,T-00725,V-0331,True,False,False,52.5,0.06,0.88,False,none
D-002843,B-002843,T-00726,V-0204,True,False,False,38.8,0.344,0.97,False,none
D-002844,B-002844,T-00726,V-0012,True,False,False,53.4,0.024,0.97,False,none
D-002845,B-002845,T-00726,V-0379,True,False,False,41.1,0.246,0.95,False,none
D-002846,B-002846,T-00726,V-0432,True,False,False,40.9,0.021,0.9,False,none
D-002847,B-002847,T-00726,V-0161,True,False,False,49.2,0.258,0.89,False,none
D-002848,B-002848,T-00727,V-0015,True,False,False,64.6,0.18,0.9,False,none
D-002849,B-002849,T-00727,V-0208,True,False,False,21.5,0.295,0.9,False,none
D-002850,B-002850,T-00727,V-0200,True,False,False,53.2,0.156,0.95,False,none
D-002851,B-002851,T-00727,V-0105,True,False,False,63.6,0.505,0.99,False,none
D-002852,B-002852,T-00727,V-0095,True,False,False,64.4,0.126,0.89,False,none
D-002853,B-002853,T-00728,V-0476,True,False,False,40.0,0.043,0.9,False,none
D-002854,B-002854,T-00728,V-0081,True,False,False,59.2,0.296,0.93,False,none
D-002855,B-002855,T-00728,V-0251,True,False,False,59.2,0.294,0.93,False,none
D-002856,B-002856,T-00728,V-0061,True,False,False,63.8,0.165,0.86,False,none
D-002857,B-002857,T-00728,V-0287,True,False,False,44.9,0.125,0.95,False,none
D-002858,B-002858,T-00728,V-0078,True,False,False,56.1,0.066,0.98,False,none
D-002859,B-002859,T-00729,V-0497,True,False,False,47.7,0.12,0.87,True,none
D-002860,B-002860,T-00729,V-0452,True,False,False,46.8,0.059,0.87,False,none
D-002861,B-002861,T-00729,V-0044,True,False,False,27.8,0.011,0.94,False,none
D-002862,B-002862,T-00730,V-0230,True,False,False,20.8,0.038,0.93,False,none
D-002863,B-002863,T-00730,V-0013,True,False,False,31.2,0.06,0.95,False,none
D-002864,B-002864,T-00730,V-0194,True,False,False,58.9,0.122,0.85,False,none
D-002865,B-002865,T-00730,V-0306,True,False,False,26.2,0.141,0.9,False,none
D-002866,B-002866,T-00730,V-0091,True,False,False,46.7,0.157,0.87,False,none
D-002867,B-002867,T-00731,V-0357,True,False,False,30.8,0.059,0.87,False,none
D-002868,B-002868,T-00731,V-0075,True,False,False,47.0,0.437,0.92,False,none
D-002869,B-002869,T-00732,V-0094,True,False,False,40.1,0.068,0.97,False,bid_rigging
D-002870,B-002870,T-00732,V-0385,True,False,False,33.4,0.076,0.98,False,bid_rigging
D-002871,B-002871,T-00732,V-0496,True,False,True,32.6,0.181,1.0,True,bid_rigging
D-002872,B-002872,T-00733,V-0058,True,False,False,53.8,0.089,0.91,False,none
D-002873,B-002873,T-00733,V-0243,True,False,False,38.1,0.165,0.94,True,none
D-002874,B-002874,T-00734,V-0015,True,False,False,75.8,0.21,0.93,False,bid_suppression
D-002875,B-002875,T-00735,V-0232,True,False,False,44.9,0.375,0.98,False,none
D-002876,B-002876,T-00735,V-0081,True,False,False,49.3,0.015,0.89,True,none
D-002877,B-002877,T-00736,V-0426,True,False,False,54.8,0.175,0.93,False,none
D-002878,B-002878,T-00736,V-0153,True,False,False,42.4,0.078,0.89,False,none
D-002879,B-002879,T-00736,V-0431,True,False,False,37.4,0.244,0.89,False,none
D-002880,B-002880,T-00736,V-0269,True,False,False,47.4,0.035,1.0,False,none
D-002881,B-002881,T-00737,V-0045,True,False,False,37.2,0.238,0.86,False,none
D-002882,B-002882,T-00737,V-0038,True,False,False,27.1,0.142,1.0,False,none
D-002883,B-002883,T-00737,V-0214,True,False,False,32.4,0.16,0.92,False,none
D-002884,B-002884,T-00737,V-0276,True,False,False,24.0,0.172,0.88,False,none
D-002885,B-002885,T-00738,V-0122,True,False,False,36.3,0.261,0.89,False,none
D-002886,B-002886,T-00738,V-0319,True,False,False,32.0,0.367,0.86,False,none
D-002887,B-002887,T-00739,V-0143,True,False,False,48.2,0.545,0.9,False,none
D-002888,B-002888,T-00739,V-0137,True,False,False,69.2,0.09,0.87,False,none
D-002889,B-002889,T-00739,V-0111,True,False,False,38.6,0.234,0.93,False,none
D-002890,B-002890,T-00739,V-0166,True,False,False,34.0,0.13,0.9,False,none
D-002891,B-002891,T-00740,V-0152,True,False,False,56.0,0.203,0.91,False,none
D-002892,B-002892,T-00740,V-0083,True,False,False,39.0,0.258,0.91,False,none
D-002893,B-002893,T-00740,V-0336,True,False,False,47.4,0.32,0.91,False,none
D-002894,B-002894,T-00741,V-0282,True,False,False,53.0,0.233,0.87,False,none
D-002895,B-002895,T-00741,V-0465,True,False,False,28.6,0.169,0.9,False,none
D-002896,B-002896,T-00741,V-0136,True,False,False,76.5,0.149,0.99,False,none
D-002897,B-002897,T-00742,V-0124,True,False,False,30.7,0.355,0.93,False,none
D-002898,B-002898,T-00742,V-0192,True,False,False,43.1,0.271,0.88,False,none
D-002899,B-002899,T-00742,V-0162,True,False,False,65.0,0.316,0.86,False,none
D-002900,B-002900,T-00742,V-0068,True,False,False,75.4,0.038,0.9,False,none
D-002901,B-002901,T-00743,V-0423,True,False,False,28.7,0.075,1.0,False,none
D-002902,B-002902,T-00743,V-0359,True,False,False,53.5,0.205,0.88,False,none
D-002903,B-002903,T-00743,V-0139,True,False,False,32.9,0.314,0.98,False,none
D-002904,B-002904,T-00743,V-0430,True,False,False,35.5,0.135,1.0,False,none
D-002905,B-002905,T-00743,V-0449,True,False,False,67.6,0.039,0.99,True,none
D-002906,B-002906,T-00744,V-0094,True,False,False,24.2,0.207,0.95,False,bid_rigging
D-002907,B-002907,T-00744,V-0385,True,False,False,41.0,0.042,0.97,False,bid_rigging
D-002908,B-002908,T-00744,V-0496,True,False,False,35.7,0.084,0.96,False,bid_rigging
D-002909,B-002909,T-00745,V-0309,True,False,False,55.4,0.047,0.91,False,none
D-002910,B-002910,T-00745,V-0268,True,False,False,51.2,0.153,0.92,False,none
D-002911,B-002911,T-00745,V-0198,True,False,False,66.7,0.043,0.99,False,none
D-002912,B-002912,T-00746,V-0298,True,False,False,56.2,0.349,0.96,False,none
D-002913,B-002913,T-00746,V-0208,True,False,False,32.2,0.146,0.86,False,none
D-002914,B-002914,T-00746,V-0090,True,False,False,28.4,0.211,0.91,False,none
D-002915,B-002915,T-00746,V-0096,True,False,False,42.9,0.207,0.95,False,none
D-002916,B-002916,T-00746,V-0456,True,False,False,33.2,0.095,0.95,False,none
D-002917,B-002917,T-00746,V-0176,True,False,False,36.9,0.15,0.88,False,none
D-002918,B-002918,T-00747,V-0312,True,False,False,35.8,0.602,0.89,False,none
D-002919,B-002919,T-00747,V-0095,True,False,False,35.7,0.275,0.87,False,none
D-002920,B-002920,T-00747,V-0190,True,False,False,53.8,0.247,0.99,False,none
D-002921,B-002921,T-00747,V-0469,True,False,False,40.0,0.147,0.99,False,none
D-002922,B-002922,T-00747,V-0399,True,False,False,62.3,0.087,0.92,False,none
D-002923,B-002923,T-00748,V-0043,True,False,False,46.7,0.023,0.87,False,none
D-002924,B-002924,T-00748,V-0079,True,False,False,56.5,0.05,0.9,False,none
D-002925,B-002925,T-00748,V-0064,True,False,False,35.5,0.159,0.92,False,none
D-002926,B-002926,T-00748,V-0206,True,False,False,49.8,0.016,0.9,False,none
D-002927,B-002927,T-00748,V-0005,True,False,False,48.1,0.277,0.88,False,none
D-002928,B-002928,T-00748,V-0015,True,False,False,50.5,0.287,0.92,False,none
D-002929,B-002929,T-00749,V-0104,True,False,False,40.1,0.244,0.93,False,none
D-002930,B-002930,T-00749,V-0264,True,False,False,52.4,0.533,0.96,False,none
D-002931,B-002931,T-00750,V-0222,True,False,False,41.4,0.533,0.94,False,none
D-002932,B-002932,T-00750,V-0329,True,False,False,55.1,0.138,0.97,False,none
D-002933,B-002933,T-00750,V-0167,True,False,False,31.8,0.322,0.98,False,none
D-002934,B-002934,T-00750,V-0426,True,False,False,39.0,0.054,0.88,False,none
D-002935,B-002935,T-00750,V-0343,True,False,False,47.7,0.108,0.86,False,none
D-002936,B-002936,T-00750,V-0196,True,False,False,58.1,0.325,0.96,False,none
D-002937,B-002937,T-00751,V-0219,True,False,False,39.5,0.225,0.89,False,none
D-002938,B-002938,T-00751,V-0311,True,False,False,55.2,0.104,0.92,True,none
D-002939,B-002939,T-00751,V-0482,True,False,False,41.1,0.322,0.98,False,none
D-002940,B-002940,T-00751,V-0409,True,False,False,35.6,0.351,0.87,False,none
D-002941,B-002941,T-00751,V-0052,True,False,False,46.2,0.12,0.94,False,none
D-002942,B-002942,T-00752,V-0242,True,False,False,40.1,0.413,0.93,False,none
D-002943,B-002943,T-00752,V-0337,True,False,False,43.6,0.103,0.99,False,none
D-002944,B-002944,T-00753,V-0355,False,False,False,56.9,0.089,0.94,False,shell_company
D-002945,B-002945,T-00753,V-0292,True,False,False,49.5,0.291,0.88,False,none
D-002946,B-002946,T-00753,V-0170,True,False,False,25.1,0.094,0.9,False,none
D-002947,B-002947,T-00754,V-0115,True,False,False,45.0,0.209,0.91,False,none
D-002948,B-002948,T-00754,V-0493,True,False,False,29.5,0.264,0.97,False,none
D-002949,B-002949,T-00754,V-0037,True,False,False,30.2,0.175,0.93,False,none
D-002950,B-002950,T-00754,V-0336,True,False,False,41.5,0.243,0.97,False,none
D-002951,B-002951,T-00755,V-0031,True,False,False,47.6,0.044,0.97,False,none
D-002952,B-002952,T-00755,V-0115,True,False,False,52.0,0.337,0.87,False,none
D-002953,B-002953,T-00755,V-0214,True,False,False,42.7,0.083,0.96,False,none
D-002954,B-002954,T-00755,V-0044,True,False,False,61.6,0.087,0.85,False,none
D-002955,B-002955,T-00756,V-0046,True,False,False,40.5,0.096,0.88,False,bid_rigging
D-002956,B-002956,T-00756,V-0250,True,False,False,30.3,0.017,0.98,False,bid_rigging
D-002957,B-002957,T-00756,V-0264,True,False,False,28.9,0.369,1.0,False,bid_rigging
D-002958,B-002958,T-00756,V-0449,True,False,True,33.0,0.066,0.92,False,bid_rigging
D-002959,B-002959,T-00757,V-0039,True,False,False,10.8,0.072,0.9,False,none
D-002960,B-002960,T-00757,V-0398,True,False,False,43.5,0.156,0.86,False,none
D-002961,B-002961,T-00757,V-0387,True,False,False,38.1,0.128,0.98,True,none
D-002962,B-002962,T-00757,V-0311,True,False,False,58.2,0.209,0.93,False,none
D-002963,B-002963,T-00758,V-0098,True,False,False,29.6,0.109,0.9,False,none
D-002964,B-002964,T-00758,V-0497,True,False,False,56.0,0.219,0.88,True,none
D-002965,B-002965,T-00758,V-0130,True,False,False,44.5,0.08,0.99,False,none
D-002966,B-002966,T-00758,V-0018,True,False,False,37.7,0.306,0.89,False,none
D-002967,B-002967,T-00758,V-0309,True,False,False,49.0,0.038,0.99,False,none
D-002968,B-002968,T-00759,V-0471,True,False,False,50.2,0.038,0.87,False,none
D-002969,B-002969,T-00759,V-0203,True,False,False,67.8,0.321,0.93,False,none
D-002970,B-002970,T-00760,V-0367,True,False,False,40.4,0.188,0.89,False,none
D-002971,B-002971,T-00760,V-0159,True,False,False,61.6,0.058,0.92,False,none
D-002972,B-002972,T-00761,V-0076,True,False,False,42.6,0.217,0.9,False,none
D-002973,B-002973,T-00761,V-0091,True,False,False,67.3,0.057,0.92,False,none
D-002974,B-002974,T-00761,V-0041,True,False,False,25.1,0.068,0.93,True,none
D-002975,B-002975,T-00761,V-0411,True,False,False,40.2,0.082,1.0,False,none
D-002976,B-002976,T-00761,V-0276,True,False,False,48.5,0.266,0.93,False,none
D-002977,B-002977,T-00761,V-0012,True,False,False,37.1,0.071,0.96,False,none
D-002978,B-002978,T-00762,V-0357,True,False,False,42.1,0.249,0.95,False,none
D-002979,B-002979,T-00762,V-0173,True,False,False,28.7,0.475,0.95,False,none
D-002980,B-002980,T-00762,V-0046,True,False,False,52.7,0.185,0.93,False,none
D-002981,B-002981,T-00762,V-0497,True,False,False,58.0,0.209,0.92,False,none
D-002982,B-002982,T-00762,V-0461,True,False,False,40.2,0.187,0.89,False,none
D-002983,B-002983,T-00762,V-0195,True,False,False,57.7,0.16,0.94,False,none
D-002984,B-002984,T-00763,V-0249,True,False,False,61.8,0.204,0.99,False,none
D-002985,B-002985,T-00763,V-0021,True,False,False,63.8,0.539,0.93,False,none
D-002986,B-002986,T-00763,V-0258,True,False,False,12.9,0.09,0.92,False,none
D-002987,B-002987,T-00763,V-0368,True,False,False,32.7,0.249,0.98,False,none
D-002988,B-002988,T-00763,V-0494,True,False,False,64.3,0.245,0.98,False,none
D-002989,B-002989,T-00764,V-0348,True,False,False,62.9,0.115,0.96,False,price_inflation
D-002990,B-002990,T-00764,V-0438,True,False,False,51.1,0.119,0.9,False,none
D-002991,B-002991,T-00764,V-0466,True,False,False,57.5,0.183,0.86,False,none
D-002992,B-002992,T-00765,V-0311,True,True,False,46.8,0.11,0.88,False,conflict_of_interest
D-002993,B-002993,T-00765,V-0151,True,False,False,55.8,0.148,0.99,False,none
D-002994,B-002994,T-00766,V-0186,True,False,False,57.3,0.355,0.88,False,none
D-002995,B-002995,T-00766,V-0364,True,False,False,47.6,0.185,0.95,False,none
D-002996,B-002996,T-00766,V-0142,True,False,False,70.5,0.092,0.94,False,none
D-002997,B-002997,T-00766,V-0151,True,False,False,35.6,0.048,0.9,False,none
D-002998,B-002998,T-00767,V-0373,True,False,False,54.8,0.074,0.9,False,none
D-002999,B-002999,T-00767,V-0124,True,False,False,40.4,0.433,0.95,False,none
D-003000,B-003000,T-00767,V-0295,True,False,False,72.3,0.31,0.97,False,none
D-003001,B-003001,T-00767,V-0139,True,False,False,29.3,0.051,0.88,False,price_inflation
D-003002,B-003002,T-00768,V-0066,True,False,False,30.9,0.079,0.97,False,none
D-003003,B-003003,T-00768,V-0191,True,False,False,31.2,0.305,0.97,False,none
D-003004,B-003004,T-00769,V-0201,True,False,False,30.9,0.186,0.9,False,none
D-003005,B-003005,T-00769,V-0121,True,False,False,29.9,0.156,0.95,False,none
D-003006,B-003006,T-00770,V-0331,True,False,False,43.4,0.23,0.96,False,none
D-003007,B-003007,T-00770,V-0324,True,False,False,41.2,0.147,0.9,False,none
D-003008,B-003008,T-00771,V-0303,True,False,False,39.7,0.123,0.98,False,none
D-003009,B-003009,T-00771,V-0060,True,False,False,33.8,0.136,0.87,False,none
D-003010,B-003010,T-00772,V-0080,True,False,False,45.2,0.174,0.98,False,none
D-003011,B-003011,T-00772,V-0352,True,False,False,44.2,0.295,0.96,False,none
D-003012,B-003012,T-00772,V-0102,True,False,False,36.0,0.238,0.89,False,none
D-003013,B-003013,T-00772,V-0392,True,False,False,50.7,0.134,0.85,False,none
D-003014,B-003014,T-00773,V-0220,True,False,False,52.3,0.198,0.98,False,none
D-003015,B-003015,T-00773,V-0022,True,False,False,37.1,0.188,0.88,False,none
D-003016,B-003016,T-00773,V-0068,True,False,False,64.0,0.046,0.96,True,none
D-003017,B-003017,T-00773,V-0441,True,False,False,50.5,0.146,0.91,False,none
D-003018,B-003018,T-00773,V-0495,True,False,False,55.1,0.02,0.86,False,none
D-003019,B-003019,T-00773,V-0237,True,False,False,44.6,0.261,0.94,False,none
D-003020,B-003020,T-00774,V-0061,True,False,False,34.8,0.068,0.9,False,none
D-003021,B-003021,T-00774,V-0367,True,False,False,57.9,0.631,0.91,False,none
D-003022,B-003022,T-00774,V-0280,True,False,False,30.2,0.223,0.86,False,none
D-003023,B-003023,T-00774,V-0304,True,False,False,56.4,0.234,0.87,False,none
D-003024,B-003024,T-00774,V-0199,True,False,False,30.3,0.45,0.98,False,none
D-003025,B-003025,T-00774,V-0178,True,False,False,57.8,0.149,0.97,False,none
D-003026,B-003026,T-00775,V-0496,True,False,False,38.9,0.145,0.85,False,none
D-003027,B-003027,T-00775,V-0415,True,False,False,49.3,0.205,1.0,False,none
D-003028,B-003028,T-00775,V-0209,True,False,False,38.3,0.216,0.86,False,none
D-003029,B-003029,T-00776,V-0461,True,False,False,49.8,0.052,0.9,False,none
D-003030,B-003030,T-00776,V-0471,True,False,False,64.5,0.982,0.28,False,ai_generated_doc
D-003031,B-003031,T-00776,V-0207,True,False,False,30.7,0.224,0.94,False,none
D-003032,B-003032,T-00776,V-0008,True,False,False,47.0,0.155,0.99,False,none
D-003033,B-003033,T-00776,V-0067,True,False,False,53.6,0.089,0.86,False,none
D-003034,B-003034,T-00777,V-0066,True,False,False,40.6,0.311,0.91,False,none
D-003035,B-003035,T-00777,V-0091,True,False,False,45.4,0.195,0.95,False,none
D-003036,B-003036,T-00777,V-0130,True,False,False,55.2,0.04,0.85,False,none
D-003037,B-003037,T-00777,V-0154,True,False,False,49.9,0.044,0.86,False,none
D-003038,B-003038,T-00778,V-0298,True,False,False,29.8,0.304,0.94,False,none
D-003039,B-003039,T-00778,V-0027,True,False,False,66.3,0.196,0.92,False,none
D-003040,B-003040,T-00778,V-0163,True,False,False,54.2,0.016,0.93,False,none
D-003041,B-003041,T-00778,V-0370,True,False,False,49.5,0.173,0.85,False,none
D-003042,B-003042,T-00778,V-0235,True,False,False,51.7,0.008,0.87,False,none
D-003043,B-003043,T-00779,V-0346,True,False,False,46.3,0.076,0.93,False,conflict_of_interest
D-003044,B-003044,T-00779,V-0452,True,False,False,30.4,0.278,0.88,False,none
D-003045,B-003045,T-00780,V-0025,True,False,False,32.5,0.331,0.99,False,none
D-003046,B-003046,T-00780,V-0395,True,False,False,48.1,0.074,0.88,False,none
D-003047,B-003047,T-00780,V-0095,True,False,False,57.7,0.212,0.86,False,none
D-003048,B-003048,T-00780,V-0496,True,False,False,60.2,0.33,0.87,False,none
D-003049,B-003049,T-00780,V-0124,True,False,False,46.3,0.096,0.89,False,none
D-003050,B-003050,T-00781,V-0353,True,False,False,39.8,0.258,0.87,False,none
D-003051,B-003051,T-00781,V-0361,True,False,False,36.0,0.178,0.99,False,none
D-003052,B-003052,T-00781,V-0309,True,False,False,41.8,0.52,0.89,False,none
D-003053,B-003053,T-00782,V-0471,True,False,False,66.5,0.11,0.92,False,none
D-003054,B-003054,T-00782,V-0068,True,False,False,36.0,0.207,0.99,False,none
D-003055,B-003055,T-00782,V-0164,True,False,False,45.3,0.161,1.0,False,none
D-003056,B-003056,T-00782,V-0122,True,False,False,40.7,0.044,0.93,False,none
D-003057,B-003057,T-00782,V-0390,True,False,False,42.5,0.031,0.9,False,none
D-003058,B-003058,T-00782,V-0083,True,False,False,53.1,0.122,0.86,False,none
D-003059,B-003059,T-00783,V-0011,True,False,False,71.1,0.069,1.0,False,none
D-003060,B-003060,T-00783,V-0294,True,False,False,68.8,0.822,0.58,False,ai_generated_doc
D-003061,B-003061,T-00783,V-0048,True,False,False,67.3,0.035,0.88,False,none
D-003062,B-003062,T-00784,V-0076,True,False,False,31.2,0.179,0.87,False,none
D-003063,B-003063,T-00784,V-0455,True,False,False,29.7,0.22,0.95,False,none
D-003064,B-003064,T-00784,V-0311,True,False,False,39.8,0.336,0.96,False,none
D-003065,B-003065,T-00784,V-0004,True,False,False,55.0,0.079,0.86,False,none
D-003066,B-003066,T-00784,V-0409,True,False,False,27.5,0.161,0.96,False,none
D-003067,B-003067,T-00784,V-0344,True,False,False,23.8,0.423,0.93,False,none
D-003068,B-003068,T-00785,V-0094,True,False,True,37.4,0.263,0.96,False,bid_rigging
D-003069,B-003069,T-00785,V-0385,True,False,True,18.1,0.106,0.98,False,bid_rigging
D-003070,B-003070,T-00785,V-0496,True,False,True,51.5,0.161,0.89,False,bid_rigging
D-003071,B-003071,T-00786,V-0373,True,False,False,48.6,0.25,0.88,False,none
D-003072,B-003072,T-00786,V-0244,True,False,False,49.9,0.226,0.97,False,none
D-003073,B-003073,T-00786,V-0014,True,False,False,30.6,0.427,0.96,False,none
D-003074,B-003074,T-00786,V-0473,True,False,False,68.3,0.412,0.91,True,none
D-003075,B-003075,T-00787,V-0043,True,False,False,41.6,0.375,0.87,False,none
D-003076,B-003076,T-00787,V-0372,True,False,False,37.7,0.099,1.0,False,none
D-003077,B-003077,T-00787,V-0421,True,False,False,60.6,0.124,0.95,False,none
D-003078,B-003078,T-00787,V-0019,True,False,False,51.5,0.339,0.87,False,none
D-003079,B-003079,T-00788,V-0190,True,False,False,27.9,0.06,0.94,False,none
D-003080,B-003080,T-00788,V-0291,True,False,False,35.2,0.062,0.94,False,none
D-003081,B-003081,T-00788,V-0474,True,False,False,44.9,0.067,0.87,False,none
D-003082,B-003082,T-00789,V-0452,True,False,False,24.6,0.111,0.99,False,none
D-003083,B-003083,T-00789,V-0489,True,False,False,56.2,0.176,0.96,False,none
D-003084,B-003084,T-00789,V-0407,True,False,False,40.7,0.162,0.86,True,none
D-003085,B-003085,T-00789,V-0134,True,False,False,66.3,0.052,0.94,False,none
D-003086,B-003086,T-00789,V-0484,True,False,False,64.9,0.055,0.93,False,none
D-003087,B-003087,T-00790,V-0362,True,False,False,52.4,0.011,0.91,False,none
D-003088,B-003088,T-00790,V-0142,True,False,False,65.7,0.085,0.95,False,none
D-003089,B-003089,T-00790,V-0431,True,False,False,51.7,0.388,0.88,False,none
D-003090,B-003090,T-00790,V-0306,True,False,False,35.7,0.124,0.9,False,none
D-003091,B-003091,T-00790,V-0404,True,False,False,53.1,0.239,0.93,False,none
D-003092,B-003092,T-00790,V-0039,True,False,False,67.9,0.073,0.96,False,none
D-003093,B-003093,T-00791,V-0457,True,False,False,50.2,0.22,0.99,False,none
D-003094,B-003094,T-00791,V-0195,True,False,False,24.4,0.384,0.97,False,none
D-003095,B-003095,T-00791,V-0051,True,False,False,34.8,0.042,0.87,False,none
D-003096,B-003096,T-00791,V-0066,True,False,False,45.3,0.356,0.86,False,none
D-003097,B-003097,T-00792,V-0076,True,False,False,48.9,0.178,0.95,False,bid_rigging
D-003098,B-003098,T-00792,V-0166,True,False,True,47.9,0.064,0.89,False,bid_rigging
D-003099,B-003099,T-00792,V-0355,True,False,False,48.0,0.397,0.92,False,bid_rigging
D-003100,B-003100,T-00793,V-0356,True,False,False,65.2,0.138,0.87,False,none
D-003101,B-003101,T-00793,V-0251,True,False,False,37.3,0.191,0.86,False,none
D-003102,B-003102,T-00793,V-0032,True,False,False,46.7,0.286,0.87,False,none
D-003103,B-003103,T-00793,V-0433,True,False,False,37.8,0.16,0.86,False,none
D-003104,B-003104,T-00793,V-0262,True,False,False,52.4,0.196,0.87,False,none
D-003105,B-003105,T-00793,V-0396,True,False,False,58.7,0.217,0.95,False,none
D-003106,B-003106,T-00794,V-0357,True,False,False,40.2,0.191,0.99,False,none
D-003107,B-003107,T-00794,V-0370,True,False,False,31.2,0.09,1.0,False,none
D-003108,B-003108,T-00794,V-0130,True,False,False,50.5,0.137,0.92,True,none
D-003109,B-003109,T-00795,V-0219,True,False,False,59.3,0.266,0.96,False,none
D-003110,B-003110,T-00795,V-0351,True,False,False,67.9,0.193,0.99,False,none
D-003111,B-003111,T-00795,V-0227,True,False,False,58.9,0.086,0.87,False,none
D-003112,B-003112,T-00795,V-0319,True,False,False,29.3,0.11,0.98,False,none
D-003113,B-003113,T-00795,V-0137,True,False,False,41.7,0.315,0.98,False,none
D-003114,B-003114,T-00795,V-0290,True,False,False,35.2,0.182,0.96,False,none
D-003115,B-003115,T-00796,V-0228,True,False,False,45.3,0.474,0.98,False,conflict_of_interest
D-003116,B-003116,T-00796,V-0165,True,False,False,31.1,0.212,0.96,False,none
D-003117,B-003117,T-00796,V-0182,True,False,False,61.3,0.127,0.98,False,none
D-003118,B-003118,T-00797,V-0180,True,False,False,27.8,0.051,0.9,False,none
D-003119,B-003119,T-00797,V-0051,True,False,False,23.6,0.338,0.89,False,none
D-003120,B-003120,T-00797,V-0494,True,False,False,35.2,0.068,0.9,False,none
D-003121,B-003121,T-00797,V-0088,True,False,False,49.5,0.206,0.86,False,none
D-003122,B-003122,T-00797,V-0130,True,False,False,8.1,0.331,0.89,False,none
D-003123,B-003123,T-00798,V-0180,True,False,False,29.4,0.054,0.9,False,none
D-003124,B-003124,T-00798,V-0130,True,False,False,34.8,0.228,0.87,True,price_inflation
D-003125,B-003125,T-00798,V-0166,True,False,False,36.3,0.168,0.96,False,none
D-003126,B-003126,T-00798,V-0054,True,False,False,53.1,0.224,1.0,False,none
D-003127,B-003127,T-00798,V-0078,True,False,False,53.0,0.331,0.97,True,none
D-003128,B-003128,T-00799,V-0010,True,False,False,38.6,0.281,0.97,False,none
D-003129,B-003129,T-00799,V-0490,True,False,False,47.5,0.118,0.94,False,none
D-003130,B-003130,T-00799,V-0125,True,False,False,26.3,0.281,0.91,False,none
D-003131,B-003131,T-00799,V-0209,True,False,False,39.2,0.1,0.95,False,none
D-003132,B-003132,T-00799,V-0099,True,False,False,33.7,0.332,0.87,False,none
D-003133,B-003133,T-00800,V-0015,True,False,False,25.2,0.181,0.96,False,none
D-003134,B-003134,T-00800,V-0311,True,False,False,37.3,0.156,0.99,False,none
D-003135,B-003135,T-00800,V-0397,True,False,False,51.3,0.13,0.88,False,none
D-003136,B-003136,T-00801,V-0248,True,False,False,42.7,0.349,0.97,False,none
D-003137,B-003137,T-00801,V-0444,True,False,False,44.5,0.362,0.96,False,none
D-003138,B-003138,T-00801,V-0432,True,False,False,28.8,0.172,0.86,False,none
D-003139,B-003139,T-00801,V-0470,True,False,False,45.3,0.16,0.87,False,none
D-003140,B-003140,T-00801,V-0420,True,False,False,43.0,0.219,1.0,False,none
D-003141,B-003141,T-00801,V-0458,True,False,False,30.2,0.066,0.88,False,none
D-003142,B-003142,T-00802,V-0153,True,False,False,54.4,0.332,0.94,False,none
D-003143,B-003143,T-00802,V-0260,True,False,False,36.1,0.22,0.87,False,none
D-003144,B-003144,T-00802,V-0498,True,False,False,24.7,0.168,0.85,False,none
D-003145,B-003145,T-00802,V-0007,True,False,False,27.1,0.098,0.94,False,none
D-003146,B-003146,T-00802,V-0293,True,False,False,44.4,0.25,0.9,False,none
D-003147,B-003147,T-00803,V-0138,True,False,False,56.1,0.209,0.85,False,none
D-003148,B-003148,T-00803,V-0075,True,False,False,62.2,0.263,0.92,False,none
D-003149,B-003149,T-00803,V-0333,True,False,False,66.9,0.174,0.9,False,none
D-003150,B-003150,T-00803,V-0446,True,False,False,43.5,0.316,0.94,False,none
D-003151,B-003151,T-00804,V-0020,True,False,False,34.9,0.246,0.87,False,none
D-003152,B-003152,T-00804,V-0116,True,False,False,30.0,0.157,1.0,False,none
D-003153,B-003153,T-00804,V-0049,True,False,False,49.9,0.147,0.94,False,none
D-003154,B-003154,T-00805,V-0034,True,False,False,52.0,0.145,0.86,False,none
D-003155,B-003155,T-00805,V-0262,True,False,False,40.0,0.122,0.92,False,none
D-003156,B-003156,T-00805,V-0460,True,False,False,33.2,0.425,0.9,False,none
D-003157,B-003157,T-00805,V-0217,True,False,False,40.7,0.344,0.99,False,none
D-003158,B-003158,T-00806,V-0054,True,False,False,38.4,0.311,0.95,False,none
D-003159,B-003159,T-00806,V-0292,True,False,False,49.3,0.294,0.96,False,none
D-003160,B-003160,T-00806,V-0215,True,False,False,43.5,0.308,0.88,False,none
D-003161,B-003161,T-00806,V-0081,True,False,False,38.2,0.229,0.87,False,none
D-003162,B-003162,T-00807,V-0149,True,False,False,40.2,0.179,0.86,False,none
D-003163,B-003163,T-00807,V-0475,True,False,False,48.2,0.166,0.87,True,none
D-003164,B-003164,T-00807,V-0264,True,False,False,38.5,0.258,0.99,False,none
D-003165,B-003165,T-00807,V-0107,True,False,False,44.9,0.288,0.96,False,none
D-003166,B-003166,T-00807,V-0050,True,False,False,49.1,0.377,0.87,False,none
D-003167,B-003167,T-00808,V-0453,True,False,False,32.7,0.077,0.92,False,none
D-003168,B-003168,T-00808,V-0195,True,False,False,58.7,0.838,0.56,False,ai_generated_doc
D-003169,B-003169,T-00808,V-0421,True,False,False,56.1,0.145,0.9,False,none
D-003170,B-003170,T-00809,V-0319,True,False,False,51.3,0.085,0.88,False,none
D-003171,B-003171,T-00809,V-0257,True,False,False,44.0,0.272,0.9,True,none
D-003172,B-003172,T-00809,V-0484,True,False,False,51.8,0.308,0.95,False,none
D-003173,B-003173,T-00809,V-0296,True,False,False,31.0,0.129,0.97,False,none
D-003174,B-003174,T-00809,V-0013,True,False,False,43.3,0.222,0.95,False,none
D-003175,B-003175,T-00810,V-0228,True,False,False,48.7,0.132,0.89,False,none
D-003176,B-003176,T-00810,V-0297,True,False,False,62.1,0.029,0.96,False,none
D-003177,B-003177,T-00810,V-0165,True,False,False,39.4,0.334,0.9,False,none
D-003178,B-003178,T-00810,V-0360,True,False,False,50.6,0.196,0.93,False,none
D-003179,B-003179,T-00810,V-0132,True,False,False,46.9,0.219,0.86,False,none
D-003180,B-003180,T-00811,V-0180,True,False,False,43.6,0.275,0.92,False,none
D-003181,B-003181,T-00811,V-0298,True,False,False,39.4,0.258,0.94,False,none
D-003182,B-003182,T-00812,V-0390,True,False,False,25.6,0.286,0.89,False,none
D-003183,B-003183,T-00812,V-0364,True,False,False,36.8,0.11,0.93,False,none
D-003184,B-003184,T-00812,V-0321,True,False,False,37.7,0.059,0.9,False,none
D-003185,B-003185,T-00812,V-0199,True,False,False,55.1,0.101,0.94,False,none
D-003186,B-003186,T-00812,V-0085,True,False,False,38.3,0.041,0.92,False,none
D-003187,B-003187,T-00812,V-0207,True,False,False,32.1,0.095,0.99,False,none
D-003188,B-003188,T-00813,V-0425,False,False,False,59.6,0.095,0.88,False,shell_company
D-003189,B-003189,T-00813,V-0308,True,False,False,42.9,0.362,1.0,False,none
D-003190,B-003190,T-00813,V-0014,True,False,False,28.3,0.128,0.89,False,none
D-003191,B-003191,T-00813,V-0323,True,False,False,46.2,0.268,0.99,False,none
D-003192,B-003192,T-00814,V-0198,True,False,False,50.3,0.203,0.89,False,none
D-003193,B-003193,T-00814,V-0366,True,False,False,28.2,0.51,0.96,False,none
D-003194,B-003194,T-00814,V-0389,True,False,False,72.3,0.038,0.93,False,none
D-003195,B-003195,T-00814,V-0435,True,False,False,56.5,0.138,0.95,False,none
D-003196,B-003196,T-00814,V-0494,True,False,False,53.1,0.074,0.91,False,none
D-003197,B-003197,T-00815,V-0338,True,False,False,69.3,0.336,0.87,False,none
D-003198,B-003198,T-00815,V-0155,True,False,False,34.9,0.119,0.98,False,none
D-003199,B-003199,T-00815,V-0311,True,False,False,53.9,0.326,0.96,False,none
D-003200,B-003200,T-00815,V-0461,True,False,False,52.7,0.155,0.88,False,none
D-003201,B-003201,T-00815,V-0232,True,False,False,36.5,0.174,0.95,False,none
D-003202,B-003202,T-00816,V-0392,True,False,False,58.4,0.141,0.99,False,none
D-003203,B-003203,T-00816,V-0087,True,False,False,59.4,0.355,0.88,False,none
D-003204,B-003204,T-00817,V-0346,True,False,False,58.7,0.207,0.87,False,none
D-003205,B-003205,T-00817,V-0463,True,False,False,49.0,0.292,0.97,False,none
D-003206,B-003206,T-00817,V-0016,True,False,False,41.0,0.236,0.99,False,none
D-003207,B-003207,T-00817,V-0183,True,False,False,52.1,0.14,0.89,False,none
D-003208,B-003208,T-00817,V-0065,True,False,False,61.0,0.304,0.91,False,none
D-003209,B-003209,T-00818,V-0486,True,False,False,47.0,0.127,0.92,False,none
D-003210,B-003210,T-00818,V-0026,True,False,False,55.4,0.132,0.96,False,none
D-003211,B-003211,T-00818,V-0333,True,False,False,30.8,0.13,0.88,False,none
D-003212,B-003212,T-00818,V-0470,True,False,False,45.2,0.197,0.9,False,none
D-003213,B-003213,T-00818,V-0359,True,False,False,35.2,0.207,0.96,False,none
D-003214,B-003214,T-00819,V-0094,True,False,False,45.1,0.115,0.95,False,bid_rigging
D-003215,B-003215,T-00819,V-0385,True,False,True,50.9,0.07,0.96,False,bid_rigging
D-003216,B-003216,T-00819,V-0496,True,False,False,48.0,0.031,0.97,False,bid_rigging
D-003217,B-003217,T-00820,V-0419,True,False,False,38.6,0.175,0.89,False,none
D-003218,B-003218,T-00820,V-0395,True,False,False,27.2,0.056,0.9,False,none
D-003219,B-003219,T-00820,V-0216,True,False,False,52.9,0.111,0.92,False,none
D-003220,B-003220,T-00821,V-0259,True,False,False,41.0,0.082,0.88,False,none
D-003221,B-003221,T-00821,V-0338,True,False,False,49.9,0.318,0.88,False,none
D-003222,B-003222,T-00821,V-0106,True,False,False,45.0,0.513,0.95,False,none
D-003223,B-003223,T-00821,V-0444,True,False,False,40.7,0.396,0.86,False,none
D-003224,B-003224,T-00821,V-0060,True,False,False,36.8,0.14,0.96,False,none
D-003225,B-003225,T-00822,V-0169,True,False,False,45.0,0.18,0.91,False,none
D-003226,B-003226,T-00822,V-0286,True,False,False,61.0,0.834,0.41,False,ai_generated_doc
D-003227,B-003227,T-00823,V-0035,True,False,False,46.0,0.154,0.96,False,none
D-003228,B-003228,T-00823,V-0281,True,False,False,52.7,0.103,0.97,False,none
D-003229,B-003229,T-00823,V-0177,True,False,False,43.6,0.111,0.97,False,none
D-003230,B-003230,T-00823,V-0320,True,False,False,44.8,0.398,0.92,False,none
D-003231,B-003231,T-00824,V-0176,True,False,False,56.1,0.124,0.95,False,none
D-003232,B-003232,T-00824,V-0380,True,False,False,32.9,0.208,1.0,False,none
D-003233,B-003233,T-00825,V-0058,True,False,False,36.2,0.226,0.88,False,none
D-003234,B-003234,T-00825,V-0217,True,False,False,31.6,0.205,0.94,False,none
D-003235,B-003235,T-00825,V-0032,True,False,False,28.6,0.305,0.95,False,none
D-003236,B-003236,T-00825,V-0226,True,False,False,48.4,0.055,0.88,False,none
D-003237,B-003237,T-00825,V-0001,True,False,False,59.3,0.096,0.94,False,none
D-003238,B-003238,T-00825,V-0172,True,False,False,26.1,0.114,0.95,False,none
D-003239,B-003239,T-00826,V-0104,True,False,False,28.9,0.186,0.88,False,none
D-003240,B-003240,T-00826,V-0355,True,False,False,35.0,0.111,0.89,False,none
D-003241,B-003241,T-00826,V-0249,True,False,False,45.8,0.195,0.91,False,none
D-003242,B-003242,T-00826,V-0415,True,False,False,43.9,0.299,0.87,False,none
D-003243,B-003243,T-00826,V-0230,True,False,False,59.4,0.377,0.88,False,none
D-003244,B-003244,T-00826,V-0147,True,False,False,47.3,0.069,1.0,False,none
D-003245,B-003245,T-00827,V-0059,True,False,False,68.6,0.233,0.97,False,none
D-003246,B-003246,T-00827,V-0285,True,False,False,37.8,0.045,0.91,False,none
D-003247,B-003247,T-00827,V-0456,True,False,False,63.1,0.22,0.86,False,none
D-003248,B-003248,T-00828,V-0160,True,False,False,45.5,0.127,0.97,False,price_inflation
D-003249,B-003249,T-00828,V-0382,True,False,False,40.7,0.269,0.94,False,none
D-003250,B-003250,T-00828,V-0201,True,False,False,51.5,0.103,0.86,False,none
D-003251,B-003251,T-00829,V-0497,True,False,False,29.4,0.264,0.99,False,none
D-003252,B-003252,T-00829,V-0216,True,False,False,34.7,0.181,0.88,False,none
D-003253,B-003253,T-00829,V-0283,True,False,False,52.4,0.061,0.9,False,none
D-003254,B-003254,T-00829,V-0113,True,False,False,71.1,0.02,0.88,False,none
D-003255,B-003255,T-00829,V-0456,True,False,False,49.2,0.09,0.89,False,none
D-003256,B-003256,T-00830,V-0036,True,False,False,51.6,0.147,0.96,False,bid_rigging
D-003257,B-003257,T-00830,V-0058,True,False,False,61.1,0.081,0.85,False,bid_rigging
D-003258,B-003258,T-00830,V-0099,True,False,False,43.6,0.04,0.96,False,bid_rigging
D-003259,B-003259,T-00831,V-0194,True,False,False,27.4,0.316,0.89,False,none
D-003260,B-003260,T-00831,V-0111,True,False,False,56.6,0.354,0.88,False,none
D-003261,B-003261,T-00831,V-0034,True,False,False,36.9,0.092,0.99,False,none
D-003262,B-003262,T-00832,V-0248,True,False,False,79.4,0.203,0.98,False,none
D-003263,B-003263,T-00832,V-0350,True,False,False,46.4,0.355,0.91,False,none
D-003264,B-003264,T-00832,V-0224,True,False,False,39.0,0.181,0.89,False,none
D-003265,B-003265,T-00833,V-0175,True,False,False,25.3,0.33,0.85,False,none
D-003266,B-003266,T-00833,V-0032,True,False,False,43.0,0.334,0.87,False,none
D-003267,B-003267,T-00833,V-0373,True,False,False,29.5,0.35,0.87,False,none
D-003268,B-003268,T-00833,V-0369,True,False,False,22.8,0.25,0.93,False,none
D-003269,B-003269,T-00834,V-0489,True,False,False,63.5,0.242,0.99,False,none
D-003270,B-003270,T-00834,V-0119,True,False,False,21.5,0.18,0.94,True,none
D-003271,B-003271,T-00834,V-0033,True,False,False,46.6,0.494,0.92,False,none
D-003272,B-003272,T-00835,V-0058,True,False,False,54.2,0.208,0.94,False,none
D-003273,B-003273,T-00835,V-0133,True,False,False,57.9,0.923,0.48,False,ai_generated_doc
D-003274,B-003274,T-00836,V-0124,True,False,False,46.0,0.075,0.96,False,none
D-003275,B-003275,T-00836,V-0225,True,False,False,67.0,0.442,0.92,True,none
D-003276,B-003276,T-00836,V-0253,True,False,False,42.9,0.023,0.97,False,none
D-003277,B-003277,T-00836,V-0333,True,False,False,51.7,0.402,0.97,False,none
D-003278,B-003278,T-00837,V-0298,True,False,False,15.0,0.187,0.88,False,price_inflation
D-003279,B-003279,T-00837,V-0043,True,False,False,22.2,0.264,0.96,False,none
D-003280,B-003280,T-00837,V-0166,True,False,False,40.7,0.232,0.87,True,none
D-003281,B-003281,T-00838,V-0314,True,False,False,53.1,0.299,0.87,False,none
D-003282,B-003282,T-00838,V-0343,True,False,False,59.0,0.347,0.96,False,none
D-003283,B-003283,T-00839,V-0208,True,False,False,54.0,0.173,0.9,False,none
D-003284,B-003284,T-00839,V-0328,True,False,False,55.3,0.126,0.93,False,none
D-003285,B-003285,T-00840,V-0190,True,False,False,53.1,0.132,0.94,True,none
D-003286,B-003286,T-00840,V-0482,True,False,False,28.5,0.315,0.87,False,none
D-003287,B-003287,T-00841,V-0490,True,False,False,31.1,0.06,0.9,False,bid_suppression
D-003288,B-003288,T-00842,V-0345,True,False,False,53.6,0.181,0.9,False,none
D-003289,B-003289,T-00842,V-0167,True,False,False,51.6,0.125,0.91,False,none
D-003290,B-003290,T-00843,V-0094,True,False,False,20.0,0.179,1.0,False,bid_rigging
D-003291,B-003291,T-00843,V-0385,True,False,False,57.1,0.062,0.86,False,bid_rigging
D-003292,B-003292,T-00843,V-0496,True,False,False,76.0,0.31,0.87,False,bid_rigging
D-003293,B-003293,T-00844,V-0016,True,False,False,51.8,0.777,0.36,False,ai_generated_doc
D-003294,B-003294,T-00844,V-0163,True,False,False,48.0,0.065,0.96,False,none
D-003295,B-003295,T-00845,V-0427,False,False,False,28.7,0.286,0.93,True,shell_company
D-003296,B-003296,T-00845,V-0314,True,False,False,51.6,0.151,0.89,False,none
D-003297,B-003297,T-00845,V-0387,True,False,False,21.4,0.17,0.88,True,none
D-003298,B-003298,T-00845,V-0023,True,False,False,44.4,0.215,0.92,False,none
D-003299,B-003299,T-00846,V-0171,True,False,False,37.7,0.154,0.92,False,none
D-003300,B-003300,T-00846,V-0426,True,False,False,59.6,0.191,0.86,False,none
D-003301,B-003301,T-00846,V-0440,True,False,False,57.6,0.073,0.89,False,none
D-003302,B-003302,T-00846,V-0210,True,False,False,59.3,0.393,0.88,False,none
D-003303,B-003303,T-00847,V-0098,True,False,False,55.1,0.083,0.95,False,none
D-003304,B-003304,T-00847,V-0137,True,False,False,48.0,0.085,0.99,False,none
D-003305,B-003305,T-00847,V-0089,True,False,False,35.9,0.266,0.89,True,none
D-003306,B-003306,T-00847,V-0381,True,False,False,40.5,0.175,0.88,False,none
D-003307,B-003307,T-00847,V-0027,True,False,False,43.7,0.258,0.95,False,none
D-003308,B-003308,T-00848,V-0207,True,False,False,43.8,0.187,0.95,False,none
D-003309,B-003309,T-00848,V-0427,True,False,False,57.0,0.108,0.92,False,none
D-003310,B-003310,T-00848,V-0396,True,False,False,54.2,0.314,0.96,False,none
D-003311,B-003311,T-00848,V-0047,True,False,False,45.7,0.349,0.87,False,none
D-003312,B-003312,T-00849,V-0031,True,False,False,59.3,0.188,0.89,False,none
D-003313,B-003313,T-00849,V-0317,True,False,False,52.2,0.174,0.99,False,none
D-003314,B-003314,T-00849,V-0469,True,False,False,58.9,0.301,0.92,False,none
D-003315,B-003315,T-00849,V-0213,True,False,False,41.0,0.345,0.91,False,none
D-003316,B-003316,T-00849,V-0153,True,False,False,24.5,0.13,0.99,False,none
D-003317,B-003317,T-00849,V-0053,True,False,False,39.4,0.353,0.9,True,none
D-003318,B-003318,T-00850,V-0065,True,False,False,43.6,0.346,0.9,False,none
D-003319,B-003319,T-00850,V-0390,True,False,False,48.6,0.179,0.94,False,none
D-003320,B-003320,T-00850,V-0324,True,False,False,59.8,0.033,0.87,False,none
D-003321,B-003321,T-00850,V-0450,True,False,False,56.3,0.159,0.91,False,none
D-003322,B-003322,T-00850,V-0392,True,False,False,37.6,0.211,0.87,False,none
D-003323,B-003323,T-00851,V-0486,True,False,False,32.2,0.259,0.99,False,none
D-003324,B-003324,T-00851,V-0100,True,False,False,9.1,0.222,0.93,True,none
D-003325,B-003325,T-00851,V-0381,True,False,False,34.0,0.17,0.96,False,none
D-003326,B-003326,T-00851,V-0320,True,False,False,53.9,0.078,0.88,False,none
D-003327,B-003327,T-00851,V-0280,True,False,False,58.3,0.208,0.87,False,none
D-003328,B-003328,T-00852,V-0289,True,False,False,35.1,0.164,0.91,False,none
D-003329,B-003329,T-00852,V-0240,True,False,False,37.5,0.02,0.92,False,none
D-003330,B-003330,T-00852,V-0302,True,False,False,44.7,0.196,0.86,False,none
D-003331,B-003331,T-00852,V-0327,True,False,False,43.2,0.154,0.91,False,none
D-003332,B-003332,T-00853,V-0335,True,False,False,43.0,0.241,0.97,False,none
D-003333,B-003333,T-00853,V-0100,True,False,False,31.0,0.266,0.99,False,none
D-003334,B-003334,T-00853,V-0355,True,False,False,36.4,0.265,0.95,False,none
D-003335,B-003335,T-00853,V-0236,True,False,False,38.0,0.127,0.96,False,none
D-003336,B-003336,T-00853,V-0045,True,False,False,33.8,0.24,0.9,False,none
D-003337,B-003337,T-00853,V-0014,True,False,False,34.9,0.443,0.9,False,none
D-003338,B-003338,T-00854,V-0293,True,False,False,66.1,0.903,0.53,False,ai_generated_doc
D-003339,B-003339,T-00854,V-0106,True,False,False,32.9,0.209,1.0,False,none
D-003340,B-003340,T-00854,V-0060,True,False,False,45.2,0.189,0.95,False,none
D-003341,B-003341,T-00854,V-0067,True,False,False,52.4,0.096,1.0,False,none
D-003342,B-003342,T-00855,V-0306,True,False,False,41.3,0.124,0.87,False,none
D-003343,B-003343,T-00855,V-0055,True,False,False,44.9,0.191,0.93,False,none
D-003344,B-003344,T-00855,V-0235,True,False,False,60.7,0.143,0.92,False,none
D-003345,B-003345,T-00856,V-0092,True,False,False,68.4,0.301,0.89,False,none
D-003346,B-003346,T-00856,V-0328,True,False,False,44.7,0.061,0.85,False,none
D-003347,B-003347,T-00857,V-0210,True,False,False,38.4,0.284,0.94,False,none
D-003348,B-003348,T-00857,V-0349,True,False,False,56.9,0.327,0.92,False,none
D-003349,B-003349,T-00858,V-0179,True,False,False,31.4,0.103,0.93,False,none
D-003350,B-003350,T-00858,V-0402,True,False,False,36.0,0.351,0.97,True,none
D-003351,B-003351,T-00858,V-0395,True,False,False,42.7,0.253,0.9,True,none
D-003352,B-003352,T-00859,V-0118,True,False,False,64.7,0.332,0.95,False,none
D-003353,B-003353,T-00859,V-0139,True,False,False,50.4,0.231,0.99,False,price_inflation
D-003354,B-003354,T-00859,V-0497,True,False,False,56.5,0.291,1.0,True,none
D-003355,B-003355,T-00860,V-0442,True,False,False,31.2,0.118,0.85,False,none
D-003356,B-003356,T-00860,V-0222,True,False,False,47.8,0.153,0.88,False,price_inflation
D-003357,B-003357,T-00861,V-0335,True,False,False,31.1,0.146,0.97,False,none
D-003358,B-003358,T-00861,V-0363,True,False,False,38.3,0.035,0.91,False,none
D-003359,B-003359,T-00861,V-0302,True,False,False,21.7,0.071,0.87,False,none
D-003360,B-003360,T-00861,V-0339,True,False,False,73.9,0.046,0.95,False,none
D-003361,B-003361,T-00861,V-0336,True,False,False,38.0,0.027,0.93,True,none
D-003362,B-003362,T-00861,V-0042,True,False,False,62.0,0.442,0.94,True,none
D-003363,B-003363,T-00862,V-0132,True,False,False,52.6,0.344,0.95,False,none
D-003364,B-003364,T-00862,V-0256,True,False,False,63.9,0.179,0.86,False,none
D-003365,B-003365,T-00862,V-0458,True,False,False,64.6,0.803,0.38,False,ai_generated_doc
D-003366,B-003366,T-00863,V-0428,True,False,False,61.7,0.284,0.99,False,none
D-003367,B-003367,T-00863,V-0480,True,False,False,66.9,0.188,0.97,False,none
D-003368,B-003368,T-00863,V-0475,True,False,False,48.3,0.21,0.9,False,none
D-003369,B-003369,T-00863,V-0302,True,False,False,26.4,0.179,0.99,False,none
D-003370,B-003370,T-00863,V-0051,True,False,False,27.2,0.033,0.85,False,none
D-003371,B-003371,T-00864,V-0342,True,False,False,31.5,0.055,0.88,False,none
D-003372,B-003372,T-00864,V-0444,True,False,False,24.2,0.138,0.99,False,none
D-003373,B-003373,T-00864,V-0002,True,False,False,47.8,0.086,0.95,False,none
D-003374,B-003374,T-00864,V-0082,True,False,False,40.8,0.206,0.9,False,none
D-003375,B-003375,T-00864,V-0496,True,False,False,43.7,0.217,0.95,False,none
D-003376,B-003376,T-00865,V-0243,True,False,False,66.3,0.219,0.87,False,none
D-003377,B-003377,T-00865,V-0434,True,False,False,44.6,0.109,0.97,False,none
D-003378,B-003378,T-00865,V-0261,True,False,False,41.6,0.294,0.87,False,none
D-003379,B-003379,T-00865,V-0188,True,False,False,52.4,0.128,0.99,False,none
D-003380,B-003380,T-00865,V-0251,True,False,False,50.9,0.225,0.97,False,none
D-003381,B-003381,T-00866,V-0400,True,False,False,52.0,0.061,0.98,True,conflict_of_interest
D-003382,B-003382,T-00866,V-0127,True,False,False,36.8,0.064,0.9,False,none
D-003383,B-003383,T-00867,V-0210,True,False,False,48.3,0.125,0.87,False,none
D-003384,B-003384,T-00867,V-0305,True,False,False,48.6,0.363,0.9,False,none
D-003385,B-003385,T-00868,V-0165,True,False,False,35.8,0.08,0.9,False,none
D-003386,B-003386,T-00868,V-0089,True,False,False,55.7,0.16,0.91,False,none
D-003387,B-003387,T-00868,V-0387,True,False,False,57.0,0.303,0.99,False,none
D-003388,B-003388,T-00869,V-0298,True,False,False,48.6,0.281,0.91,False,none
D-003389,B-003389,T-00869,V-0277,True,False,False,43.8,0.261,0.98,False,none
D-003390,B-003390,T-00869,V-0305,True,False,False,32.3,0.2,0.85,False,price_inflation
D-003391,B-003391,T-00869,V-0360,True,False,False,26.3,0.347,0.98,False,none
D-003392,B-003392,T-00869,V-0314,True,False,False,50.1,0.138,0.96,False,none
D-003393,B-003393,T-00870,V-0233,True,False,False,32.1,0.237,0.88,False,none
D-003394,B-003394,T-00870,V-0079,True,False,False,46.8,0.192,0.96,False,none
D-003395,B-003395,T-00871,V-0243,True,False,False,32.5,0.404,0.99,False,none
D-003396,B-003396,T-00871,V-0011,True,False,False,39.1,0.169,0.89,False,none
D-003397,B-003397,T-00872,V-0260,True,False,False,35.8,0.152,0.92,False,none
D-003398,B-003398,T-00872,V-0331,True,False,False,11.2,0.102,0.92,False,none
D-003399,B-003399,T-00872,V-0489,True,False,False,18.2,0.118,0.96,False,none
D-003400,B-003400,T-00872,V-0492,True,False,False,38.6,0.237,0.9,False,none
D-003401,B-003401,T-00872,V-0215,True,False,False,50.9,0.092,0.93,False,none
D-003402,B-003402,T-00873,V-0248,True,False,False,36.8,0.388,0.95,False,none
D-003403,B-003403,T-00873,V-0069,True,False,False,51.1,0.092,0.98,False,none
D-003404,B-003404,T-00874,V-0392,True,False,False,34.4,0.267,0.93,False,conflict_of_interest
D-003405,B-003405,T-00874,V-0117,True,False,False,48.7,0.17,0.95,False,none
D-003406,B-003406,T-00875,V-0269,True,False,False,53.4,0.104,0.88,False,none
D-003407,B-003407,T-00875,V-0098,True,False,False,35.0,0.148,0.9,False,none
D-003408,B-003408,T-00875,V-0183,True,False,False,49.0,0.046,0.92,False,none
D-003409,B-003409,T-00876,V-0190,True,False,False,44.5,0.204,0.99,False,none
D-003410,B-003410,T-00876,V-0455,True,False,False,40.1,0.274,0.98,False,none
D-003411,B-003411,T-00876,V-0400,True,False,False,45.7,0.115,0.92,False,none
D-003412,B-003412,T-00877,V-0067,True,False,False,48.4,0.036,0.88,False,none
D-003413,B-003413,T-00877,V-0472,True,False,False,55.6,0.181,0.99,False,none
D-003414,B-003414,T-00877,V-0422,True,False,False,32.2,0.277,0.98,False,none
D-003415,B-003415,T-00877,V-0003,True,False,False,31.7,0.104,0.88,False,none
D-003416,B-003416,T-00877,V-0405,True,False,False,41.3,0.117,0.86,False,none
D-003417,B-003417,T-00877,V-0475,True,False,False,41.0,0.348,0.86,False,none
D-003418,B-003418,T-00878,V-0228,False,False,False,47.8,0.118,0.98,False,shell_company
D-003419,B-003419,T-00878,V-0483,True,False,False,44.5,0.165,1.0,False,none
D-003420,B-003420,T-00878,V-0168,True,False,False,52.8,0.04,0.94,False,none
D-003421,B-003421,T-00878,V-0124,True,False,False,33.4,0.232,0.97,True,none
D-003422,B-003422,T-00879,V-0011,True,False,False,38.2,0.026,0.98,False,none
D-003423,B-003423,T-00879,V-0197,True,False,False,55.7,0.2,0.92,False,price_inflation
D-003424,B-003424,T-00879,V-0113,True,False,False,51.8,0.161,0.87,False,none
D-003425,B-003425,T-00880,V-0128,True,False,False,43.3,0.382,0.86,False,none
D-003426,B-003426,T-00880,V-0476,True,False,False,57.7,0.161,1.0,False,none
D-003427,B-003427,T-00880,V-0469,True,False,False,51.5,0.129,0.94,False,none
D-003428,B-003428,T-00880,V-0462,True,False,False,27.4,0.246,0.87,False,none
D-003429,B-003429,T-00880,V-0122,True,False,False,47.5,0.529,0.99,False,none
D-003430,B-003430,T-00881,V-0427,True,False,False,46.6,0.096,1.0,False,none
D-003431,B-003431,T-00881,V-0214,True,False,False,39.7,0.296,1.0,False,none
D-003432,B-003432,T-00882,V-0219,True,False,False,30.5,0.507,0.91,True,none
D-003433,B-003433,T-00882,V-0007,True,False,False,34.1,0.194,0.91,False,none
D-003434,B-003434,T-00882,V-0193,True,False,False,51.2,0.121,0.95,False,none
D-003435,B-003435,T-00882,V-0034,True,False,False,46.5,0.225,0.94,False,none
D-003436,B-003436,T-00882,V-0372,True,False,False,42.8,0.035,0.9,False,none
D-003437,B-003437,T-00882,V-0024,True,False,False,46.0,0.083,0.99,False,none
D-003438,B-003438,T-00883,V-0071,True,False,False,43.7,0.021,0.95,False,price_inflation
D-003439,B-003439,T-00883,V-0183,True,False,False,47.7,0.116,0.96,False,none
D-003440,B-003440,T-00884,V-0154,True,False,False,41.1,0.267,0.88,False,none
D-003441,B-003441,T-00884,V-0235,True,False,False,61.8,0.241,0.95,True,none
D-003442,B-003442,T-00884,V-0396,True,False,False,38.5,0.193,0.95,False,none
D-003443,B-003443,T-00884,V-0428,True,False,False,43.9,0.092,0.9,False,none
D-003444,B-003444,T-00885,V-0140,True,False,False,25.9,0.033,0.94,False,none
D-003445,B-003445,T-00885,V-0040,True,False,False,50.6,0.059,0.86,False,none
D-003446,B-003446,T-00886,V-0055,True,False,False,39.8,0.128,0.89,False,none
D-003447,B-003447,T-00886,V-0167,True,False,False,32.5,0.229,0.85,False,none
D-003448,B-003448,T-00886,V-0273,True,False,False,53.1,0.085,0.92,False,none
D-003449,B-003449,T-00886,V-0173,True,False,False,50.3,0.151,0.95,False,none
D-003450,B-003450,T-00886,V-0161,True,False,False,72.6,0.041,0.89,False,none
D-003451,B-003451,T-00886,V-0234,True,False,False,45.4,0.071,0.9,True,none
D-003452,B-003452,T-00887,V-0476,True,False,False,31.4,0.566,0.94,False,none
D-003453,B-003453,T-00887,V-0113,True,False,False,46.8,0.18,0.91,False,none
D-003454,B-003454,T-00887,V-0434,True,False,False,54.8,0.279,0.92,False,none
D-003455,B-003455,T-00888,V-0222,True,False,False,60.5,0.025,0.85,False,none
D-003456,B-003456,T-00888,V-0200,True,False,False,55.9,0.088,0.88,False,none
D-003457,B-003457,T-00888,V-0094,True,False,False,42.5,0.173,0.92,False,none
D-003458,B-003458,T-00888,V-0463,True,False,False,56.1,0.177,0.98,False,none
D-003459,B-003459,T-00888,V-0451,True,False,False,47.5,0.357,0.88,False,none
D-003460,B-003460,T-00888,V-0353,True,False,False,30.9,0.198,0.88,False,none
D-003461,B-003461,T-00889,V-0460,True,False,False,31.7,0.165,0.96,False,none
D-003462,B-003462,T-00889,V-0207,True,False,False,41.1,0.39,0.88,False,none
D-003463,B-003463,T-00889,V-0195,True,False,False,48.1,0.262,0.97,False,none
D-003464,B-003464,T-00890,V-0429,True,False,False,37.3,0.234,0.86,False,none
D-003465,B-003465,T-00890,V-0118,True,False,False,72.2,0.107,0.94,False,none
D-003466,B-003466,T-00891,V-0048,True,False,False,39.2,0.449,0.88,False,bid_suppression
D-003467,B-003467,T-00892,V-0108,True,False,False,46.1,0.227,0.9,False,none
D-003468,B-003468,T-00892,V-0191,True,False,False,38.7,0.089,0.96,False,none
D-003469,B-003469,T-00892,V-0316,True,False,False,66.7,0.348,0.93,False,none
D-003470,B-003470,T-00893,V-0220,True,False,False,23.2,0.511,0.99,False,none
D-003471,B-003471,T-00893,V-0050,True,False,False,33.9,0.244,1.0,False,none
D-003472,B-003472,T-00893,V-0192,True,False,False,63.0,0.125,0.92,False,none
D-003473,B-003473,T-00893,V-0074,True,False,False,40.1,0.364,0.88,False,none
D-003474,B-003474,T-00894,V-0318,True,False,False,61.4,0.035,0.93,False,none
D-003475,B-003475,T-00894,V-0415,True,False,False,48.2,0.112,0.96,False,none
D-003476,B-003476,T-00894,V-0460,True,False,False,33.9,0.083,0.96,False,none
D-003477,B-003477,T-00894,V-0073,True,False,False,44.5,0.355,0.88,False,none
D-003478,B-003478,T-00894,V-0116,True,False,False,47.3,0.105,0.99,False,none
D-003479,B-003479,T-00894,V-0000,True,False,False,32.8,0.1,0.89,False,none
D-003480,B-003480,T-00895,V-0314,True,False,False,77.0,0.145,1.0,False,none
D-003481,B-003481,T-00895,V-0151,True,False,False,55.4,0.243,0.93,False,none
D-003482,B-003482,T-00896,V-0496,True,False,False,26.4,0.109,1.0,False,none
D-003483,B-003483,T-00896,V-0215,True,False,False,39.8,0.228,0.97,False,none
D-003484,B-003484,T-00896,V-0364,True,False,False,38.9,0.256,0.88,False,none
D-003485,B-003485,T-00896,V-0219,True,False,False,26.9,0.271,0.95,True,none
D-003486,B-003486,T-00896,V-0174,True,False,False,62.4,0.419,1.0,False,none
D-003487,B-003487,T-00897,V-0079,True,False,False,59.5,0.276,0.91,False,price_inflation
D-003488,B-003488,T-00897,V-0067,True,False,False,29.7,0.267,0.98,False,none
D-003489,B-003489,T-00898,V-0104,True,False,False,48.4,0.412,0.88,False,none
D-003490,B-003490,T-00898,V-0171,True,False,False,33.5,0.105,0.91,True,none
D-003491,B-003491,T-00898,V-0125,True,False,False,32.7,0.134,0.97,False,none
D-003492,B-003492,T-00898,V-0069,True,False,False,59.2,0.317,0.97,False,none
D-003493,B-003493,T-00898,V-0077,True,False,False,36.0,0.198,0.86,False,none
D-003494,B-003494,T-00899,V-0146,True,False,False,43.3,0.072,0.88,False,none
D-003495,B-003495,T-00899,V-0433,True,False,False,56.8,0.125,0.89,False,none
D-003496,B-003496,T-00900,V-0395,True,False,False,43.6,0.227,0.85,False,none
D-003497,B-003497,T-00900,V-0465,True,False,False,36.8,0.131,0.89,False,none
D-003498,B-003498,T-00900,V-0125,True,False,False,49.0,0.24,0.89,False,none
D-003499,B-003499,T-00900,V-0291,True,False,False,42.9,0.223,0.87,False,none
D-003500,B-003500,T-00901,V-0328,True,False,False,40.5,0.235,0.93,False,conflict_of_interest
D-003501,B-003501,T-00901,V-0366,True,False,False,41.8,0.174,0.9,False,none
D-003502,B-003502,T-00901,V-0132,True,False,False,55.3,0.316,0.91,False,none
D-003503,B-003503,T-00901,V-0052,True,False,False,59.6,0.237,0.98,False,none
D-003504,B-003504,T-00902,V-0083,True,False,False,37.7,0.371,0.92,False,none
D-003505,B-003505,T-00902,V-0358,True,False,False,29.6,0.232,0.99,False,none
D-003506,B-003506,T-00902,V-0219,True,False,False,37.2,0.208,0.95,False,none
D-003507,B-003507,T-00902,V-0201,True,False,False,28.8,0.139,0.97,False,none
D-003508,B-003508,T-00903,V-0250,True,False,False,28.7,0.089,0.89,False,none
D-003509,B-003509,T-00903,V-0486,True,False,False,43.0,0.172,1.0,False,none
D-003510,B-003510,T-00903,V-0427,True,False,False,37.7,0.681,0.97,False,none
D-003511,B-003511,T-00904,V-0218,True,False,False,39.6,0.087,0.89,False,none
D-003512,B-003512,T-00904,V-0081,True,False,False,34.1,0.217,1.0,False,none
D-003513,B-003513,T-00904,V-0084,True,False,False,37.9,0.095,0.94,False,none
D-003514,B-003514,T-00904,V-0142,True,False,False,43.0,0.093,0.93,False,none
D-003515,B-003515,T-00904,V-0416,True,False,False,47.9,0.072,0.98,False,none
D-003516,B-003516,T-00904,V-0410,True,False,False,33.8,0.251,0.89,False,none
D-003517,B-003517,T-00905,V-0443,True,False,False,73.7,0.699,0.46,False,ai_generated_doc
D-003518,B-003518,T-00905,V-0215,True,False,False,47.2,0.127,0.95,False,none
D-003519,B-003519,T-00906,V-0131,True,False,False,68.4,0.181,0.92,False,none
D-003520,B-003520,T-00906,V-0350,True,False,False,34.0,0.107,0.95,False,none
D-003521,B-003521,T-00906,V-0449,True,False,False,41.2,0.097,0.95,False,none
D-003522,B-003522,T-00907,V-0149,True,False,False,56.0,0.277,0.94,False,none
D-003523,B-003523,T-00907,V-0457,True,False,False,48.2,0.194,0.92,False,none
D-003524,B-003524,T-00907,V-0252,True,False,False,45.1,0.308,0.96,False,none
D-003525,B-003525,T-00908,V-0059,True,False,False,51.3,0.155,0.99,False,none
D-003526,B-003526,T-00908,V-0442,True,False,False,32.4,0.574,0.95,False,none
D-003527,B-003527,T-00908,V-0266,True,False,False,57.1,0.404,0.92,True,none
D-003528,B-003528,T-00908,V-0149,True,False,False,39.3,0.069,0.94,False,none
D-003529,B-003529,T-00909,V-0355,True,False,False,38.5,0.107,0.94,False,none
D-003530,B-003530,T-00909,V-0028,True,False,False,12.9,0.632,0.94,False,none
D-003531,B-003531,T-00909,V-0474,True,False,False,68.3,0.159,0.95,False,none
D-003532,B-003532,T-00910,V-0343,True,False,False,63.1,0.256,0.97,False,none
D-003533,B-003533,T-00910,V-0071,True,False,False,57.2,0.253,0.91,False,none
D-003534,B-003534,T-00910,V-0434,True,False,False,53.1,0.085,0.9,False,none
D-003535,B-003535,T-00911,V-0149,True,False,False,51.4,0.212,0.94,False,none
D-003536,B-003536,T-00911,V-0257,True,False,False,49.7,0.337,0.91,False,none
D-003537,B-003537,T-00911,V-0470,True,False,False,47.5,0.199,0.99,False,none
D-003538,B-003538,T-00911,V-0137,True,False,False,49.0,0.413,0.92,False,none
D-003539,B-003539,T-00911,V-0064,True,False,False,68.6,0.037,0.94,False,none
D-003540,B-003540,T-00911,V-0198,True,False,False,22.1,0.182,0.94,False,none
D-003541,B-003541,T-00912,V-0327,True,False,False,52.0,0.376,0.92,False,none
D-003542,B-003542,T-00912,V-0346,True,False,False,33.9,0.062,0.88,False,none
D-003543,B-003543,T-00912,V-0129,True,False,False,32.1,0.13,0.98,False,none
D-003544,B-003544,T-00912,V-0310,True,False,False,38.1,0.304,0.92,False,none
D-003545,B-003545,T-00913,V-0390,True,False,False,46.3,0.293,0.92,False,none
D-003546,B-003546,T-00913,V-0443,True,False,False,56.1,0.416,0.47,False,ai_generated_doc
D-003547,B-003547,T-00913,V-0047,True,False,False,55.1,0.186,0.9,False,none
D-003548,B-003548,T-00913,V-0464,True,False,False,66.3,0.154,0.99,False,none
D-003549,B-003549,T-00914,V-0146,True,False,False,48.9,0.041,0.91,True,none
D-003550,B-003550,T-00914,V-0130,True,False,False,6.3,0.067,1.0,False,none
D-003551,B-003551,T-00915,V-0174,True,False,False,66.9,0.184,0.87,False,none
D-003552,B-003552,T-00915,V-0038,True,False,False,49.0,0.11,0.88,False,none
D-003553,B-003553,T-00915,V-0351,True,False,False,55.4,0.214,0.9,False,none
D-003554,B-003554,T-00915,V-0109,True,False,False,33.1,0.251,0.92,False,none
D-003555,B-003555,T-00915,V-0426,True,False,False,58.6,0.03,0.95,False,none
D-003556,B-003556,T-00915,V-0169,True,False,False,31.4,0.451,0.96,False,none
D-003557,B-003557,T-00916,V-0229,True,False,False,32.8,0.22,0.97,False,none
D-003558,B-003558,T-00916,V-0056,True,False,False,61.9,0.072,0.92,False,none
D-003559,B-003559,T-00916,V-0249,True,False,False,43.6,0.19,0.96,False,none
D-003560,B-003560,T-00916,V-0430,True,False,False,49.5,0.157,0.97,False,none
D-003561,B-003561,T-00917,V-0247,True,False,False,45.0,0.18,0.85,False,none
D-003562,B-003562,T-00917,V-0359,True,False,False,51.2,0.237,0.86,False,none
D-003563,B-003563,T-00917,V-0052,True,False,False,60.6,0.134,0.96,False,none
D-003564,B-003564,T-00918,V-0423,True,False,False,27.6,0.157,0.96,False,none
D-003565,B-003565,T-00918,V-0425,True,False,False,40.3,0.155,0.97,False,none
D-003566,B-003566,T-00918,V-0197,True,False,False,58.2,0.495,0.89,False,none
D-003567,B-003567,T-00918,V-0224,True,False,False,25.0,0.152,0.86,False,none
D-003568,B-003568,T-00918,V-0182,True,False,False,40.8,0.186,0.88,False,none
D-003569,B-003569,T-00919,V-0178,True,False,False,66.5,0.344,0.88,False,none
D-003570,B-003570,T-00919,V-0216,True,False,False,48.1,0.099,0.93,False,none
D-003571,B-003571,T-00919,V-0167,True,False,False,35.5,0.242,0.99,False,none
D-003572,B-003572,T-00919,V-0225,True,False,False,58.1,0.05,0.92,False,none
D-003573,B-003573,T-00919,V-0361,True,False,False,34.8,0.242,0.89,False,none
D-003574,B-003574,T-00919,V-0076,True,False,False,33.3,0.47,0.95,False,none
D-003575,B-003575,T-00920,V-0276,True,False,False,42.3,0.304,0.99,False,none
D-003576,B-003576,T-00920,V-0416,True,False,False,58.4,0.062,0.85,False,none
D-003577,B-003577,T-00920,V-0137,True,False,False,57.8,0.191,0.96,False,none
D-003578,B-003578,T-00920,V-0475,True,False,False,49.9,0.285,0.92,False,price_inflation
D-003579,B-003579,T-00921,V-0130,True,False,False,53.8,0.311,0.93,False,none
D-003580,B-003580,T-00921,V-0162,True,False,False,35.4,0.49,0.89,False,none
D-003581,B-003581,T-00921,V-0035,True,False,False,61.4,0.554,0.92,False,none
D-003582,B-003582,T-00922,V-0239,True,False,False,31.0,0.08,0.87,False,none
D-003583,B-003583,T-00922,V-0418,True,False,False,49.3,0.046,0.97,False,none
D-003584,B-003584,T-00922,V-0097,True,False,False,52.1,0.139,0.89,False,none
D-003585,B-003585,T-00922,V-0481,True,False,False,39.5,0.09,0.86,False,none
D-003586,B-003586,T-00922,V-0468,True,False,False,50.4,0.146,1.0,False,none
D-003587,B-003587,T-00922,V-0003,True,False,False,32.0,0.116,0.99,False,none
D-003588,B-003588,T-00923,V-0163,True,False,False,47.3,0.086,0.93,False,none
D-003589,B-003589,T-00923,V-0065,True,False,False,48.1,0.325,0.91,False,none
D-003590,B-003590,T-00923,V-0354,True,False,False,38.3,0.276,0.89,False,none
D-003591,B-003591,T-00924,V-0037,True,False,False,51.0,0.433,0.88,False,none
D-003592,B-003592,T-00924,V-0024,True,False,False,49.5,0.162,0.9,False,none
D-003593,B-003593,T-00924,V-0423,True,False,False,53.1,0.032,0.93,False,none
D-003594,B-003594,T-00925,V-0240,True,False,False,54.1,0.146,0.99,False,none
D-003595,B-003595,T-00925,V-0048,True,False,False,49.1,0.284,0.97,False,none
D-003596,B-003596,T-00925,V-0387,True,False,False,34.9,0.123,1.0,False,none
D-003597,B-003597,T-00925,V-0316,True,False,False,64.2,0.516,0.9,False,none
D-003598,B-003598,T-00925,V-0427,True,False,False,42.1,0.072,0.85,False,none
D-003599,B-003599,T-00926,V-0268,True,False,False,51.5,0.187,0.85,False,none
D-003600,B-003600,T-00926,V-0437,True,False,False,34.8,0.256,1.0,False,none
D-003601,B-003601,T-00926,V-0120,True,False,False,46.2,0.068,0.9,False,none
D-003602,B-003602,T-00926,V-0099,True,False,False,52.9,0.187,0.97,False,none
D-003603,B-003603,T-00926,V-0147,True,False,False,66.3,0.209,0.86,False,none
D-003604,B-003604,T-00927,V-0065,True,False,False,64.0,0.061,0.9,False,none
D-003605,B-003605,T-00927,V-0428,True,False,False,34.4,0.094,0.89,False,none
D-003606,B-003606,T-00927,V-0045,True,False,False,49.4,0.176,0.95,False,none
D-003607,B-003607,T-00928,V-0390,True,False,False,36.9,0.388,0.9,False,none
D-003608,B-003608,T-00928,V-0058,True,False,False,34.6,0.43,0.99,False,none
D-003609,B-003609,T-00929,V-0035,True,False,False,52.7,0.123,0.87,False,none
D-003610,B-003610,T-00929,V-0203,True,False,False,19.3,0.197,0.96,False,none
D-003611,B-003611,T-00930,V-0342,True,False,False,50.3,0.256,0.95,True,none
D-003612,B-003612,T-00930,V-0133,True,False,False,28.2,0.184,0.89,False,none
D-003613,B-003613,T-00930,V-0432,True,False,False,48.0,0.209,0.88,False,none
D-003614,B-003614,T-00931,V-0457,True,False,False,43.9,0.1,0.98,False,none
D-003615,B-003615,T-00931,V-0045,True,False,False,71.5,0.177,1.0,False,none
D-003616,B-003616,T-00931,V-0307,True,False,False,45.6,0.226,0.91,False,none
D-003617,B-003617,T-00931,V-0095,True,False,False,37.7,0.147,0.86,False,none
D-003618,B-003618,T-00931,V-0055,True,False,False,46.8,0.259,0.9,False,none
D-003619,B-003619,T-00932,V-0354,True,False,False,71.3,0.324,0.99,False,none
D-003620,B-003620,T-00932,V-0071,True,False,False,52.9,0.22,0.86,False,none
D-003621,B-003621,T-00932,V-0418,True,False,False,50.1,0.1,0.87,False,none
D-003622,B-003622,T-00932,V-0336,True,False,False,35.3,0.056,0.94,False,none
D-003623,B-003623,T-00932,V-0208,True,False,False,38.9,0.133,0.9,False,none
D-003624,B-003624,T-00933,V-0076,True,False,True,65.0,0.161,0.85,False,bid_rigging
D-003625,B-003625,T-00933,V-0166,True,False,True,47.4,0.125,0.96,False,bid_rigging
D-003626,B-003626,T-00933,V-0355,True,False,False,33.6,0.129,0.9,False,bid_rigging
D-003627,B-003627,T-00933,V-0382,True,False,False,40.6,0.206,0.98,False,bid_rigging
D-003628,B-003628,T-00934,V-0450,True,False,False,58.2,0.282,0.88,False,none
D-003629,B-003629,T-00934,V-0330,True,False,False,55.5,0.143,0.9,False,none
D-003630,B-003630,T-00935,V-0415,True,False,False,56.9,0.051,1.0,False,none
D-003631,B-003631,T-00935,V-0006,True,False,False,49.1,0.275,0.92,False,none
D-003632,B-003632,T-00935,V-0045,True,False,False,20.5,0.4,0.93,False,none
D-003633,B-003633,T-00936,V-0028,True,False,False,48.1,0.079,0.87,True,shell_company
D-003634,B-003634,T-00936,V-0438,True,False,False,38.6,0.354,1.0,False,none
D-003635,B-003635,T-00936,V-0422,True,False,False,36.0,0.499,0.93,False,none
D-003636,B-003636,T-00937,V-0319,True,False,False,45.7,0.114,1.0,False,none
D-003637,B-003637,T-00937,V-0349,True,False,False,52.9,0.134,0.87,False,none
D-003638,B-003638,T-00937,V-0025,True,False,False,43.3,0.162,0.91,False,none
D-003639,B-003639,T-00938,V-0273,True,False,False,30.1,0.214,0.89,False,none
D-003640,B-003640,T-00938,V-0469,True,False,False,32.6,0.098,0.99,False,none
D-003641,B-003641,T-00938,V-0329,True,False,False,41.2,0.229,0.98,False,none
D-003642,B-003642,T-00939,V-0155,True,False,False,32.8,0.139,0.99,False,none
D-003643,B-003643,T-00939,V-0399,True,False,False,39.9,0.082,0.92,False,none
D-003644,B-003644,T-00939,V-0234,True,False,False,44.8,0.28,0.91,False,none
D-003645,B-003645,T-00939,V-0457,True,False,False,68.2,0.231,0.91,False,none
D-003646,B-003646,T-00939,V-0357,True,False,False,33.2,0.08,0.9,False,none
D-003647,B-003647,T-00939,V-0131,True,False,False,48.8,0.164,0.94,False,none
D-003648,B-003648,T-00940,V-0316,True,False,False,34.3,0.197,0.96,True,none
D-003649,B-003649,T-00940,V-0257,True,False,False,37.0,0.279,0.94,False,none
D-003650,B-003650,T-00940,V-0148,True,False,False,26.9,0.435,0.93,False,none
D-003651,B-003651,T-00940,V-0071,True,False,False,54.6,0.082,0.92,False,none
D-003652,B-003652,T-00940,V-0048,True,False,False,35.4,0.13,0.95,False,none
D-003653,B-003653,T-00941,V-0260,True,False,False,27.4,0.283,0.86,False,none
D-003654,B-003654,T-00941,V-0253,True,False,False,47.6,0.27,0.95,False,none
D-003655,B-003655,T-00942,V-0269,True,False,False,37.6,0.067,0.93,False,none
D-003656,B-003656,T-00942,V-0463,True,False,False,41.0,0.314,0.93,False,none
D-003657,B-003657,T-00942,V-0340,True,False,False,55.4,0.014,0.93,False,none
D-003658,B-003658,T-00942,V-0341,True,False,False,32.4,0.205,0.87,False,none
D-003659,B-003659,T-00942,V-0183,True,False,False,46.8,0.536,0.92,True,none
D-003660,B-003660,T-00942,V-0012,True,False,False,36.1,0.257,0.93,False,none
D-003661,B-003661,T-00943,V-0329,True,False,False,22.1,0.123,0.94,False,none
D-003662,B-003662,T-00943,V-0203,True,False,False,55.0,0.134,0.9,False,none
D-003663,B-003663,T-00943,V-0043,True,False,False,39.9,0.106,0.97,False,none
D-003664,B-003664,T-00943,V-0486,True,False,False,40.5,0.05,0.95,False,none
D-003665,B-003665,T-00943,V-0202,True,False,False,59.1,0.286,0.87,False,none
D-003666,B-003666,T-00944,V-0318,True,False,False,65.9,0.162,0.91,False,none
D-003667,B-003667,T-00944,V-0244,True,False,False,65.3,0.815,0.25,False,ai_generated_doc
D-003668,B-003668,T-00944,V-0245,True,False,False,47.3,0.282,0.98,False,none
D-003669,B-003669,T-00944,V-0238,True,False,False,45.4,0.28,0.87,False,none
D-003670,B-003670,T-00945,V-0488,True,False,False,34.2,0.218,0.88,False,shell_company
D-003671,B-003671,T-00945,V-0168,True,False,False,51.3,0.459,0.95,False,none
D-003672,B-003672,T-00945,V-0247,True,False,False,47.5,0.382,0.85,False,none
D-003673,B-003673,T-00946,V-0228,False,False,False,58.7,0.26,0.97,False,shell_company
D-003674,B-003674,T-00946,V-0219,True,False,False,45.8,0.083,0.94,False,none
D-003675,B-003675,T-00946,V-0020,True,False,False,36.8,0.367,0.94,False,none
D-003676,B-003676,T-00946,V-0028,True,False,False,44.3,0.166,0.9,False,none
D-003677,B-003677,T-00947,V-0119,True,False,False,41.7,0.183,0.93,False,bid_suppression
D-003678,B-003678,T-00948,V-0076,True,False,False,35.9,0.027,0.98,False,bid_rigging
D-003679,B-003679,T-00948,V-0166,True,False,False,50.9,0.057,0.9,False,bid_rigging
D-003680,B-003680,T-00948,V-0355,True,False,True,35.5,0.278,1.0,False,bid_rigging
D-003681,B-003681,T-00948,V-0382,True,False,False,35.3,0.087,0.89,False,bid_rigging
D-003682,B-003682,T-00949,V-0196,True,False,False,65.6,0.183,0.95,False,none
D-003683,B-003683,T-00949,V-0086,True,False,False,30.4,0.413,0.89,False,none
D-003684,B-003684,T-00950,V-0333,True,False,False,63.4,0.296,0.92,False,none
D-003685,B-003685,T-00950,V-0363,True,False,False,45.5,0.091,0.93,False,none
D-003686,B-003686,T-00950,V-0216,True,False,False,8.9,0.133,0.88,False,none
D-003687,B-003687,T-00950,V-0071,True,False,False,39.2,0.038,0.91,False,none
D-003688,B-003688,T-00950,V-0132,True,False,False,34.7,0.375,0.97,False,none
D-003689,B-003689,T-00951,V-0461,True,False,False,65.6,0.1,0.93,False,none
D-003690,B-003690,T-00951,V-0208,True,False,False,60.8,0.409,0.94,False,none
D-003691,B-003691,T-00951,V-0347,True,False,False,48.9,0.404,0.93,False,none
D-003692,B-003692,T-00951,V-0397,True,False,False,24.1,0.171,0.89,False,none
D-003693,B-003693,T-00952,V-0194,True,False,False,34.6,0.085,1.0,False,none
D-003694,B-003694,T-00952,V-0335,True,False,False,56.0,0.145,0.9,False,none
D-003695,B-003695,T-00952,V-0219,True,False,False,36.9,0.045,0.97,True,none
D-003696,B-003696,T-00952,V-0458,True,False,False,49.3,0.022,0.88,False,none
D-003697,B-003697,T-00953,V-0483,True,False,False,60.1,0.373,0.95,False,none
D-003698,B-003698,T-00953,V-0219,True,False,False,66.2,0.043,0.87,False,none
D-003699,B-003699,T-00953,V-0322,True,False,False,36.8,0.1,0.93,False,none
D-003700,B-003700,T-00953,V-0081,True,False,False,51.8,0.186,0.96,False,none
D-003701,B-003701,T-00953,V-0437,True,False,False,38.4,0.207,0.93,False,none
D-003702,B-003702,T-00953,V-0213,True,False,False,57.9,0.06,0.86,False,none
D-003703,B-003703,T-00954,V-0394,True,False,False,46.8,0.241,0.9,False,none
D-003704,B-003704,T-00954,V-0411,True,False,False,60.7,0.283,0.99,False,none
D-003705,B-003705,T-00954,V-0312,True,False,False,47.7,0.369,0.91,True,none
D-003706,B-003706,T-00954,V-0287,True,False,False,39.0,0.126,0.98,False,none
D-003707,B-003707,T-00954,V-0111,True,False,False,21.5,0.327,0.88,False,none
D-003708,B-003708,T-00955,V-0237,True,False,False,39.0,0.461,1.0,False,none
D-003709,B-003709,T-00955,V-0084,True,False,False,36.9,0.01,0.88,False,none
D-003710,B-003710,T-00955,V-0375,True,False,False,36.5,0.359,0.99,False,none
D-003711,B-003711,T-00955,V-0421,True,False,False,51.4,0.015,0.93,False,none
D-003712,B-003712,T-00955,V-0004,True,False,False,32.1,0.105,0.97,False,none
D-003713,B-003713,T-00956,V-0341,True,False,False,31.6,0.044,0.96,False,none
D-003714,B-003714,T-00956,V-0321,True,False,False,49.2,0.386,0.93,False,none
D-003715,B-003715,T-00956,V-0496,True,False,False,53.3,0.213,0.96,False,none
D-003716,B-003716,T-00956,V-0351,True,False,False,51.2,0.271,0.93,False,none
D-003717,B-003717,T-00957,V-0153,True,False,False,46.0,0.159,0.9,False,none
D-003718,B-003718,T-00957,V-0175,True,False,False,50.5,0.347,0.98,True,none
D-003719,B-003719,T-00958,V-0071,True,False,False,53.3,0.349,0.89,False,none
D-003720,B-003720,T-00958,V-0465,True,False,False,36.3,0.108,0.86,False,none
D-003721,B-003721,T-00959,V-0317,True,False,False,57.5,0.258,0.93,False,none
D-003722,B-003722,T-00959,V-0439,True,False,False,44.8,0.154,1.0,False,none
D-003723,B-003723,T-00959,V-0426,True,False,False,34.3,0.162,0.94,False,none
D-003724,B-003724,T-00959,V-0388,True,False,False,52.7,0.242,0.97,False,none
D-003725,B-003725,T-00959,V-0169,True,False,False,45.0,0.218,0.91,False,none
D-003726,B-003726,T-00960,V-0463,True,False,False,47.8,0.258,0.91,False,none
D-003727,B-003727,T-00960,V-0093,True,False,False,56.7,0.144,0.87,False,none
D-003728,B-003728,T-00960,V-0412,True,False,False,54.3,0.016,0.93,False,none
D-003729,B-003729,T-00960,V-0341,True,False,False,41.1,0.191,0.92,False,none
D-003730,B-003730,T-00960,V-0176,True,False,False,51.6,0.313,0.99,False,none
D-003731,B-003731,T-00961,V-0299,True,False,False,46.7,0.244,0.97,False,none
D-003732,B-003732,T-00961,V-0118,True,False,False,60.7,0.253,0.89,False,none
D-003733,B-003733,T-00962,V-0352,True,False,False,47.1,0.234,0.94,False,none
D-003734,B-003734,T-00962,V-0232,True,False,False,57.7,0.227,0.91,False,none
D-003735,B-003735,T-00962,V-0357,True,False,False,30.2,0.408,0.92,False,none
D-003736,B-003736,T-00963,V-0433,True,False,False,52.2,0.161,0.88,False,none
D-003737,B-003737,T-00963,V-0044,True,False,False,67.3,0.043,0.97,False,none
D-003738,B-003738,T-00963,V-0341,True,False,False,30.8,0.173,0.93,False,none
D-003739,B-003739,T-00964,V-0046,True,False,False,42.9,0.083,0.87,False,bid_rigging
D-003740,B-003740,T-00964,V-0250,True,False,True,57.0,0.145,0.92,False,bid_rigging
D-003741,B-003741,T-00964,V-0264,True,False,False,43.0,0.099,0.95,True,bid_rigging
D-003742,B-003742,T-00964,V-0449,True,False,True,51.1,0.109,0.9,False,bid_rigging
D-003743,B-003743,T-00965,V-0159,True,False,False,54.4,0.134,0.86,False,none
D-003744,B-003744,T-00965,V-0171,True,False,False,60.7,0.124,0.99,False,none
D-003745,B-003745,T-00966,V-0298,True,False,False,36.6,0.098,0.99,False,conflict_of_interest
D-003746,B-003746,T-00966,V-0116,True,False,False,48.7,0.366,0.85,False,none
D-003747,B-003747,T-00966,V-0347,True,False,False,39.7,0.218,0.97,False,none
D-003748,B-003748,T-00967,V-0228,True,False,False,54.7,0.364,0.87,False,shell_company
D-003749,B-003749,T-00967,V-0077,True,False,False,42.3,0.496,0.96,True,none
D-003750,B-003750,T-00967,V-0029,True,False,False,41.2,0.018,0.89,False,none
D-003751,B-003751,T-00967,V-0074,True,False,False,27.3,0.145,0.91,False,none
D-003752,B-003752,T-00968,V-0032,True,False,False,45.0,0.243,0.99,False,none
D-003753,B-003753,T-00968,V-0056,True,False,False,59.4,0.159,0.91,False,none
D-003754,B-003754,T-00968,V-0367,True,False,False,35.2,0.123,0.85,False,none
D-003755,B-003755,T-00968,V-0169,True,False,False,9.7,0.116,0.98,False,none
D-003756,B-003756,T-00968,V-0149,True,False,False,31.6,0.215,0.85,False,none
D-003757,B-003757,T-00968,V-0302,True,False,False,27.5,0.278,0.96,False,none
D-003758,B-003758,T-00969,V-0347,True,False,False,51.7,0.299,0.87,False,none
D-003759,B-003759,T-00969,V-0328,True,False,False,56.6,0.043,0.9,False,none
D-003760,B-003760,T-00970,V-0309,True,False,False,37.6,0.134,0.92,False,none
D-003761,B-003761,T-00970,V-0064,True,False,False,39.4,0.274,0.88,False,none
D-003762,B-003762,T-00970,V-0199,True,False,False,45.3,0.111,0.94,True,none
D-003763,B-003763,T-00970,V-0462,True,False,False,45.9,0.226,0.9,False,none
D-003764,B-003764,T-00970,V-0400,True,False,False,44.4,0.499,0.96,False,none
D-003765,B-003765,T-00971,V-0303,True,False,False,56.2,0.541,0.55,False,ai_generated_doc
D-003766,B-003766,T-00971,V-0281,True,False,False,55.8,0.275,0.96,False,none
D-003767,B-003767,T-00972,V-0036,True,False,False,66.4,0.133,0.89,False,bid_rigging
D-003768,B-003768,T-00972,V-0058,True,False,True,10.1,0.045,0.92,False,bid_rigging
D-003769,B-003769,T-00972,V-0099,True,False,False,52.5,0.114,0.97,False,bid_rigging
D-003770,B-003770,T-00972,V-0379,True,False,False,40.8,0.372,0.89,False,bid_rigging
D-003771,B-003771,T-00972,V-0410,True,False,False,52.0,0.066,0.9,False,bid_rigging
D-003772,B-003772,T-00973,V-0036,True,False,False,32.2,0.329,0.89,False,bid_rigging
D-003773,B-003773,T-00973,V-0058,True,False,False,30.3,0.178,0.98,False,bid_rigging
D-003774,B-003774,T-00973,V-0099,True,False,True,43.7,0.118,0.91,False,bid_rigging
D-003775,B-003775,T-00973,V-0379,True,False,True,32.0,0.109,0.94,False,bid_rigging
D-003776,B-003776,T-00973,V-0410,True,False,False,46.9,0.228,0.93,False,bid_rigging
D-003777,B-003777,T-00974,V-0122,True,False,False,22.7,0.064,0.95,False,none
D-003778,B-003778,T-00974,V-0403,True,False,False,35.2,0.02,0.86,False,none
D-003779,B-003779,T-00974,V-0217,True,False,False,55.6,0.547,0.85,False,none
D-003780,B-003780,T-00975,V-0051,True,False,False,70.6,0.207,0.98,False,none
D-003781,B-003781,T-00975,V-0124,True,False,False,42.4,0.233,0.93,False,none
D-003782,B-003782,T-00975,V-0125,True,False,False,48.8,0.245,0.86,True,none
D-003783,B-003783,T-00975,V-0143,True,False,False,23.7,0.165,0.89,False,none
D-003784,B-003784,T-00976,V-0378,True,False,False,52.9,0.297,0.93,False,none
D-003785,B-003785,T-00976,V-0100,True,False,False,32.4,0.266,0.87,True,none
D-003786,B-003786,T-00976,V-0350,True,False,False,43.7,0.246,0.88,False,none
D-003787,B-003787,T-00976,V-0374,True,False,False,55.4,0.084,0.87,False,none
D-003788,B-003788,T-00976,V-0039,True,False,False,38.9,0.156,0.87,False,none
D-003789,B-003789,T-00976,V-0451,True,False,False,32.5,0.056,0.98,False,none
D-003790,B-003790,T-00977,V-0361,True,False,False,46.7,0.185,0.94,False,none
D-003791,B-003791,T-00977,V-0156,True,False,False,33.9,0.367,0.98,False,none
D-003792,B-003792,T-00977,V-0331,True,False,False,51.3,0.194,0.9,False,none
D-003793,B-003793,T-00977,V-0248,True,False,False,61.7,0.317,0.88,False,none
D-003794,B-003794,T-00977,V-0219,True,False,False,42.2,0.091,0.94,False,none
D-003795,B-003795,T-00977,V-0246,True,False,False,58.0,0.113,0.94,False,none
D-003796,B-003796,T-00978,V-0053,True,False,False,44.6,0.09,0.91,False,none
D-003797,B-003797,T-00978,V-0092,True,False,False,51.9,0.161,0.92,False,none
D-003798,B-003798,T-00978,V-0110,True,False,False,53.2,0.089,0.94,False,none
D-003799,B-003799,T-00978,V-0234,True,False,False,50.3,0.214,0.88,False,none
D-003800,B-003800,T-00979,V-0241,True,False,False,53.2,0.278,0.97,False,none
D-003801,B-003801,T-00979,V-0072,True,False,False,28.4,0.108,0.95,False,none
D-003802,B-003802,T-00979,V-0315,True,False,False,41.7,0.129,0.99,False,none
D-003803,B-003803,T-00979,V-0202,True,False,False,56.2,0.188,0.87,False,none
D-003804,B-003804,T-00979,V-0176,True,False,False,41.3,0.32,0.94,False,none
D-003805,B-003805,T-00979,V-0173,True,False,False,30.4,0.239,0.92,False,none
D-003806,B-003806,T-00980,V-0465,False,False,False,42.7,0.367,0.92,True,shell_company
D-003807,B-003807,T-00980,V-0391,True,False,False,52.2,0.233,0.91,False,none
D-003808,B-003808,T-00980,V-0424,True,False,False,35.0,0.177,0.94,False,none
D-003809,B-003809,T-00981,V-0084,True,False,False,46.7,0.14,0.99,False,none
D-003810,B-003810,T-00981,V-0373,True,False,False,58.6,0.304,0.86,False,none
D-003811,B-003811,T-00982,V-0403,True,False,False,51.8,0.09,0.89,False,none
D-003812,B-003812,T-00982,V-0200,True,False,False,30.6,0.199,0.86,False,price_inflation
D-003813,B-003813,T-00982,V-0453,True,False,False,28.6,0.176,0.94,False,none
D-003814,B-003814,T-00982,V-0195,True,False,False,30.4,0.228,0.93,False,none
D-003815,B-003815,T-00983,V-0307,True,False,False,17.9,0.172,0.93,False,none
D-003816,B-003816,T-00983,V-0203,True,False,False,44.5,0.264,0.89,False,none
D-003817,B-003817,T-00984,V-0198,True,False,False,41.2,0.242,0.98,False,none
D-003818,B-003818,T-00984,V-0303,True,False,False,31.7,0.16,0.99,False,none
D-003819,B-003819,T-00984,V-0261,True,False,False,54.1,0.336,0.92,False,none
D-003820,B-003820,T-00984,V-0462,True,False,False,57.0,0.288,0.91,False,none
D-003821,B-003821,T-00984,V-0247,True,False,False,67.9,0.087,0.94,False,none
D-003822,B-003822,T-00984,V-0474,True,False,False,76.1,0.369,0.92,False,none
D-003823,B-003823,T-00985,V-0338,True,False,False,78.3,0.747,0.57,False,ai_generated_doc
D-003824,B-003824,T-00985,V-0329,True,False,False,50.4,0.053,0.99,True,none
D-003825,B-003825,T-00986,V-0380,True,False,False,75.2,0.633,0.97,False,bid_suppression
D-003826,B-003826,T-00987,V-0087,True,False,False,70.7,0.215,0.89,False,none
D-003827,B-003827,T-00987,V-0065,True,False,False,56.5,0.095,0.9,False,none
D-003828,B-003828,T-00987,V-0262,True,False,False,46.1,0.166,0.87,False,none
D-003829,B-003829,T-00987,V-0080,True,False,False,28.6,0.07,0.99,False,price_inflation
D-003830,B-003830,T-00987,V-0143,True,False,False,78.2,0.358,0.92,False,none
D-003831,B-003831,T-00988,V-0161,True,False,False,36.7,0.396,0.85,False,none
D-003832,B-003832,T-00988,V-0082,True,False,False,45.0,0.036,0.91,False,none
D-003833,B-003833,T-00989,V-0182,True,False,False,44.1,0.291,0.91,False,none
D-003834,B-003834,T-00989,V-0264,True,False,False,36.6,0.283,0.88,False,none
D-003835,B-003835,T-00989,V-0377,True,False,False,44.6,0.334,1.0,False,none
D-003836,B-003836,T-00989,V-0048,True,False,False,48.1,0.26,0.98,False,none
D-003837,B-003837,T-00989,V-0283,True,False,False,50.6,0.074,0.99,False,none
D-003838,B-003838,T-00990,V-0383,False,False,False,55.0,0.162,0.91,True,shell_company
D-003839,B-003839,T-00990,V-0490,True,False,False,33.4,0.167,0.96,False,none
D-003840,B-003840,T-00990,V-0187,True,False,False,47.6,0.079,0.95,False,none
D-003841,B-003841,T-00991,V-0293,True,False,False,47.0,0.254,0.99,False,none
D-003842,B-003842,T-00991,V-0429,True,False,False,28.5,0.066,0.88,False,none
D-003843,B-003843,T-00992,V-0357,True,False,False,38.0,0.037,0.98,False,none
D-003844,B-003844,T-00992,V-0024,True,False,False,41.3,0.328,0.98,False,none
D-003845,B-003845,T-00992,V-0058,True,False,False,38.4,0.167,0.94,False,none
D-003846,B-003846,T-00993,V-0215,True,False,False,41.8,0.122,0.95,True,none
D-003847,B-003847,T-00993,V-0471,True,False,False,41.9,0.19,0.91,False,none
D-003848,B-003848,T-00993,V-0061,True,False,False,52.4,0.177,0.92,False,none
D-003849,B-003849,T-00994,V-0124,True,False,False,38.7,0.263,0.95,False,none
D-003850,B-003850,T-00994,V-0243,True,False,False,27.1,0.331,0.89,False,none
D-003851,B-003851,T-00995,V-0355,True,False,False,80.3,0.402,0.97,False,none
D-003852,B-003852,T-00995,V-0215,True,False,False,44.5,0.028,0.91,False,none
D-003853,B-003853,T-00995,V-0462,True,False,False,55.8,0.244,0.98,False,none
D-003854,B-003854,T-00995,V-0495,True,False,False,56.9,0.048,0.95,False,none
D-003855,B-003855,T-00996,V-0054,True,False,False,42.6,0.205,0.94,False,none
D-003856,B-003856,T-00996,V-0224,True,False,False,42.0,0.092,0.87,False,none
D-003857,B-003857,T-00996,V-0414,True,False,False,55.4,0.108,0.92,False,none
D-003858,B-003858,T-00996,V-0139,True,False,False,47.2,0.146,0.99,False,none
D-003859,B-003859,T-00997,V-0207,True,False,False,54.6,0.033,0.97,False,none
D-003860,B-003860,T-00997,V-0415,True,False,False,43.5,0.261,0.91,True,none
D-003861,B-003861,T-00997,V-0019,True,False,False,33.7,0.113,0.92,False,none
D-003862,B-003862,T-00998,V-0119,True,False,False,52.3,0.164,0.92,True,none
D-003863,B-003863,T-00998,V-0048,True,False,False,35.6,0.237,0.86,False,none
D-003864,B-003864,T-00998,V-0160,True,False,False,35.7,0.149,0.91,False,none
D-003865,B-003865,T-00998,V-0199,True,False,False,40.7,0.57,0.91,False,none
D-003866,B-003866,T-00999,V-0185,True,False,False,51.0,0.106,0.94,False,none
D-003867,B-003867,T-00999,V-0451,True,False,False,31.6,0.088,1.0,False,none
D-003868,B-003868,T-00999,V-0403,True,False,False,43.9,0.15,0.97,False,none
D-003869,B-003869,T-00999,V-0296,True,False,False,35.7,0.066,0.96,False,none
D-003870,B-003870,T-01000,V-0168,True,False,False,57.2,0.164,0.86,True,none
D-003871,B-003871,T-01000,V-0333,True,False,False,24.5,0.26,0.87,False,none
D-003872,B-003872,T-01000,V-0484,True,False,False,39.8,0.065,0.89,True,none
D-003873,B-003873,T-01001,V-0244,True,False,False,37.9,0.218,0.99,False,none
D-003874,B-003874,T-01001,V-0354,True,False,False,30.9,0.177,0.92,False,none
D-003875,B-003875,T-01002,V-0333,True,False,False,30.5,0.181,0.9,False,none
D-003876,B-003876,T-01002,V-0087,True,False,False,25.1,0.103,0.87,False,none
D-003877,B-003877,T-01002,V-0330,True,False,False,33.9,0.211,0.94,False,none
D-003878,B-003878,T-01003,V-0222,True,False,False,38.0,0.117,0.93,False,none
D-003879,B-003879,T-01003,V-0160,True,False,False,42.9,0.128,0.87,False,none
D-003880,B-003880,T-01003,V-0157,True,False,False,26.2,0.071,0.98,True,none
D-003881,B-003881,T-01004,V-0080,True,False,False,44.9,0.171,0.96,False,none
D-003882,B-003882,T-01004,V-0354,True,False,False,43.5,0.172,0.95,False,none
D-003883,B-003883,T-01005,V-0060,True,False,False,26.2,0.393,0.97,False,none
D-003884,B-003884,T-01005,V-0342,True,False,False,52.2,0.347,0.88,False,none
D-003885,B-003885,T-01006,V-0052,True,False,False,62.1,0.185,0.96,False,none
D-003886,B-003886,T-01006,V-0158,True,False,False,47.0,0.123,0.9,False,none
D-003887,B-003887,T-01006,V-0253,True,False,False,43.8,0.377,0.95,False,none
D-003888,B-003888,T-01006,V-0179,True,False,False,51.5,0.075,0.97,False,none
D-003889,B-003889,T-01007,V-0028,True,False,False,80.5,0.228,0.98,False,none
D-003890,B-003890,T-01007,V-0260,True,False,False,41.2,0.059,0.89,False,none
D-003891,B-003891,T-01007,V-0465,True,False,False,36.3,0.278,0.98,False,none
D-003892,B-003892,T-01007,V-0422,True,False,False,30.0,0.208,0.87,False,none
D-003893,B-003893,T-01007,V-0091,True,False,False,54.9,0.085,0.89,False,none
D-003894,B-003894,T-01007,V-0197,True,False,False,40.1,0.129,0.94,False,none
D-003895,B-003895,T-01008,V-0339,True,False,False,32.1,0.28,0.94,False,none
D-003896,B-003896,T-01008,V-0479,True,False,False,42.7,0.549,0.86,False,none
D-003897,B-003897,T-01008,V-0216,True,False,False,42.5,0.153,0.93,True,none
D-003898,B-003898,T-01008,V-0307,True,False,False,52.7,0.301,0.91,False,none
D-003899,B-003899,T-01008,V-0088,True,False,False,44.8,0.271,0.96,False,none
D-003900,B-003900,T-01008,V-0396,True,False,False,30.7,0.225,0.96,False,none
D-003901,B-003901,T-01009,V-0334,True,False,False,45.5,0.166,0.95,False,none
D-003902,B-003902,T-01009,V-0323,True,False,False,31.5,0.047,0.98,False,none
D-003903,B-003903,T-01009,V-0439,True,False,False,60.2,0.234,0.87,False,none
D-003904,B-003904,T-01009,V-0076,True,False,False,46.1,0.25,1.0,False,none
D-003905,B-003905,T-01010,V-0131,True,False,False,22.9,0.18,0.89,False,none
D-003906,B-003906,T-01010,V-0106,True,False,False,48.3,0.045,0.99,False,none
D-003907,B-003907,T-01010,V-0241,True,False,False,35.8,0.298,0.95,False,none
D-003908,B-003908,T-01011,V-0089,True,False,False,46.5,0.095,0.99,False,none
D-003909,B-003909,T-01011,V-0145,True,False,False,57.0,0.288,0.91,False,none
D-003910,B-003910,T-01011,V-0127,True,False,False,49.3,0.151,0.88,False,none
D-003911,B-003911,T-01011,V-0372,True,False,False,47.4,0.18,0.91,False,none
D-003912,B-003912,T-01012,V-0324,True,False,False,38.1,0.056,0.87,False,none
D-003913,B-003913,T-01012,V-0462,True,False,False,52.3,0.121,0.93,True,none
D-003914,B-003914,T-01012,V-0479,True,False,False,51.2,0.072,0.89,False,none
D-003915,B-003915,T-01012,V-0267,True,False,False,40.8,0.139,0.88,False,none
D-003916,B-003916,T-01012,V-0413,True,False,False,57.1,0.271,0.97,False,none
D-003917,B-003917,T-01012,V-0318,True,False,False,31.9,0.246,0.98,False,none
D-003918,B-003918,T-01013,V-0410,True,False,False,33.2,0.163,0.94,False,none
D-003919,B-003919,T-01013,V-0281,True,False,False,54.3,0.072,0.92,False,none
D-003920,B-003920,T-01014,V-0108,True,False,False,41.6,0.08,0.99,False,none
D-003921,B-003921,T-01014,V-0478,True,False,False,44.8,0.135,0.99,False,none
D-003922,B-003922,T-01014,V-0140,True,False,False,42.3,0.167,0.95,False,none
D-003923,B-003923,T-01014,V-0145,True,False,False,15.3,0.113,0.94,False,none
D-003924,B-003924,T-01014,V-0378,True,False,False,55.6,0.055,0.97,False,none
D-003925,B-003925,T-01015,V-0446,True,False,False,57.0,0.284,0.95,False,none
D-003926,B-003926,T-01015,V-0442,True,False,False,28.7,0.088,0.91,False,none
D-003927,B-003927,T-01016,V-0493,True,False,False,42.6,0.259,0.98,False,price_inflation
D-003928,B-003928,T-01016,V-0388,True,False,False,30.8,0.255,0.94,False,none
D-003929,B-003929,T-01017,V-0039,True,False,False,50.0,0.066,0.94,False,none
D-003930,B-003930,T-01017,V-0277,True,False,False,34.9,0.231,0.9,False,none
D-003931,B-003931,T-01017,V-0372,True,False,False,56.3,0.233,0.93,False,none
D-003932,B-003932,T-01017,V-0258,True,False,False,27.7,0.125,0.87,False,none
D-003933,B-003933,T-01018,V-0294,True,False,False,38.9,0.263,0.99,False,none
D-003934,B-003934,T-01018,V-0264,True,False,False,35.5,0.181,0.89,False,none
D-003935,B-003935,T-01018,V-0167,True,False,False,26.3,0.125,0.99,False,none
D-003936,B-003936,T-01018,V-0009,True,False,False,27.7,0.03,1.0,False,none
D-003937,B-003937,T-01018,V-0452,True,False,False,51.9,0.126,0.86,False,none
D-003938,B-003938,T-01019,V-0425,True,False,False,46.6,0.135,0.93,True,none
D-003939,B-003939,T-01019,V-0359,True,False,False,70.4,0.137,0.92,False,none
D-003940,B-003940,T-01019,V-0274,True,False,False,65.0,0.333,0.99,False,none
D-003941,B-003941,T-01019,V-0300,True,False,False,71.1,0.372,0.9,False,none
D-003942,B-003942,T-01019,V-0085,True,False,False,30.5,0.367,0.88,False,none
D-003943,B-003943,T-01020,V-0389,True,False,False,36.2,0.084,0.92,False,none
D-003944,B-003944,T-01020,V-0387,True,False,False,42.6,0.175,0.89,False,none
D-003945,B-003945,T-01020,V-0127,True,False,False,18.3,0.117,0.97,False,none
D-003946,B-003946,T-01020,V-0264,True,False,False,51.3,0.15,0.86,False,none
D-003947,B-003947,T-01020,V-0331,True,False,False,48.5,0.073,0.89,False,none
D-003948,B-003948,T-01021,V-0224,True,False,False,16.1,0.186,0.97,False,none
D-003949,B-003949,T-01021,V-0281,True,False,False,35.5,0.214,0.91,False,none
D-003950,B-003950,T-01021,V-0295,True,False,False,42.3,0.162,0.9,False,none
D-003951,B-003951,T-01022,V-0464,True,False,False,35.0,0.114,0.95,False,none
D-003952,B-003952,T-01022,V-0444,True,False,False,49.2,0.253,0.93,False,none
D-003953,B-003953,T-01022,V-0462,True,False,False,38.6,0.098,0.87,False,none
D-003954,B-003954,T-01023,V-0382,True,False,False,32.1,0.096,0.88,False,none
D-003955,B-003955,T-01023,V-0216,True,False,False,61.3,0.615,0.48,False,ai_generated_doc
D-003956,B-003956,T-01023,V-0110,True,False,False,19.7,0.192,0.89,False,none
D-003957,B-003957,T-01024,V-0100,True,False,False,62.8,0.063,0.92,False,none
D-003958,B-003958,T-01024,V-0113,True,False,False,25.5,0.092,0.93,False,price_inflation
D-003959,B-003959,T-01024,V-0189,True,False,False,40.4,0.349,0.9,False,none
D-003960,B-003960,T-01025,V-0453,True,False,False,46.0,0.38,0.94,False,none
D-003961,B-003961,T-01025,V-0219,True,False,False,54.2,0.365,0.85,False,none
D-003962,B-003962,T-01025,V-0088,True,False,False,29.1,0.266,0.94,False,none
D-003963,B-003963,T-01025,V-0345,True,False,False,35.5,0.33,0.92,False,none
D-003964,B-003964,T-01025,V-0211,True,False,False,37.1,0.521,0.85,False,none
D-003965,B-003965,T-01026,V-0313,True,False,False,55.9,0.2,0.86,False,none
D-003966,B-003966,T-01026,V-0139,True,False,False,26.9,0.056,0.89,False,none
D-003967,B-003967,T-01026,V-0350,True,False,False,52.4,0.239,1.0,False,none
D-003968,B-003968,T-01026,V-0146,True,False,False,35.3,0.052,0.89,False,none
D-003969,B-003969,T-01027,V-0199,True,False,False,58.5,0.117,0.9,False,none
D-003970,B-003970,T-01027,V-0238,True,False,False,43.9,0.362,0.9,False,none
D-003971,B-003971,T-01027,V-0214,True,False,False,43.2,0.335,0.99,False,none
D-003972,B-003972,T-01027,V-0285,True,False,False,59.2,0.164,0.93,False,none
D-003973,B-003973,T-01027,V-0243,True,False,False,37.1,0.047,0.9,False,none
D-003974,B-003974,T-01028,V-0333,True,False,False,32.1,0.332,0.91,False,none
D-003975,B-003975,T-01028,V-0397,True,False,False,27.9,0.033,0.97,False,none
D-003976,B-003976,T-01028,V-0106,True,False,False,49.6,0.242,0.86,False,none
D-003977,B-003977,T-01029,V-0203,True,False,False,42.6,0.197,0.99,False,none
D-003978,B-003978,T-01029,V-0182,True,False,False,36.2,0.159,0.91,False,none
D-003979,B-003979,T-01029,V-0371,True,False,False,57.9,0.075,0.96,False,none
D-003980,B-003980,T-01029,V-0259,True,False,False,50.8,0.403,0.95,False,none
D-003981,B-003981,T-01030,V-0442,True,False,False,46.9,0.137,0.93,False,none
D-003982,B-003982,T-01030,V-0346,True,False,False,51.1,0.182,0.98,False,none
D-003983,B-003983,T-01030,V-0066,True,False,False,57.3,0.188,0.86,False,none
D-003984,B-003984,T-01031,V-0377,True,False,False,34.4,0.148,0.85,False,none
D-003985,B-003985,T-01031,V-0040,True,False,False,54.4,0.339,0.96,False,none
D-003986,B-003986,T-01031,V-0035,True,False,False,41.9,0.021,0.85,False,none
D-003987,B-003987,T-01031,V-0030,True,False,False,75.1,0.258,0.99,False,none
D-003988,B-003988,T-01031,V-0376,True,False,False,29.6,0.25,0.86,False,none
D-003989,B-003989,T-01031,V-0125,True,False,False,53.0,0.086,0.97,False,none
D-003990,B-003990,T-01032,V-0205,True,False,False,35.0,0.163,1.0,False,none
D-003991,B-003991,T-01032,V-0218,True,False,False,53.5,0.191,1.0,False,none
D-003992,B-003992,T-01032,V-0039,True,False,False,14.7,0.096,0.85,False,none
D-003993,B-003993,T-01032,V-0159,True,False,False,71.2,0.269,0.87,False,none
D-003994,B-003994,T-01033,V-0210,True,False,False,38.0,0.046,0.88,False,none
D-003995,B-003995,T-01033,V-0204,True,False,False,44.0,0.162,0.89,False,none
D-003996,B-003996,T-01033,V-0343,True,False,False,45.9,0.333,0.91,False,none
D-003997,B-003997,T-01033,V-0333,True,False,False,34.0,0.216,0.92,False,none
D-003998,B-003998,T-01033,V-0439,True,False,False,26.6,0.28,0.86,False,none
D-003999,B-003999,T-01033,V-0400,True,False,False,53.9,0.392,0.96,False,none
D-004000,B-004000,T-01034,V-0373,True,False,False,53.9,0.371,0.89,False,none
D-004001,B-004001,T-01034,V-0092,True,False,False,30.2,0.184,0.87,False,none
D-004002,B-004002,T-01035,V-0319,True,False,False,49.5,0.221,0.87,False,none
D-004003,B-004003,T-01035,V-0273,True,False,False,40.2,0.082,0.88,False,none
D-004004,B-004004,T-01035,V-0216,True,False,False,47.0,0.12,0.97,False,none
D-004005,B-004005,T-01036,V-0094,True,False,False,69.9,0.384,0.95,False,bid_rigging
D-004006,B-004006,T-01036,V-0385,True,False,False,36.3,0.15,0.99,False,bid_rigging
D-004007,B-004007,T-01036,V-0496,True,False,True,45.2,0.263,0.99,False,bid_rigging
D-004008,B-004008,T-01037,V-0144,True,False,False,54.3,0.329,0.98,False,none
D-004009,B-004009,T-01037,V-0052,True,False,False,20.8,0.148,0.99,False,none
D-004010,B-004010,T-01037,V-0008,True,False,False,62.2,0.269,0.9,False,none
D-004011,B-004011,T-01037,V-0476,True,False,False,34.4,0.105,0.87,False,none
D-004012,B-004012,T-01038,V-0245,True,False,False,44.0,0.199,0.99,False,none
D-004013,B-004013,T-01038,V-0154,True,False,False,54.1,0.116,0.99,False,none
D-004014,B-004014,T-01038,V-0048,True,False,False,33.5,0.036,0.93,False,none
D-004015,B-004015,T-01038,V-0104,True,False,False,43.2,0.149,0.96,False,none
D-004016,B-004016,T-01038,V-0046,True,False,False,48.6,0.352,0.91,False,none
D-004017,B-004017,T-01039,V-0397,True,False,False,54.5,0.134,0.93,False,none
D-004018,B-004018,T-01039,V-0275,True,False,False,52.2,0.147,0.88,False,none
D-004019,B-004019,T-01039,V-0186,True,False,False,30.8,0.308,0.89,False,none
D-004020,B-004020,T-01039,V-0326,True,False,False,66.7,0.337,0.96,False,none
D-004021,B-004021,T-01039,V-0085,True,False,False,39.3,0.228,0.9,False,none
D-004022,B-004022,T-01039,V-0355,True,False,False,50.4,0.178,0.86,False,none
D-004023,B-004023,T-01040,V-0091,True,False,False,40.5,0.042,1.0,False,none
D-004024,B-004024,T-01040,V-0110,True,False,False,58.3,0.619,0.89,False,none
D-004025,B-004025,T-01040,V-0275,True,False,False,51.3,0.101,0.86,False,none
D-004026,B-004026,T-01040,V-0105,True,False,False,53.2,0.218,0.99,False,none
D-004027,B-004027,T-01040,V-0482,True,False,False,34.4,0.154,0.86,False,none
D-004028,B-004028,T-01040,V-0437,True,False,False,63.3,0.248,0.98,False,none
D-004029,B-004029,T-01041,V-0294,True,False,False,53.1,0.114,0.9,False,none
D-004030,B-004030,T-01041,V-0237,True,False,False,58.6,0.899,0.37,False,ai_generated_doc
D-004031,B-004031,T-01041,V-0381,True,False,False,51.6,0.65,0.93,False,none
D-004032,B-004032,T-01041,V-0430,True,False,False,27.4,0.221,0.97,False,none
D-004033,B-004033,T-01042,V-0185,True,False,False,50.8,0.211,0.91,False,price_inflation
D-004034,B-004034,T-01042,V-0100,True,False,False,54.9,0.033,0.96,False,none
D-004035,B-004035,T-01042,V-0434,True,False,False,47.9,0.634,0.95,False,none
D-004036,B-004036,T-01042,V-0027,True,False,False,51.5,0.143,0.98,False,none
D-004037,B-004037,T-01043,V-0163,True,False,False,22.5,0.166,0.99,False,none
D-004038,B-004038,T-01043,V-0233,True,False,False,50.5,0.142,0.91,False,none
D-004039,B-004039,T-01043,V-0208,True,False,False,25.3,0.093,1.0,False,none
D-004040,B-004040,T-01043,V-0379,True,False,False,75.2,0.178,0.92,False,none
D-004041,B-004041,T-01044,V-0136,True,False,False,55.5,0.185,0.86,False,none
D-004042,B-004042,T-01044,V-0174,True,False,False,64.2,0.205,0.9,False,none
D-004043,B-004043,T-01044,V-0078,True,False,False,31.5,0.258,0.95,False,none
D-004044,B-004044,T-01044,V-0028,True,False,False,22.6,0.206,0.94,False,none
D-004045,B-004045,T-01044,V-0213,True,False,False,42.1,0.184,0.95,False,none
D-004046,B-004046,T-01044,V-0157,True,False,False,59.1,0.173,0.93,False,none
D-004047,B-004047,T-01045,V-0207,True,False,False,38.6,0.349,0.93,False,none
D-004048,B-004048,T-01045,V-0274,True,False,False,46.4,0.204,0.92,True,none
D-004049,B-004049,T-01046,V-0475,True,False,False,40.7,0.156,0.94,False,none
D-004050,B-004050,T-01046,V-0326,True,False,False,33.7,0.229,0.87,False,none
D-004051,B-004051,T-01046,V-0205,True,False,False,50.3,0.251,0.95,False,none
D-004052,B-004052,T-01046,V-0087,True,False,False,31.7,0.227,0.88,False,none
D-004053,B-004053,T-01047,V-0338,True,False,False,33.7,0.276,0.99,False,none
D-004054,B-004054,T-01047,V-0409,True,False,False,39.8,0.112,0.98,False,none
D-004055,B-004055,T-01047,V-0324,True,False,False,40.2,0.203,1.0,False,none
D-004056,B-004056,T-01048,V-0094,True,False,False,15.5,0.137,0.89,False,bid_rigging
D-004057,B-004057,T-01048,V-0385,True,False,True,39.7,0.035,0.94,False,bid_rigging
D-004058,B-004058,T-01048,V-0496,True,False,False,41.7,0.185,0.88,False,bid_rigging
D-004059,B-004059,T-01049,V-0346,True,False,False,39.1,0.396,0.92,False,none
D-004060,B-004060,T-01049,V-0262,True,False,False,62.4,0.134,0.96,False,none
D-004061,B-004061,T-01049,V-0452,True,False,False,33.9,0.141,0.94,False,none
D-004062,B-004062,T-01049,V-0473,True,False,False,44.0,0.115,0.94,False,none
D-004063,B-004063,T-01050,V-0433,True,False,False,55.9,0.086,0.91,False,none
D-004064,B-004064,T-01050,V-0153,True,False,False,42.9,0.181,0.93,False,none
D-004065,B-004065,T-01050,V-0453,True,False,False,27.1,0.115,0.92,False,none
D-004066,B-004066,T-01050,V-0244,True,False,False,44.4,0.304,0.86,False,none
D-004067,B-004067,T-01051,V-0169,True,False,False,40.4,0.071,0.89,False,none
D-004068,B-004068,T-01051,V-0223,True,False,False,61.2,0.046,0.99,False,none
D-004069,B-004069,T-01051,V-0200,True,False,False,44.3,0.194,0.99,False,none
D-004070,B-004070,T-01051,V-0493,True,False,False,61.3,0.042,0.96,False,none
D-004071,B-004071,T-01051,V-0352,True,False,False,39.1,0.192,0.98,False,none
D-004072,B-004072,T-01051,V-0132,True,False,False,41.8,0.154,0.92,False,none
D-004073,B-004073,T-01052,V-0319,True,False,False,59.6,0.192,0.88,False,none
D-004074,B-004074,T-01052,V-0424,True,False,False,55.4,0.088,0.87,False,none
D-004075,B-004075,T-01052,V-0121,True,False,False,35.3,0.073,0.9,False,none
D-004076,B-004076,T-01052,V-0037,True,False,False,34.9,0.319,0.96,False,none
D-004077,B-004077,T-01052,V-0105,True,False,False,56.9,0.241,0.92,False,none
D-004078,B-004078,T-01052,V-0199,True,False,False,60.9,0.276,0.98,False,none
D-004079,B-004079,T-01053,V-0385,True,False,False,40.0,0.579,0.9,False,none
D-004080,B-004080,T-01053,V-0295,True,False,False,38.9,0.276,0.92,False,none
D-004081,B-004081,T-01054,V-0300,True,False,False,33.1,0.079,0.91,False,none
D-004082,B-004082,T-01054,V-0408,True,False,False,43.2,0.38,0.87,False,none
D-004083,B-004083,T-01054,V-0391,True,False,False,39.1,0.522,0.91,False,none
D-004084,B-004084,T-01054,V-0165,True,False,False,64.1,0.203,0.87,False,none
D-004085,B-004085,T-01054,V-0373,True,False,False,48.1,0.219,0.95,False,none
D-004086,B-004086,T-01054,V-0125,True,False,False,50.1,0.169,0.93,False,none
D-004087,B-004087,T-01055,V-0242,True,False,False,50.8,0.098,0.92,False,none
D-004088,B-004088,T-01055,V-0110,True,False,False,50.0,0.125,0.86,False,none
D-004089,B-004089,T-01055,V-0327,True,False,False,31.6,0.146,0.96,False,none
D-004090,B-004090,T-01055,V-0028,True,False,False,25.1,0.288,0.91,False,none
D-004091,B-004091,T-01055,V-0419,True,False,False,40.7,0.256,0.86,False,none
D-004092,B-004092,T-01056,V-0303,True,False,False,22.9,0.089,0.97,False,none
D-004093,B-004093,T-01056,V-0456,True,False,False,29.2,0.222,0.9,False,none
D-004094,B-004094,T-01056,V-0085,True,False,False,55.0,0.323,0.87,False,none
D-004095,B-004095,T-01057,V-0269,True,False,False,36.1,0.244,0.93,False,none
D-004096,B-004096,T-01057,V-0111,True,False,False,31.1,0.269,0.92,False,none
D-004097,B-004097,T-01058,V-0348,True,False,False,56.6,0.183,0.96,False,none
D-004098,B-004098,T-01058,V-0482,True,False,False,47.7,0.099,0.98,False,none
D-004099,B-004099,T-01058,V-0425,True,False,False,68.1,0.335,1.0,False,none
D-004100,B-004100,T-01058,V-0216,True,False,False,39.2,0.165,0.88,False,none
D-004101,B-004101,T-01059,V-0166,True,False,False,50.1,0.022,0.86,True,none
D-004102,B-004102,T-01059,V-0425,True,False,False,54.2,0.147,0.86,False,none
D-004103,B-004103,T-01059,V-0294,True,False,False,51.0,0.043,0.89,False,none
D-004104,B-004104,T-01059,V-0243,True,False,False,67.5,0.071,0.89,False,none
D-004105,B-004105,T-01059,V-0171,True,False,False,34.7,0.282,0.96,False,none
D-004106,B-004106,T-01059,V-0075,True,False,False,38.6,0.122,0.86,True,none
D-004107,B-004107,T-01060,V-0361,True,False,False,55.5,0.167,0.89,False,none
D-004108,B-004108,T-01060,V-0325,True,False,False,34.5,0.22,0.96,False,price_inflation
D-004109,B-004109,T-01061,V-0228,True,False,False,38.2,0.077,0.93,False,conflict_of_interest
D-004110,B-004110,T-01061,V-0317,True,False,False,28.2,0.259,0.89,False,none
D-004111,B-004111,T-01061,V-0253,True,False,False,27.1,0.205,0.97,False,none
D-004112,B-004112,T-01061,V-0217,True,False,False,85.3,0.082,1.0,False,none
D-004113,B-004113,T-01062,V-0467,True,False,False,43.4,0.12,0.9,False,none
D-004114,B-004114,T-01062,V-0414,True,False,False,34.3,0.245,0.87,False,none
D-004115,B-004115,T-01063,V-0490,False,False,False,57.0,0.081,0.9,True,shell_company
D-004116,B-004116,T-01063,V-0428,True,False,False,49.7,0.129,0.88,False,none
D-004117,B-004117,T-01064,V-0405,True,False,False,36.3,0.116,0.96,False,none
D-004118,B-004118,T-01064,V-0381,True,False,False,51.9,0.296,0.94,False,none
D-004119,B-004119,T-01064,V-0110,True,False,False,49.9,0.216,0.96,False,none
D-004120,B-004120,T-01064,V-0156,True,False,False,35.7,0.08,0.85,False,none
D-004121,B-004121,T-01064,V-0395,True,False,False,56.8,0.095,0.93,False,none
D-004122,B-004122,T-01064,V-0339,True,False,False,47.9,0.078,0.96,False,none
D-004123,B-004123,T-01065,V-0429,True,False,False,31.4,0.129,0.89,False,none
D-004124,B-004124,T-01065,V-0437,True,False,False,56.0,0.291,0.91,False,none
D-004125,B-004125,T-01066,V-0053,True,False,False,47.4,0.211,0.97,False,none
D-004126,B-004126,T-01066,V-0475,True,False,False,46.2,0.197,0.97,False,none
D-004127,B-004127,T-01066,V-0177,True,False,False,48.3,0.023,0.95,False,none
D-004128,B-004128,T-01066,V-0167,True,False,False,27.7,0.055,0.91,False,none
D-004129,B-004129,T-01066,V-0133,True,False,False,49.2,0.229,0.86,False,none
D-004130,B-004130,T-01067,V-0322,True,False,False,35.2,0.189,0.99,False,none
D-004131,B-004131,T-01067,V-0170,True,False,False,40.9,0.139,0.87,False,none
D-004132,B-004132,T-01068,V-0209,True,False,False,26.2,0.197,0.99,False,none
D-004133,B-004133,T-01068,V-0227,True,False,False,68.1,0.75,0.44,False,ai_generated_doc
D-004134,B-004134,T-01068,V-0378,True,False,False,53.2,0.256,0.97,False,none
D-004135,B-004135,T-01068,V-0320,True,False,False,45.8,0.334,0.93,False,none
D-004136,B-004136,T-01069,V-0045,True,False,False,58.2,0.166,0.9,False,none
D-004137,B-004137,T-01069,V-0468,True,False,False,36.5,0.047,0.89,False,none
D-004138,B-004138,T-01069,V-0081,True,False,False,50.9,0.15,0.92,False,none
D-004139,B-004139,T-01070,V-0228,True,False,False,52.9,0.108,0.93,False,none
D-004140,B-004140,T-01070,V-0287,True,False,False,46.0,0.508,0.99,False,none
D-004141,B-004141,T-01071,V-0233,True,False,False,43.8,0.146,0.96,False,none
D-004142,B-004142,T-01071,V-0247,True,False,False,34.3,0.172,0.97,False,none
D-004143,B-004143,T-01072,V-0399,True,False,False,33.0,0.207,0.88,False,none
D-004144,B-004144,T-01072,V-0084,True,False,False,63.8,0.294,0.94,False,none
D-004145,B-004145,T-01072,V-0173,True,False,False,42.9,0.429,1.0,False,none
D-004146,B-004146,T-01072,V-0105,True,False,False,57.3,0.171,0.99,False,none
D-004147,B-004147,T-01072,V-0344,True,False,False,46.6,0.153,0.96,False,none
D-004148,B-004148,T-01072,V-0051,True,False,False,52.0,0.288,0.87,False,none
D-004149,B-004149,T-01073,V-0166,True,False,False,41.3,0.175,0.96,False,none
D-004150,B-004150,T-01073,V-0155,True,False,False,60.0,0.271,0.88,False,none
D-004151,B-004151,T-01073,V-0371,True,False,False,39.0,0.22,0.98,False,none
D-004152,B-004152,T-01073,V-0313,True,False,False,30.6,0.518,0.96,False,none
D-004153,B-004153,T-01074,V-0089,True,False,False,61.0,0.168,0.86,False,none
D-004154,B-004154,T-01074,V-0486,True,False,False,44.1,0.041,0.95,False,none
D-004155,B-004155,T-01074,V-0072,True,False,False,37.0,0.138,0.87,False,none
D-004156,B-004156,T-01074,V-0371,True,False,False,37.1,0.213,0.97,False,none
D-004157,B-004157,T-01074,V-0001,True,False,False,47.0,0.275,0.87,False,none
D-004158,B-004158,T-01074,V-0424,True,False,False,51.2,0.266,0.88,False,none
D-004159,B-004159,T-01075,V-0142,True,False,False,51.0,0.166,0.96,False,conflict_of_interest
D-004160,B-004160,T-01075,V-0129,True,False,False,79.3,0.086,0.9,False,none
D-004161,B-004161,T-01075,V-0237,True,False,False,54.3,0.294,0.89,False,none
D-004162,B-004162,T-01075,V-0233,True,False,False,46.5,0.046,0.95,False,none
D-004163,B-004163,T-01076,V-0258,False,False,False,30.0,0.322,0.85,False,shell_company
D-004164,B-004164,T-01076,V-0332,True,False,False,38.1,0.259,0.89,False,none
D-004165,B-004165,T-01076,V-0495,True,False,False,40.7,0.447,0.93,False,none
D-004166,B-004166,T-01077,V-0178,True,False,False,25.5,0.055,0.9,False,none
D-004167,B-004167,T-01077,V-0282,True,False,False,48.2,0.417,0.98,False,none
D-004168,B-004168,T-01077,V-0009,True,False,False,74.1,0.382,0.92,False,none
D-004169,B-004169,T-01077,V-0427,True,False,False,50.2,0.14,1.0,False,none
D-004170,B-004170,T-01078,V-0321,True,False,False,47.7,0.219,0.91,False,none
D-004171,B-004171,T-01078,V-0327,True,False,False,37.9,0.289,0.86,True,none
D-004172,B-004172,T-01078,V-0060,True,False,False,40.2,0.046,0.99,False,none
D-004173,B-004173,T-01078,V-0397,True,False,False,44.9,0.109,0.89,False,none
D-004174,B-004174,T-01079,V-0324,True,False,False,56.3,0.436,0.99,False,none
D-004175,B-004175,T-01079,V-0366,True,False,False,43.8,0.378,0.95,False,none
D-004176,B-004176,T-01079,V-0049,True,False,False,24.0,0.08,0.91,False,none
D-004177,B-004177,T-01079,V-0130,True,False,False,35.3,0.062,0.9,False,none
D-004178,B-004178,T-01079,V-0373,True,False,False,55.2,0.112,0.99,False,none
D-004179,B-004179,T-01080,V-0062,True,False,False,58.3,0.146,0.95,False,none
D-004180,B-004180,T-01080,V-0236,True,False,False,46.7,0.114,0.95,False,none
D-004181,B-004181,T-01081,V-0337,True,False,False,47.7,0.117,0.98,False,none
D-004182,B-004182,T-01081,V-0433,True,False,False,46.4,0.552,1.0,False,none
D-004183,B-004183,T-01082,V-0017,True,False,False,40.3,0.245,0.96,False,none
D-004184,B-004184,T-01082,V-0250,True,False,False,29.2,0.062,0.93,False,none
D-004185,B-004185,T-01082,V-0278,True,False,False,47.0,0.16,0.99,False,none
D-004186,B-004186,T-01082,V-0221,True,False,False,46.6,0.324,0.9,False,none
D-004187,B-004187,T-01082,V-0358,True,False,False,36.3,0.056,0.87,False,none
D-004188,B-004188,T-01082,V-0305,True,False,False,46.5,0.065,0.99,False,none
D-004189,B-004189,T-01083,V-0101,True,False,False,56.6,0.209,0.99,False,none
D-004190,B-004190,T-01083,V-0404,True,False,False,34.8,0.018,0.91,False,none
D-004191,B-004191,T-01083,V-0219,True,False,False,50.0,0.263,0.87,False,none
D-004192,B-004192,T-01083,V-0249,True,False,False,38.4,0.362,0.93,False,none
D-004193,B-004193,T-01084,V-0495,True,False,False,23.7,0.203,0.96,False,none
D-004194,B-004194,T-01084,V-0109,True,False,False,47.9,0.27,0.96,False,none
D-004195,B-004195,T-01085,V-0239,True,False,False,63.1,0.168,0.97,False,none
D-004196,B-004196,T-01085,V-0466,True,False,False,53.7,0.115,0.87,False,none
D-004197,B-004197,T-01085,V-0438,True,False,False,54.9,0.23,0.93,True,none
D-004198,B-004198,T-01085,V-0158,True,False,False,20.6,0.244,0.85,False,none
D-004199,B-004199,T-01085,V-0084,True,False,False,36.3,0.235,1.0,False,none
D-004200,B-004200,T-01085,V-0252,True,False,False,47.1,0.234,0.98,False,none
D-004201,B-004201,T-01086,V-0340,True,False,False,44.2,0.057,0.96,False,none
D-004202,B-004202,T-01086,V-0026,True,False,False,33.9,0.092,0.98,False,none
D-004203,B-004203,T-01087,V-0199,True,False,False,43.7,0.141,0.89,False,none
D-004204,B-004204,T-01087,V-0422,True,False,False,55.6,0.165,0.94,False,none
D-004205,B-004205,T-01087,V-0012,True,False,False,58.3,0.42,0.93,False,none
D-004206,B-004206,T-01088,V-0072,True,False,False,51.7,0.32,0.99,False,none
D-004207,B-004207,T-01088,V-0453,True,False,False,47.6,0.111,0.99,False,none
D-004208,B-004208,T-01089,V-0038,True,False,False,45.9,0.083,0.91,False,none
D-004209,B-004209,T-01089,V-0135,True,False,False,31.8,0.145,0.92,False,none
D-004210,B-004210,T-01089,V-0320,True,False,False,62.5,0.14,0.93,False,none
D-004211,B-004211,T-01090,V-0431,True,False,False,53.2,0.058,0.92,False,none
D-004212,B-004212,T-01090,V-0170,True,False,False,34.4,0.573,0.88,False,none
D-004213,B-004213,T-01090,V-0414,True,False,False,50.2,0.065,0.94,False,none
D-004214,B-004214,T-01091,V-0092,True,False,False,41.2,0.208,0.98,False,none
D-004215,B-004215,T-01091,V-0191,True,False,False,52.4,0.206,0.93,False,none
D-004216,B-004216,T-01091,V-0351,True,False,False,43.1,0.321,0.95,False,none
D-004217,B-004217,T-01092,V-0043,True,False,False,43.6,0.115,0.97,False,none
D-004218,B-004218,T-01092,V-0109,True,False,False,42.8,0.165,0.92,False,none
D-004219,B-004219,T-01092,V-0195,True,False,False,65.6,0.042,0.95,False,none
D-004220,B-004220,T-01092,V-0471,True,False,False,59.2,0.074,1.0,False,none
D-004221,B-004221,T-01093,V-0428,True,False,False,51.1,0.346,0.89,False,none
D-004222,B-004222,T-01093,V-0487,True,False,False,46.8,0.234,0.92,False,none
D-004223,B-004223,T-01093,V-0369,True,False,False,49.5,0.022,0.86,False,none
D-004224,B-004224,T-01093,V-0219,True,False,False,35.3,0.465,0.96,False,none
D-004225,B-004225,T-01093,V-0262,True,False,False,24.1,0.108,0.89,False,none
D-004226,B-004226,T-01094,V-0136,True,False,False,72.9,0.096,0.94,False,none
D-004227,B-004227,T-01094,V-0499,True,False,False,45.8,0.174,0.88,False,none
D-004228,B-004228,T-01094,V-0030,True,False,False,29.7,0.252,0.94,False,none
D-004229,B-004229,T-01094,V-0460,True,False,False,37.1,0.283,0.96,True,none
D-004230,B-004230,T-01095,V-0023,True,False,False,64.1,0.051,0.94,False,none
D-004231,B-004231,T-01095,V-0374,True,False,False,38.4,0.064,0.99,False,none
D-004232,B-004232,T-01095,V-0293,True,False,False,47.7,0.321,0.96,False,none
D-004233,B-004233,T-01095,V-0005,True,False,False,23.7,0.151,0.9,False,none
D-004234,B-004234,T-01095,V-0215,True,False,False,50.6,0.347,0.95,True,none
D-004235,B-004235,T-01096,V-0075,True,False,False,43.1,0.091,0.93,False,none
D-004236,B-004236,T-01096,V-0021,True,False,False,48.1,0.318,0.93,False,none
D-004237,B-004237,T-01096,V-0144,True,False,False,22.3,0.109,1.0,False,none
D-004238,B-004238,T-01096,V-0279,True,False,False,40.3,0.213,0.99,False,none
D-004239,B-004239,T-01096,V-0268,True,False,False,57.2,0.227,0.89,False,none
D-004240,B-004240,T-01097,V-0219,True,False,False,65.9,0.33,0.92,False,none
D-004241,B-004241,T-01097,V-0239,True,False,False,55.2,0.081,0.96,False,none
D-004242,B-004242,T-01097,V-0152,True,False,False,42.0,0.239,0.88,False,none
D-004243,B-004243,T-01097,V-0055,True,False,False,55.6,0.057,0.97,False,none
D-004244,B-004244,T-01097,V-0301,True,False,False,45.7,0.024,0.89,False,none
D-004245,B-004245,T-01097,V-0313,True,False,False,53.9,0.261,1.0,False,none
D-004246,B-004246,T-01098,V-0361,True,False,False,57.3,0.175,0.94,False,none
D-004247,B-004247,T-01098,V-0492,True,False,False,59.6,0.21,0.99,False,none
D-004248,B-004248,T-01099,V-0279,False,False,False,53.3,0.28,0.88,False,shell_company
D-004249,B-004249,T-01099,V-0072,True,False,False,46.5,0.236,0.96,False,none
D-004250,B-004250,T-01099,V-0297,True,False,False,27.4,0.273,0.99,True,none
D-004251,B-004251,T-01099,V-0200,True,False,False,38.3,0.17,0.96,False,none
D-004252,B-004252,T-01100,V-0216,True,False,False,56.1,0.68,0.39,False,ai_generated_doc
D-004253,B-004253,T-01100,V-0292,True,False,False,52.3,0.008,0.99,False,none
D-004254,B-004254,T-01101,V-0101,True,False,False,36.0,0.251,0.97,False,none
D-004255,B-004255,T-01101,V-0395,True,False,False,32.2,0.083,0.89,False,none
D-004256,B-004256,T-01101,V-0188,True,False,False,56.9,0.131,0.95,False,none
D-004257,B-004257,T-01102,V-0453,True,False,False,40.0,0.243,0.92,False,none
D-004258,B-004258,T-01102,V-0411,True,False,False,47.0,0.205,0.88,False,none
D-004259,B-004259,T-01102,V-0167,True,False,False,42.1,0.184,0.97,False,none
D-004260,B-004260,T-01103,V-0155,True,False,False,66.4,0.875,0.23,False,ai_generated_doc
D-004261,B-004261,T-01103,V-0024,True,False,False,52.8,0.094,0.86,False,none
D-004262,B-004262,T-01104,V-0289,True,False,False,29.2,0.063,0.95,False,none
D-004263,B-004263,T-01104,V-0296,True,False,False,51.6,0.301,0.89,False,none
D-004264,B-004264,T-01104,V-0006,True,False,False,44.8,0.243,0.97,False,none
D-004265,B-004265,T-01104,V-0477,True,False,False,42.7,0.44,0.85,False,none
D-004266,B-004266,T-01104,V-0112,True,False,False,42.5,0.049,0.87,False,none
D-004267,B-004267,T-01105,V-0311,True,False,False,13.0,0.319,0.93,False,conflict_of_interest
D-004268,B-004268,T-01105,V-0168,True,False,False,24.1,0.111,0.9,False,none
D-004269,B-004269,T-01106,V-0286,True,False,False,33.2,0.123,0.95,False,none
D-004270,B-004270,T-01106,V-0132,True,False,False,23.7,0.163,0.94,True,none
D-004271,B-004271,T-01106,V-0059,True,False,False,48.9,0.112,0.96,False,none
D-004272,B-004272,T-01106,V-0387,True,False,False,43.0,0.216,0.86,False,none
D-004273,B-004273,T-01106,V-0285,True,False,False,36.9,0.228,0.92,False,none
D-004274,B-004274,T-01107,V-0431,True,False,False,41.9,0.439,0.85,False,none
D-004275,B-004275,T-01107,V-0040,True,False,False,61.6,0.277,0.89,False,none
D-004276,B-004276,T-01107,V-0327,True,False,False,26.1,0.17,0.88,False,none
D-004277,B-004277,T-01108,V-0458,True,False,False,36.4,0.087,0.94,False,none
D-004278,B-004278,T-01108,V-0135,True,False,False,54.7,0.626,0.87,False,none
D-004279,B-004279,T-01108,V-0444,True,False,False,68.9,0.281,0.88,False,none
D-004280,B-004280,T-01108,V-0174,True,False,False,38.6,0.093,0.91,False,none
D-004281,B-004281,T-01108,V-0059,True,False,False,42.5,0.079,0.87,False,none
D-004282,B-004282,T-01109,V-0247,True,False,False,49.0,0.141,0.93,False,none
D-004283,B-004283,T-01109,V-0026,True,False,False,43.4,0.105,0.94,False,none
D-004284,B-004284,T-01109,V-0232,True,False,False,40.7,0.356,0.9,False,none
D-004285,B-004285,T-01110,V-0242,True,False,False,51.2,0.045,0.86,True,none
D-004286,B-004286,T-01110,V-0200,True,False,False,74.3,0.092,0.94,True,none
D-004287,B-004287,T-01110,V-0157,True,False,False,34.3,0.127,0.99,False,none
D-004288,B-004288,T-01110,V-0451,True,False,False,51.9,0.129,0.96,False,none
D-004289,B-004289,T-01110,V-0230,True,False,False,37.3,0.186,0.92,False,none
D-004290,B-004290,T-01110,V-0185,True,False,False,65.6,0.06,0.91,True,none
D-004291,B-004291,T-01111,V-0259,True,False,False,33.7,0.21,0.94,False,none
D-004292,B-004292,T-01111,V-0132,True,False,False,42.4,0.521,0.91,False,none
D-004293,B-004293,T-01111,V-0489,True,False,False,62.7,0.103,0.98,False,none
D-004294,B-004294,T-01111,V-0350,True,False,False,21.2,0.073,0.91,True,none
D-004295,B-004295,T-01111,V-0194,True,False,False,40.7,0.043,0.88,False,none
D-004296,B-004296,T-01111,V-0270,True,False,False,7.9,0.318,0.96,False,none
D-004297,B-004297,T-01112,V-0455,True,False,False,36.7,0.119,0.98,False,none
D-004298,B-004298,T-01112,V-0233,True,False,False,57.5,0.009,0.99,False,none
D-004299,B-004299,T-01112,V-0224,True,False,False,45.5,0.145,0.92,False,none
D-004300,B-004300,T-01112,V-0305,True,False,False,25.6,0.241,0.98,False,none
D-004301,B-004301,T-01112,V-0191,True,False,False,57.0,0.066,0.9,False,none
D-004302,B-004302,T-01113,V-0063,True,False,False,26.7,0.043,0.92,False,none
D-004303,B-004303,T-01113,V-0066,True,False,False,38.4,0.358,0.99,False,none
D-004304,B-004304,T-01113,V-0283,True,False,False,46.4,0.312,0.98,False,none
D-004305,B-004305,T-01113,V-0305,True,False,False,72.4,0.284,0.97,False,none
D-004306,B-004306,T-01114,V-0026,True,False,False,31.3,0.193,0.88,False,none
D-004307,B-004307,T-01114,V-0403,True,False,False,37.8,0.385,0.89,False,none
D-004308,B-004308,T-01114,V-0073,True,False,False,33.1,0.28,0.94,False,none
D-004309,B-004309,T-01115,V-0289,True,False,False,57.4,0.137,0.87,False,none
D-004310,B-004310,T-01115,V-0498,True,False,False,64.1,0.259,0.89,False,none
D-004311,B-004311,T-01115,V-0132,True,False,False,47.1,0.254,0.9,False,none
D-004312,B-004312,T-01115,V-0362,True,False,False,44.0,0.208,0.87,False,none
D-004313,B-004313,T-01115,V-0116,True,False,False,68.9,0.227,0.91,False,none
D-004314,B-004314,T-01116,V-0016,True,False,False,55.8,0.234,0.97,True,none
D-004315,B-004315,T-01116,V-0402,True,False,False,47.0,0.042,0.94,False,none
D-004316,B-004316,T-01117,V-0125,True,False,False,33.1,0.27,0.85,False,none
D-004317,B-004317,T-01117,V-0054,True,False,False,36.3,0.442,0.99,False,none
D-004318,B-004318,T-01117,V-0059,True,False,False,39.2,0.275,0.92,False,none
D-004319,B-004319,T-01117,V-0492,True,False,False,31.9,0.04,0.93,False,none
D-004320,B-004320,T-01118,V-0186,True,False,False,45.7,0.286,0.92,False,none
D-004321,B-004321,T-01118,V-0170,True,False,False,27.3,0.219,0.9,False,none
D-004322,B-004322,T-01118,V-0409,True,False,False,53.8,0.309,0.94,False,none
D-004323,B-004323,T-01119,V-0117,True,False,False,61.2,0.227,0.85,False,none
D-004324,B-004324,T-01119,V-0369,True,False,False,41.9,0.245,0.9,False,none
D-004325,B-004325,T-01120,V-0496,True,False,False,28.2,0.174,0.97,False,none
D-004326,B-004326,T-01120,V-0367,True,False,False,44.9,0.291,0.93,False,none
D-004327,B-004327,T-01120,V-0462,True,False,False,54.0,0.205,0.99,False,none
D-004328,B-004328,T-01120,V-0166,True,False,False,13.1,0.124,0.96,False,none
D-004329,B-004329,T-01120,V-0286,True,False,False,36.2,0.037,1.0,False,none
D-004330,B-004330,T-01120,V-0205,True,False,False,45.9,0.133,0.93,False,none
D-004331,B-004331,T-01121,V-0185,True,False,False,57.1,0.31,0.9,False,none
D-004332,B-004332,T-01121,V-0408,True,False,False,42.9,0.039,0.98,False,none
D-004333,B-004333,T-01121,V-0209,True,False,False,43.8,0.044,0.86,False,none
D-004334,B-004334,T-01121,V-0088,True,False,False,57.6,0.029,0.97,False,none
D-004335,B-004335,T-01121,V-0295,True,False,False,49.3,0.084,0.9,False,none
D-004336,B-004336,T-01121,V-0418,True,False,False,53.1,0.135,0.99,False,none
D-004337,B-004337,T-01122,V-0159,True,False,False,53.7,0.122,0.99,False,none
D-004338,B-004338,T-01122,V-0173,True,False,False,26.6,0.227,0.92,True,none
D-004339,B-004339,T-01122,V-0350,True,False,False,47.5,0.11,0.86,False,none
D-004340,B-004340,T-01122,V-0040,True,False,False,43.5,0.23,0.89,False,none
D-004341,B-004341,T-01122,V-0076,True,False,False,30.1,0.278,0.87,False,none
D-004342,B-004342,T-01123,V-0028,True,False,False,42.9,0.036,0.96,False,none
D-004343,B-004343,T-01123,V-0444,True,False,False,63.3,0.424,0.92,False,none
D-004344,B-004344,T-01124,V-0076,True,False,False,35.3,0.114,0.85,False,bid_rigging
D-004345,B-004345,T-01124,V-0166,True,False,False,51.2,0.123,0.99,False,bid_rigging
D-004346,B-004346,T-01124,V-0355,True,False,True,58.9,0.121,0.89,False,bid_rigging
D-004347,B-004347,T-01124,V-0382,True,False,False,51.2,0.052,0.95,False,bid_rigging
D-004348,B-004348,T-01125,V-0487,True,False,False,33.2,0.38,0.86,False,none
D-004349,B-004349,T-01125,V-0252,True,False,False,32.4,0.226,0.9,False,none
D-004350,B-004350,T-01125,V-0072,True,False,False,48.4,0.045,0.97,False,none
D-004351,B-004351,T-01125,V-0461,True,False,False,36.7,0.362,0.89,False,none
D-004352,B-004352,T-01125,V-0121,True,False,False,39.7,0.152,0.87,False,none
D-004353,B-004353,T-01125,V-0352,True,False,False,45.9,0.316,0.91,False,none
D-004354,B-004354,T-01126,V-0324,True,False,False,41.5,0.259,0.91,False,none
D-004355,B-004355,T-01126,V-0235,True,False,False,32.6,0.4,0.97,False,none
D-004356,B-004356,T-01126,V-0003,True,False,False,63.6,0.294,0.95,False,none
D-004357,B-004357,T-01126,V-0048,True,False,False,37.6,0.129,0.96,False,none
D-004358,B-004358,T-01126,V-0186,True,False,False,48.7,0.235,0.98,False,none
D-004359,B-004359,T-01126,V-0022,True,False,False,48.7,0.147,0.97,True,none
D-004360,B-004360,T-01127,V-0230,True,False,False,32.5,0.066,0.96,False,none
D-004361,B-004361,T-01127,V-0430,True,False,False,41.3,0.164,0.94,False,none
D-004362,B-004362,T-01127,V-0001,True,False,False,44.7,0.4,0.98,False,none
D-004363,B-004363,T-01127,V-0425,True,False,False,34.2,0.194,0.98,False,none
D-004364,B-004364,T-01127,V-0137,True,False,False,35.6,0.107,0.9,False,none
D-004365,B-004365,T-01127,V-0294,True,False,False,55.7,0.136,0.86,False,none
D-004366,B-004366,T-01128,V-0498,True,False,False,38.7,0.07,0.86,False,none
D-004367,B-004367,T-01128,V-0009,True,False,False,38.7,0.263,0.99,False,price_inflation
D-004368,B-004368,T-01128,V-0462,True,False,False,52.6,0.076,0.86,False,none
D-004369,B-004369,T-01129,V-0307,True,False,False,41.1,0.208,0.9,False,none
D-004370,B-004370,T-01129,V-0040,True,False,False,31.6,0.116,0.85,False,none
D-004371,B-004371,T-01129,V-0264,True,False,False,47.7,0.117,0.99,False,none
D-004372,B-004372,T-01129,V-0473,True,False,False,41.7,0.149,0.94,False,none
D-004373,B-004373,T-01130,V-0097,True,False,False,29.8,0.197,0.89,False,none
D-004374,B-004374,T-01130,V-0325,True,False,False,40.2,0.063,1.0,False,none
D-004375,B-004375,T-01130,V-0156,True,False,False,52.8,0.261,0.99,False,none
D-004376,B-004376,T-01130,V-0101,True,False,False,54.2,0.082,0.88,False,none
D-004377,B-004377,T-01131,V-0457,True,False,False,22.0,0.233,0.93,False,none
D-004378,B-004378,T-01131,V-0265,True,False,False,44.3,0.305,0.85,False,none
D-004379,B-004379,T-01131,V-0443,True,False,False,40.9,0.121,0.92,False,none
D-004380,B-004380,T-01132,V-0064,True,False,False,53.5,0.127,0.9,False,none
D-004381,B-004381,T-01132,V-0150,True,False,False,30.1,0.07,0.93,False,none
D-004382,B-004382,T-01132,V-0241,True,False,False,58.6,0.305,0.9,False,none
D-004383,B-004383,T-01132,V-0297,True,False,False,51.5,0.146,0.96,False,none
D-004384,B-004384,T-01133,V-0450,True,False,False,10.1,0.111,0.97,False,none
D-004385,B-004385,T-01133,V-0085,True,False,False,41.6,0.107,0.98,True,none
D-004386,B-004386,T-01133,V-0207,True,False,False,39.0,0.189,0.88,True,none
D-004387,B-004387,T-01133,V-0195,True,False,False,66.4,0.331,0.93,False,none
D-004388,B-004388,T-01134,V-0467,True,False,False,33.7,0.409,0.97,False,none
D-004389,B-004389,T-01134,V-0051,True,False,False,44.1,0.208,0.87,False,none
D-004390,B-004390,T-01135,V-0466,True,False,False,47.2,0.116,0.92,False,none
D-004391,B-004391,T-01135,V-0033,True,False,False,61.7,0.145,0.91,False,none
D-004392,B-004392,T-01135,V-0132,True,False,False,54.4,0.243,0.99,False,none
D-004393,B-004393,T-01135,V-0251,True,False,False,32.7,0.17,0.87,False,none
D-004394,B-004394,T-01136,V-0377,True,False,False,69.1,0.113,0.96,False,none
D-004395,B-004395,T-01136,V-0139,True,False,False,48.9,0.216,0.93,True,none
D-004396,B-004396,T-01136,V-0229,True,False,False,45.8,0.238,0.93,False,none
D-004397,B-004397,T-01136,V-0410,True,False,False,51.7,0.279,0.99,True,none
D-004398,B-004398,T-01136,V-0156,True,False,False,38.4,0.06,0.94,False,none
D-004399,B-004399,T-01136,V-0083,True,False,False,50.2,0.265,0.95,False,none
D-004400,B-004400,T-01137,V-0379,True,False,False,69.1,0.107,0.98,True,none
D-004401,B-004401,T-01137,V-0154,True,False,False,38.3,0.07,0.99,False,none
D-004402,B-004402,T-01137,V-0238,True,False,False,45.2,0.119,0.97,False,none
D-004403,B-004403,T-01138,V-0221,True,False,False,32.2,0.007,0.87,False,none
D-004404,B-004404,T-01138,V-0153,True,False,False,51.3,0.298,0.87,False,none
D-004405,B-004405,T-01139,V-0127,True,False,False,31.5,0.04,0.89,False,none
D-004406,B-004406,T-01139,V-0431,True,False,False,44.7,0.214,0.97,False,none
D-004407,B-004407,T-01139,V-0377,True,False,False,54.9,0.388,0.87,False,none
D-004408,B-004408,T-01139,V-0361,True,False,False,48.9,0.669,0.93,False,none
D-004409,B-004409,T-01139,V-0166,True,False,False,52.6,0.152,0.96,False,none
D-004410,B-004410,T-01140,V-0484,True,False,False,53.4,0.365,0.94,False,none
D-004411,B-004411,T-01140,V-0292,True,False,False,71.6,0.337,0.9,False,none
D-004412,B-004412,T-01140,V-0115,True,False,False,60.1,0.515,0.9,False,none
D-004413,B-004413,T-01140,V-0318,True,False,False,68.6,0.108,0.88,False,none
D-004414,B-004414,T-01141,V-0089,True,False,False,20.9,0.185,0.88,False,none
D-004415,B-004415,T-01141,V-0262,True,False,False,27.9,0.09,0.95,True,none
D-004416,B-004416,T-01141,V-0240,True,False,False,57.0,0.338,0.98,False,none
D-004417,B-004417,T-01141,V-0285,True,False,False,49.3,0.153,0.86,False,none
D-004418,B-004418,T-01142,V-0025,True,False,False,46.7,0.192,0.93,False,none
D-004419,B-004419,T-01142,V-0092,True,False,False,33.9,0.061,0.96,False,none
D-004420,B-004420,T-01142,V-0117,True,False,False,60.0,0.1,0.92,False,none
D-004421,B-004421,T-01143,V-0365,True,False,False,45.8,0.412,0.94,False,none
D-004422,B-004422,T-01143,V-0419,True,False,False,56.7,0.058,0.91,False,none
D-004423,B-004423,T-01143,V-0234,True,False,False,62.4,0.128,0.9,True,none
D-004424,B-004424,T-01144,V-0049,True,False,False,69.3,0.173,0.95,False,none
D-004425,B-004425,T-01144,V-0419,True,False,False,62.0,0.186,0.99,False,none
D-004426,B-004426,T-01144,V-0014,True,False,False,34.9,0.236,0.89,False,none
D-004427,B-004427,T-01144,V-0249,True,False,False,56.6,0.128,0.98,False,none
D-004428,B-004428,T-01145,V-0484,True,False,False,45.9,0.029,0.99,False,none
D-004429,B-004429,T-01145,V-0174,True,False,False,49.4,0.253,0.92,False,none
D-004430,B-004430,T-01145,V-0201,True,False,False,56.9,0.029,0.99,False,none
D-004431,B-004431,T-01145,V-0156,True,False,False,32.1,0.239,0.97,False,none
D-004432,B-004432,T-01146,V-0432,True,False,False,56.9,0.199,1.0,False,none
D-004433,B-004433,T-01146,V-0127,True,False,False,60.9,0.238,0.85,False,price_inflation
D-004434,B-004434,T-01147,V-0170,True,False,False,27.9,0.245,0.96,False,none
D-004435,B-004435,T-01147,V-0354,True,False,False,42.7,0.452,0.87,False,none
D-004436,B-004436,T-01148,V-0323,True,False,False,60.9,0.101,0.92,False,none
D-004437,B-004437,T-01148,V-0332,True,False,False,59.9,0.016,0.94,False,none
D-004438,B-004438,T-01148,V-0067,True,False,False,41.4,0.181,0.98,False,none
D-004439,B-004439,T-01148,V-0142,True,False,False,46.3,0.177,0.9,False,none
D-004440,B-004440,T-01148,V-0209,True,False,False,36.6,0.132,0.86,False,none
D-004441,B-004441,T-01148,V-0125,True,False,False,54.5,0.264,0.99,False,none
D-004442,B-004442,T-01149,V-0310,True,False,False,51.6,0.057,0.99,False,none
D-004443,B-004443,T-01149,V-0287,True,False,False,20.0,0.192,0.87,False,none
D-004444,B-004444,T-01149,V-0337,True,False,False,58.9,0.786,0.38,False,ai_generated_doc
D-004445,B-004445,T-01149,V-0197,True,False,False,46.3,0.033,0.89,False,none
D-004446,B-004446,T-01150,V-0375,True,False,False,40.6,0.154,0.98,False,none
D-004447,B-004447,T-01150,V-0049,True,False,False,32.8,0.028,0.86,False,none
D-004448,B-004448,T-01150,V-0434,True,False,False,36.6,0.247,0.93,False,none
D-004449,B-004449,T-01150,V-0025,True,False,False,57.7,0.13,0.99,False,none
D-004450,B-004450,T-01150,V-0110,True,False,False,60.1,0.273,0.87,False,none
D-004451,B-004451,T-01151,V-0355,False,False,False,35.0,0.302,0.89,True,shell_company
D-004452,B-004452,T-01151,V-0363,True,False,False,44.4,0.092,0.88,False,none
D-004453,B-004453,T-01151,V-0274,True,False,False,64.0,0.112,0.88,False,none
D-004454,B-004454,T-01152,V-0388,True,False,False,36.4,0.199,0.94,False,none
D-004455,B-004455,T-01152,V-0285,True,False,False,71.6,0.104,0.98,False,none
D-004456,B-004456,T-01152,V-0274,True,False,False,52.9,0.208,0.9,False,none
D-004457,B-004457,T-01152,V-0082,True,False,False,59.1,0.143,0.86,False,none
D-004458,B-004458,T-01152,V-0194,True,False,False,37.0,0.241,0.97,False,none
D-004459,B-004459,T-01153,V-0180,True,False,False,52.7,0.042,0.9,False,none
D-004460,B-004460,T-01153,V-0215,True,False,False,39.4,0.16,0.89,False,none
D-004461,B-004461,T-01153,V-0144,True,False,False,55.7,0.193,0.89,False,none
D-004462,B-004462,T-01154,V-0299,True,False,False,59.6,0.233,0.86,False,none
D-004463,B-004463,T-01154,V-0321,True,False,False,35.6,0.254,0.88,False,none
D-004464,B-004464,T-01154,V-0291,True,False,False,61.2,0.133,0.93,False,none
D-004465,B-004465,T-01154,V-0190,True,False,False,37.3,0.079,0.88,False,none
D-004466,B-004466,T-01154,V-0052,True,False,False,71.1,0.168,0.94,False,none
D-004467,B-004467,T-01154,V-0328,True,False,False,49.6,0.108,0.94,True,none
D-004468,B-004468,T-01155,V-0390,True,False,False,37.6,0.243,0.88,False,none
D-004469,B-004469,T-01155,V-0251,True,False,False,48.6,0.025,0.96,False,none
D-004470,B-004470,T-01155,V-0457,True,False,False,37.1,0.287,0.89,False,none
D-004471,B-004471,T-01155,V-0051,True,False,False,44.5,0.131,0.89,False,none
D-004472,B-004472,T-01156,V-0469,True,False,False,60.7,0.015,0.93,False,none
D-004473,B-004473,T-01156,V-0320,True,False,False,48.4,0.128,0.89,False,price_inflation
D-004474,B-004474,T-01157,V-0122,True,False,False,30.1,0.12,0.99,False,none
D-004475,B-004475,T-01157,V-0394,True,False,False,52.0,0.417,0.93,False,none
D-004476,B-004476,T-01157,V-0240,True,False,False,57.2,0.386,0.92,False,none
D-004477,B-004477,T-01158,V-0400,True,False,False,21.0,0.109,0.88,False,none
D-004478,B-004478,T-01158,V-0082,True,False,False,45.6,0.191,0.88,True,none
D-004479,B-004479,T-01158,V-0429,True,False,False,25.0,0.046,0.94,False,none
D-004480,B-004480,T-01158,V-0212,True,False,False,44.4,0.136,0.96,False,none
D-004481,B-004481,T-01158,V-0055,True,False,False,25.1,0.173,0.88,False,none
D-004482,B-004482,T-01158,V-0190,True,False,False,54.7,0.424,0.97,False,none
D-004483,B-004483,T-01159,V-0076,True,False,False,38.1,0.172,0.97,False,bid_rigging
D-004484,B-004484,T-01159,V-0166,True,False,True,33.2,0.138,0.93,False,bid_rigging
D-004485,B-004485,T-01159,V-0355,True,False,False,25.6,0.654,1.0,False,bid_rigging
D-004486,B-004486,T-01159,V-0382,True,False,True,41.1,0.088,0.99,False,bid_rigging
D-004487,B-004487,T-01160,V-0160,True,False,False,51.1,0.235,0.91,False,none
D-004488,B-004488,T-01160,V-0080,True,False,False,46.6,0.487,0.91,False,price_inflation
D-004489,B-004489,T-01160,V-0314,True,False,False,32.3,0.05,0.92,False,none
D-004490,B-004490,T-01161,V-0078,True,False,False,45.9,0.369,0.88,False,none
D-004491,B-004491,T-01161,V-0262,True,False,False,25.7,0.336,0.96,False,none
D-004492,B-004492,T-01161,V-0317,True,False,False,55.7,0.179,0.9,False,none
D-004493,B-004493,T-01161,V-0254,True,False,False,44.6,0.337,0.94,False,none
D-004494,B-004494,T-01161,V-0354,True,False,False,40.7,0.034,0.89,False,none
D-004495,B-004495,T-01162,V-0400,True,False,False,34.5,0.163,0.88,False,conflict_of_interest
D-004496,B-004496,T-01162,V-0190,True,False,False,53.2,0.153,0.9,False,none
D-004497,B-004497,T-01163,V-0288,True,False,False,77.2,0.225,0.92,False,none
D-004498,B-004498,T-01163,V-0377,True,False,False,60.3,0.355,0.93,False,none
D-004499,B-004499,T-01163,V-0022,True,False,False,38.3,0.115,0.89,False,none
D-004500,B-004500,T-01163,V-0422,True,False,False,48.6,0.168,0.93,False,none
D-004501,B-004501,T-01163,V-0134,True,False,False,30.4,0.219,0.88,False,none
D-004502,B-004502,T-01163,V-0052,True,False,False,29.1,0.463,0.86,True,none
D-004503,B-004503,T-01164,V-0017,True,False,False,31.9,0.217,0.86,False,none
D-004504,B-004504,T-01164,V-0298,True,False,False,44.2,0.173,0.88,False,none
D-004505,B-004505,T-01164,V-0285,True,False,False,63.8,0.326,0.88,False,none
D-004506,B-004506,T-01164,V-0195,True,False,False,60.7,0.296,0.97,False,none
D-004507,B-004507,T-01164,V-0409,True,False,False,44.0,0.095,0.91,False,none
D-004508,B-004508,T-01164,V-0099,True,False,False,51.7,0.202,0.88,False,none
D-004509,B-004509,T-01165,V-0125,True,False,False,54.6,0.129,0.91,False,none
D-004510,B-004510,T-01165,V-0444,True,False,False,47.4,0.025,0.92,False,none
D-004511,B-004511,T-01166,V-0467,True,False,False,54.5,0.272,0.89,False,price_inflation
D-004512,B-004512,T-01166,V-0272,True,False,False,50.4,0.277,0.96,False,none
D-004513,B-004513,T-01167,V-0342,True,False,False,26.8,0.06,0.89,False,none
D-004514,B-004514,T-01167,V-0293,True,False,False,42.0,0.23,0.97,False,none
D-004515,B-004515,T-01167,V-0209,True,False,False,60.1,0.055,0.85,False,none
D-004516,B-004516,T-01168,V-0064,True,False,False,37.1,0.172,0.97,False,none
D-004517,B-004517,T-01168,V-0375,True,False,False,47.1,0.109,1.0,False,none
D-004518,B-004518,T-01168,V-0161,True,False,False,53.0,0.166,0.91,False,none
D-004519,B-004519,T-01168,V-0433,True,False,False,47.3,0.117,0.91,False,none
D-004520,B-004520,T-01168,V-0485,True,False,False,83.2,0.303,0.96,False,none
D-004521,B-004521,T-01168,V-0193,True,False,False,42.8,0.297,0.95,False,none
D-004522,B-004522,T-01169,V-0483,True,False,False,35.7,0.095,0.89,False,none
D-004523,B-004523,T-01169,V-0439,True,False,False,47.4,0.183,0.9,False,none
D-004524,B-004524,T-01170,V-0325,True,False,False,34.2,0.434,0.85,False,none
D-004525,B-004525,T-01170,V-0059,True,False,False,41.4,0.139,0.92,False,none
D-004526,B-004526,T-01170,V-0227,True,False,False,64.6,0.448,0.88,False,none
D-004527,B-004527,T-01170,V-0447,True,False,False,46.7,0.057,0.99,False,none
D-004528,B-004528,T-01171,V-0234,True,False,False,51.8,0.065,0.88,False,none
D-004529,B-004529,T-01171,V-0269,True,False,False,43.7,0.114,0.87,False,none
D-004530,B-004530,T-01171,V-0108,True,False,False,35.3,0.432,0.86,False,none
D-004531,B-004531,T-01171,V-0035,True,False,False,44.5,0.235,0.89,False,none
D-004532,B-004532,T-01171,V-0011,True,False,False,45.1,0.108,0.96,False,none
D-004533,B-004533,T-01171,V-0101,True,False,False,23.0,0.378,0.97,False,none
D-004534,B-004534,T-01172,V-0135,True,False,False,57.5,0.297,0.89,False,none
D-004535,B-004535,T-01172,V-0132,True,False,False,55.6,0.263,0.94,False,none
D-004536,B-004536,T-01172,V-0316,True,False,False,48.3,0.194,0.96,False,none
D-004537,B-004537,T-01172,V-0321,True,False,False,46.4,0.122,0.98,False,none
D-004538,B-004538,T-01172,V-0297,True,False,False,40.9,0.111,0.96,False,none
D-004539,B-004539,T-01173,V-0008,True,False,False,48.1,0.07,0.93,False,none
D-004540,B-004540,T-01173,V-0114,True,False,False,39.5,0.257,0.86,False,none
D-004541,B-004541,T-01173,V-0085,True,False,False,44.1,0.124,0.94,False,none
D-004542,B-004542,T-01173,V-0218,True,False,False,70.2,0.257,0.95,False,price_inflation
D-004543,B-004543,T-01173,V-0388,True,False,False,37.4,0.064,0.86,False,none
D-004544,B-004544,T-01174,V-0010,True,False,False,60.9,0.148,0.95,False,none
D-004545,B-004545,T-01174,V-0031,True,False,False,54.6,0.299,0.93,False,none
D-004546,B-004546,T-01174,V-0143,True,False,False,40.1,0.031,0.89,False,none
D-004547,B-004547,T-01174,V-0225,True,False,False,32.0,0.043,0.86,True,none
D-004548,B-004548,T-01175,V-0239,True,False,False,57.8,0.552,0.96,False,none
D-004549,B-004549,T-01175,V-0006,True,False,False,40.1,0.173,1.0,False,none
D-004550,B-004550,T-01176,V-0076,True,False,False,34.4,0.122,0.92,False,bid_rigging
D-004551,B-004551,T-01176,V-0166,True,False,True,44.6,0.072,0.99,False,bid_rigging
D-004552,B-004552,T-01176,V-0355,True,False,False,31.0,0.253,0.99,False,bid_rigging
D-004553,B-004553,T-01176,V-0382,True,False,True,22.4,0.121,0.93,False,bid_rigging
D-004554,B-004554,T-01177,V-0018,True,False,False,43.7,0.078,0.86,False,none
D-004555,B-004555,T-01177,V-0142,True,False,False,39.1,0.167,0.96,False,none
D-004556,B-004556,T-01178,V-0434,True,False,False,58.7,0.141,0.91,False,none
D-004557,B-004557,T-01178,V-0303,True,False,False,39.5,0.178,0.96,True,none
D-004558,B-004558,T-01178,V-0216,True,False,False,49.3,0.152,0.87,False,none
D-004559,B-004559,T-01178,V-0229,True,False,False,30.2,0.268,0.85,False,none
D-004560,B-004560,T-01179,V-0245,True,False,False,55.9,0.201,0.9,False,none
D-004561,B-004561,T-01179,V-0397,True,False,False,35.5,0.063,0.86,False,none
D-004562,B-004562,T-01180,V-0298,True,False,False,49.5,0.42,0.99,False,none
D-004563,B-004563,T-01180,V-0092,True,False,False,69.7,0.176,0.92,False,none
D-004564,B-004564,T-01180,V-0196,True,False,False,54.1,0.383,0.87,False,none
D-004565,B-004565,T-01180,V-0320,True,False,False,52.9,0.162,0.94,False,none
D-004566,B-004566,T-01180,V-0206,True,False,False,41.9,0.523,0.89,False,none
D-004567,B-004567,T-01180,V-0178,True,False,False,41.3,0.029,0.99,False,none
D-004568,B-004568,T-01181,V-0475,True,False,False,63.6,0.175,0.95,False,none
D-004569,B-004569,T-01181,V-0470,True,False,False,56.3,0.169,1.0,False,none
D-004570,B-004570,T-01181,V-0100,True,False,False,69.4,0.303,0.94,True,none
D-004571,B-004571,T-01182,V-0283,True,False,False,31.3,0.107,0.86,False,none
D-004572,B-004572,T-01182,V-0232,True,False,False,31.0,0.23,0.9,False,none
D-004573,B-004573,T-01182,V-0339,True,False,False,54.2,0.248,0.9,False,none
D-004574,B-004574,T-01182,V-0047,True,False,False,29.7,0.277,0.86,False,none
D-004575,B-004575,T-01182,V-0133,True,False,False,38.7,0.083,0.85,False,none
D-004576,B-004576,T-01183,V-0236,True,False,False,46.5,0.162,0.92,False,none
D-004577,B-004577,T-01183,V-0311,True,False,False,30.6,0.181,0.92,False,none
D-004578,B-004578,T-01183,V-0064,True,False,False,22.2,0.174,0.89,False,none
D-004579,B-004579,T-01183,V-0060,True,False,False,42.6,0.249,0.99,False,none
D-004580,B-004580,T-01184,V-0355,True,False,False,62.3,0.226,0.9,False,none
D-004581,B-004581,T-01184,V-0305,True,False,False,30.7,0.155,0.89,False,none
D-004582,B-004582,T-01184,V-0229,True,False,False,53.4,0.085,0.94,False,none
D-004583,B-004583,T-01184,V-0007,True,False,False,42.9,0.021,0.92,False,none
D-004584,B-004584,T-01184,V-0052,True,False,False,46.8,0.058,0.89,False,none
D-004585,B-004585,T-01184,V-0480,True,False,False,57.9,0.292,0.86,False,none
D-004586,B-004586,T-01185,V-0309,True,False,False,48.4,0.607,0.92,False,none
D-004587,B-004587,T-01185,V-0426,True,False,False,32.3,0.123,1.0,False,none
D-004588,B-004588,T-01185,V-0436,True,False,False,58.6,0.124,0.99,False,none
D-004589,B-004589,T-01186,V-0341,True,False,False,55.0,0.279,0.95,False,none
D-004590,B-004590,T-01186,V-0394,True,False,False,22.0,0.118,0.92,False,none
D-004591,B-004591,T-01187,V-0132,True,False,False,33.6,0.262,0.96,False,none
D-004592,B-004592,T-01187,V-0403,True,False,False,36.5,0.136,0.94,False,none
D-004593,B-004593,T-01187,V-0129,True,False,False,55.2,0.3,0.89,False,none
D-004594,B-004594,T-01187,V-0495,True,False,False,62.5,0.106,0.88,False,none
D-004595,B-004595,T-01187,V-0394,True,False,False,43.1,0.101,1.0,False,none
D-004596,B-004596,T-01187,V-0382,True,False,False,32.1,0.151,1.0,False,none
D-004597,B-004597,T-01188,V-0436,True,False,False,42.6,0.183,0.86,False,none
D-004598,B-004598,T-01188,V-0207,True,False,False,46.4,0.252,0.99,False,none
D-004599,B-004599,T-01188,V-0244,True,False,False,28.1,0.218,0.9,False,none
D-004600,B-004600,T-01188,V-0065,True,False,False,31.8,0.112,0.92,False,none
D-004601,B-004601,T-01188,V-0100,True,False,False,44.2,0.395,0.86,False,none
D-004602,B-004602,T-01188,V-0345,True,False,False,54.0,0.231,0.88,False,none
D-004603,B-004603,T-01189,V-0280,True,False,False,26.0,0.108,0.91,False,none
D-004604,B-004604,T-01189,V-0069,True,False,False,24.8,0.289,0.91,False,none
D-004605,B-004605,T-01189,V-0449,True,False,False,51.5,0.126,0.87,False,none
D-004606,B-004606,T-01189,V-0071,True,False,False,34.7,0.129,0.93,False,none
D-004607,B-004607,T-01189,V-0010,True,False,False,60.4,0.298,0.89,False,none
D-004608,B-004608,T-01189,V-0210,True,False,False,58.4,0.479,0.96,False,none
D-004609,B-004609,T-01190,V-0096,True,False,False,42.7,0.399,0.86,False,none
D-004610,B-004610,T-01190,V-0162,True,False,False,43.6,0.114,1.0,False,none
D-004611,B-004611,T-01190,V-0467,True,False,False,26.4,0.272,0.98,False,none
D-004612,B-004612,T-01190,V-0320,True,False,False,46.0,0.117,0.97,False,none
D-004613,B-004613,T-01190,V-0312,True,False,False,53.7,0.294,0.87,False,none
D-004614,B-004614,T-01190,V-0302,True,False,False,33.6,0.324,0.94,False,none
D-004615,B-004615,T-01191,V-0412,True,False,False,52.8,0.333,0.98,False,none
D-004616,B-004616,T-01191,V-0232,True,False,False,46.4,0.112,0.86,False,none
D-004617,B-004617,T-01191,V-0466,True,False,False,58.9,0.349,0.86,False,none
D-004618,B-004618,T-01191,V-0052,True,False,False,56.0,0.208,0.94,False,none
D-004619,B-004619,T-01191,V-0089,True,False,False,53.2,0.118,0.92,False,none
D-004620,B-004620,T-01192,V-0142,True,False,False,46.4,0.483,0.9,False,none
D-004621,B-004621,T-01192,V-0389,True,False,False,36.3,0.235,0.95,False,none
D-004622,B-004622,T-01192,V-0492,True,False,False,32.1,0.28,0.99,False,none
D-004623,B-004623,T-01192,V-0127,True,False,False,45.7,0.222,0.92,False,none
D-004624,B-004624,T-01192,V-0410,True,False,False,22.8,0.118,1.0,False,none
D-004625,B-004625,T-01192,V-0471,True,False,False,49.9,0.251,0.99,False,none
D-004626,B-004626,T-01193,V-0430,True,False,False,19.6,0.421,0.93,False,none
D-004627,B-004627,T-01193,V-0170,True,False,False,53.9,0.221,0.97,False,none
D-004628,B-004628,T-01194,V-0399,True,False,False,36.3,0.176,0.88,False,none
D-004629,B-004629,T-01194,V-0246,True,False,False,55.6,0.31,0.88,False,none
D-004630,B-004630,T-01194,V-0271,True,False,False,49.7,0.127,0.99,False,none
D-004631,B-004631,T-01195,V-0488,True,False,False,46.6,0.387,0.94,False,none
D-004632,B-004632,T-01195,V-0120,True,False,False,45.1,0.119,0.87,False,none
D-004633,B-004633,T-01195,V-0239,True,False,False,38.1,0.384,0.98,False,none
D-004634,B-004634,T-01195,V-0086,True,False,False,61.7,0.327,0.94,False,none
D-004635,B-004635,T-01195,V-0059,True,False,False,36.0,0.102,0.98,False,none
D-004636,B-004636,T-01196,V-0239,True,False,False,34.4,0.394,0.98,False,none
D-004637,B-004637,T-01196,V-0394,True,False,False,51.3,0.309,0.9,False,none
D-004638,B-004638,T-01196,V-0116,True,False,False,59.6,0.332,0.94,False,none
D-004639,B-004639,T-01196,V-0369,True,False,False,63.7,0.21,0.87,False,none
D-004640,B-004640,T-01196,V-0233,True,False,False,64.2,0.4,0.94,False,none
D-004641,B-004641,T-01197,V-0345,True,False,False,41.5,0.039,0.98,False,none
D-004642,B-004642,T-01197,V-0110,True,False,False,37.7,0.319,0.99,False,none
D-004643,B-004643,T-01197,V-0200,True,False,False,21.4,0.111,0.86,False,none
D-004644,B-004644,T-01197,V-0493,True,False,False,63.6,0.069,0.92,False,price_inflation
D-004645,B-004645,T-01197,V-0472,True,False,False,38.7,0.329,0.99,False,none
D-004646,B-004646,T-01198,V-0036,True,False,False,49.5,0.125,0.98,False,bid_rigging
D-004647,B-004647,T-01198,V-0058,True,False,False,45.2,0.275,0.99,False,bid_rigging
D-004648,B-004648,T-01198,V-0099,True,False,False,42.8,0.179,0.95,False,bid_rigging
D-004649,B-004649,T-01198,V-0379,True,False,False,46.3,0.132,0.91,False,bid_rigging
D-004650,B-004650,T-01198,V-0410,True,False,False,63.8,0.217,0.9,False,bid_rigging
D-004651,B-004651,T-01199,V-0032,True,False,False,56.3,0.181,0.92,False,none
D-004652,B-004652,T-01199,V-0315,True,False,False,62.6,0.409,0.97,False,none
