payment_id,contract_id,invoice_number,invoice_amount,duplicate_invoice_flag,intermediary_vendor_id,fraud_tag
P-000000,C-00000,INV-C-00000-0,1171174.93,False,,none
P-000001,C-00000,INV-C-00000-1,1171174.93,False,,none
P-000002,C-00000,INV-C-00000-2,1171174.93,False,,none
P-000003,C-00000,INV-C-00000-3,1171174.93,False,,none
P-000004,C-00001,INV-C-00001-0,30521510.34,False,V-0166,pass_through_cartel
P-000005,C-00001,INV-C-00001-1,30521510.34,False,V-0167,pass_through_cartel
P-000006,C-00002,INV-C-00002-0,221146.74,False,,change_order_abuse
P-000007,C-00002,INV-C-00002-1,221146.74,False,,change_order_abuse
P-000008,C-00002,INV-C-00002-2,221146.74,False,,change_order_abuse
P-000009,C-00003,INV-C-00003-0,6540085.86,False,,none
P-000010,C-00003,INV-C-00003-1,6540085.86,False,,none
P-000011,C-00004,INV-C-00004-0,377171.08,False,,change_order_abuse
P-000012,C-00004,INV-C-00004-1,377171.08,False,,change_order_abuse
P-000013,C-00004,INV-C-00004-2,377171.08,False,,change_order_abuse
P-000014,C-00004,INV-C-00004-3,377171.08,False,,change_order_abuse
P-000015,C-00005,INV-C-00005-0,2742106.86,True,,duplicate_invoice
P-000016,C-00005,INV-C-00005-1,2742106.86,True,,duplicate_invoice
P-000017,C-00006,INV-C-00006-0,1683639.95,False,,change_order_abuse
P-000018,C-00006,INV-C-00006-1,1683639.95,False,,change_order_abuse
P-000019,C-00006,INV-C-00006-2,1683639.95,False,,change_order_abuse
P-000020,C-00007,INV-C-00007-0,2022363.68,False,,change_order_abuse
P-000021,C-00007,INV-C-00007-1,2022363.68,False,,change_order_abuse
P-000022,C-00007,INV-C-00007-2,2022363.68,False,,change_order_abuse
P-000023,C-00007,INV-C-00007-3,2022363.68,False,,change_order_abuse
P-000024,C-00008,INV-C-00008-0,1953620.56,False,,change_order_abuse
P-000025,C-00008,INV-C-00008-1,1953620.56,False,,change_order_abuse
P-000026,C-00008,INV-C-00008-2,1953620.56,False,,change_order_abuse
P-000027,C-00008,INV-C-00008-3,1953620.56,False,,change_order_abuse
P-000028,C-00009,INV-C-00009-0,4768796.71,True,,duplicate_invoice
P-000029,C-00009,INV-C-00009-1,4768796.71,True,,duplicate_invoice
P-000030,C-00009,INV-C-00009-2,4768796.71,True,,duplicate_invoice
P-000031,C-00009,INV-C-00009-3,4768796.71,True,,duplicate_invoice
P-000032,C-00010,INV-C-00010-0,1942950.16,False,,none
P-000033,C-00010,INV-C-00010-1,1942950.16,False,,none
P-000034,C-00010,INV-C-00010-2,1942950.16,False,,none
P-000035,C-00010,INV-C-00010-3,1942950.16,False,,none
P-000036,C-00011,INV-C-00011-0,158073.47,False,,change_order_abuse
P-000037,C-00011,INV-C-00011-1,158073.47,False,,change_order_abuse
P-000038,C-00011,INV-C-00011-2,158073.47,False,,change_order_abuse
P-000039,C-00011,INV-C-00011-3,158073.47,False,,change_order_abuse
P-000040,C-00012,INV-C-00012-0,229490.71,False,,change_order_abuse
P-000041,C-00012,INV-C-00012-1,229490.71,False,,change_order_abuse
P-000042,C-00012,INV-C-00012-2,229490.71,False,,change_order_abuse
P-000043,C-00013,INV-C-00013-0,213346.71,False,,none
P-000044,C-00013,INV-C-00013-1,213346.71,False,,none
P-000045,C-00013,INV-C-00013-2,213346.71,False,,none
P-000046,C-00014,INV-C-00014-0,163725.88,False,,change_order_abuse
P-000047,C-00014,INV-C-00014-1,163725.88,False,,change_order_abuse
P-000048,C-00014,INV-C-00014-2,163725.88,False,,change_order_abuse
P-000049,C-00014,INV-C-00014-3,163725.88,False,,change_order_abuse
P-000050,C-00015,INV-C-00015-0,769450.49,False,V-0167,pass_through_cartel
P-000051,C-00016,INV-C-00016-0,2669210.38,False,,change_order_abuse
P-000052,C-00016,INV-C-00016-1,2669210.38,False,,change_order_abuse
P-000053,C-00017,INV-C-00017-0,11806029.35,False,,none
P-000054,C-00018,INV-C-00018-0,352764.31,False,,change_order_abuse
P-000055,C-00018,INV-C-00018-1,352764.31,False,,change_order_abuse
P-000056,C-00018,INV-C-00018-2,352764.31,False,,change_order_abuse
P-000057,C-00018,INV-C-00018-3,352764.31,False,,change_order_abuse
P-000058,C-00019,INV-C-00019-0,4333911.7,False,,change_order_abuse
P-000059,C-00019,INV-C-00019-1,4333911.7,False,,change_order_abuse
P-000060,C-00019,INV-C-00019-2,4333911.7,False,,change_order_abuse
P-000061,C-00020,INV-C-00020-0,6160969.19,False,,change_order_abuse
P-000062,C-00020,INV-C-00020-1,6160969.19,False,,change_order_abuse
P-000063,C-00021,INV-C-00021-0,25331659.78,True,,duplicate_invoice
P-000064,C-00022,INV-C-00022-0,13135575.5,True,,duplicate_invoice
P-000065,C-00022,INV-C-00022-1,13135575.5,True,,duplicate_invoice
P-000066,C-00023,INV-C-00023-0,2415555.87,False,,change_order_abuse
P-000067,C-00024,INV-C-00024-0,2109172.27,False,,change_order_abuse
P-000068,C-00025,INV-C-00025-0,608532.79,False,,change_order_abuse
P-000069,C-00025,INV-C-00025-1,608532.79,False,,change_order_abuse
P-000070,C-00025,INV-C-00025-2,608532.79,False,,change_order_abuse
P-000071,C-00025,INV-C-00025-3,608532.79,False,,change_order_abuse
P-000072,C-00026,INV-C-00026-0,5057120.82,False,,shell_company
P-000073,C-00026,INV-C-00026-1,5057120.82,False,,shell_company
P-000074,C-00026,INV-C-00026-2,5057120.82,False,,shell_company
P-000075,C-00027,INV-C-00027-0,5105228.75,False,,change_order_abuse
P-000076,C-00028,INV-C-00028-0,201356.91,False,,change_order_abuse
P-000077,C-00028,INV-C-00028-1,201356.91,False,,change_order_abuse
P-000078,C-00028,INV-C-00028-2,201356.91,False,,change_order_abuse
P-000079,C-00029,INV-C-00029-0,152215.76,False,,change_order_abuse
P-000080,C-00029,INV-C-00029-1,152215.76,False,,change_order_abuse
P-000081,C-00029,INV-C-00029-2,152215.76,False,,change_order_abuse
P-000082,C-00030,INV-C-00030-0,1226581.73,False,,change_order_abuse
P-000083,C-00030,INV-C-00030-1,1226581.73,False,,change_order_abuse
P-000084,C-00031,INV-C-00031-0,2393316.27,False,,change_order_abuse
P-000085,C-00032,INV-C-00032-0,5941479.64,True,,duplicate_invoice
P-000086,C-00033,INV-C-00033-0,6059360.69,False,,change_order_abuse
P-000087,C-00033,INV-C-00033-1,6059360.69,False,,change_order_abuse
P-000088,C-00033,INV-C-00033-2,6059360.69,False,,change_order_abuse
P-000089,C-00033,INV-C-00033-3,6059360.69,False,,change_order_abuse
P-000090,C-00034,INV-C-00034-0,436630.18,False,,change_order_abuse
P-000091,C-00035,INV-C-00035-0,184334.15,False,,change_order_abuse
P-000092,C-00035,INV-C-00035-1,184334.15,False,,change_order_abuse
P-000093,C-00035,INV-C-00035-2,184334.15,False,,change_order_abuse
P-000094,C-00036,INV-C-00036-0,279614.58,True,,duplicate_invoice
P-000095,C-00036,INV-C-00036-1,279614.58,True,,duplicate_invoice
P-000096,C-00036,INV-C-00036-2,279614.58,True,,duplicate_invoice
P-000097,C-00037,INV-C-00037-0,12140639.45,False,V-0166,pass_through_cartel
P-000098,C-00037,INV-C-00037-1,12140639.45,False,V-0125,pass_through_cartel
P-000099,C-00037,INV-C-00037-2,12140639.45,False,V-0125,pass_through_cartel
P-000100,C-00037,INV-C-00037-3,12140639.45,False,V-0083,pass_through_cartel
P-000101,C-00038,INV-C-00038-0,6259742.45,True,,duplicate_invoice
P-000102,C-00038,INV-C-00038-1,6259742.45,True,,duplicate_invoice
P-000103,C-00038,INV-C-00038-2,6259742.45,True,,duplicate_invoice
P-000104,C-00038,INV-C-00038-3,6259742.45,True,,duplicate_invoice
P-000105,C-00039,INV-C-00039-0,13945887.55,False,,change_order_abuse
P-000106,C-00040,INV-C-00040-0,4650902.75,False,,phantom_project
P-000107,C-00040,INV-C-00040-1,4650902.75,False,,phantom_project
P-000108,C-00040,INV-C-00040-2,4650902.75,False,,phantom_project
P-000109,C-00041,INV-C-00041-0,11060329.2,True,,duplicate_invoice
P-000110,C-00041,INV-C-00041-1,11060329.2,True,,duplicate_invoice
P-000111,C-00042,INV-C-00042-0,1173752.34,False,,none
P-000112,C-00042,INV-C-00042-1,1173752.34,False,,none
P-000113,C-00043,INV-C-00043-0,497824.88,True,,duplicate_invoice
P-000114,C-00043,INV-C-00043-1,497824.88,True,,duplicate_invoice
P-000115,C-00043,INV-C-00043-2,497824.88,True,,duplicate_invoice
P-000116,C-00043,INV-C-00043-3,497824.88,True,,duplicate_invoice
P-000117,C-00044,INV-C-00044-0,3363147.75,False,,conflict_of_interest
P-000118,C-00044,INV-C-00044-1,3363147.75,False,,conflict_of_interest
P-000119,C-00044,INV-C-00044-2,3363147.75,False,,conflict_of_interest
P-000120,C-00044,INV-C-00044-3,3363147.75,False,,conflict_of_interest
P-000121,C-00045,INV-C-00045-0,2264217.06,False,,phantom_project
P-000122,C-00045,INV-C-00045-1,2264217.06,False,,phantom_project
P-000123,C-00045,INV-C-00045-2,2264217.06,False,,phantom_project
P-000124,C-00045,INV-C-00045-3,2264217.06,False,,phantom_project
P-000125,C-00046,INV-C-00046-0,25327102.34,True,,duplicate_invoice
P-000126,C-00047,INV-C-00047-0,3140958.55,False,,phantom_project
P-000127,C-00048,INV-C-00048-0,268821.8,False,V-0407,pass_through_cartel
P-000128,C-00048,INV-C-00048-1,268821.8,False,V-0407,pass_through_cartel
P-000129,C-00049,INV-C-00049-0,128951.35,False,,phantom_project
P-000130,C-00049,INV-C-00049-1,128951.35,False,,phantom_project
P-000131,C-00049,INV-C-00049-2,128951.35,False,,phantom_project
P-000132,C-00049,INV-C-00049-3,128951.35,False,,phantom_project
P-000133,C-00050,INV-C-00050-0,170783.21,False,,none
P-000134,C-00050,INV-C-00050-1,170783.21,False,,none
P-000135,C-00050,INV-C-00050-2,170783.21,False,,none
P-000136,C-00051,INV-C-00051-0,167213.23,False,,none
P-000137,C-00051,INV-C-00051-1,167213.23,False,,none
P-000138,C-00051,INV-C-00051-2,167213.23,False,,none
P-000139,C-00052,INV-C-00052-0,1257777.03,False,,none
P-000140,C-00053,INV-C-00053-0,656164.74,False,,phantom_project
P-000141,C-00054,INV-C-00054-0,452833.73,False,,phantom_project
P-000142,C-00054,INV-C-00054-1,452833.73,False,,phantom_project
P-000143,C-00054,INV-C-00054-2,452833.73,False,,phantom_project
P-000144,C-00054,INV-C-00054-3,452833.73,False,,phantom_project
P-000145,C-00055,INV-C-00055-0,512643.74,False,,phantom_project
P-000146,C-00055,INV-C-00055-1,512643.74,False,,phantom_project
P-000147,C-00055,INV-C-00055-2,512643.74,False,,phantom_project
P-000148,C-00055,INV-C-00055-3,512643.74,False,,phantom_project
P-000149,C-00056,INV-C-00056-0,5373609.11,False,,phantom_project
P-000150,C-00057,INV-C-00057-0,2164444.5,False,,phantom_project
P-000151,C-00057,INV-C-00057-1,2164444.5,False,,phantom_project
P-000152,C-00058,INV-C-00058-0,8226558.87,False,,phantom_project
P-000153,C-00059,INV-C-00059-0,502038.27,False,,phantom_project
P-000154,C-00059,INV-C-00059-1,502038.27,False,,phantom_project
P-000155,C-00059,INV-C-00059-2,502038.27,False,,phantom_project
P-000156,C-00060,INV-C-00060-0,1883730.91,False,,price_inflation
P-000157,C-00060,INV-C-00060-1,1883730.91,False,,price_inflation
P-000158,C-00061,INV-C-00061-0,263710.95,False,,phantom_project
P-000159,C-00061,INV-C-00061-1,263710.95,False,,phantom_project
P-000160,C-00061,INV-C-00061-2,263710.95,False,,phantom_project
P-000161,C-00061,INV-C-00061-3,263710.95,False,,phantom_project
P-000162,C-00062,INV-C-00062-0,213405.07,False,,misrepresented_status
P-000163,C-00062,INV-C-00062-1,213405.07,False,,misrepresented_status
P-000164,C-00062,INV-C-00062-2,213405.07,False,,misrepresented_status
P-000165,C-00063,INV-C-00063-0,663979.56,True,,duplicate_invoice
P-000166,C-00063,INV-C-00063-1,663979.56,True,,duplicate_invoice
P-000167,C-00064,INV-C-00064-0,415748.16,False,V-0029,pass_through_cartel
P-000168,C-00064,INV-C-00064-1,415748.16,False,V-0125,pass_through_cartel
P-000169,C-00065,INV-C-00065-0,2262880.42,False,,misrepresented_status
P-000170,C-00065,INV-C-00065-1,2262880.42,False,,misrepresented_status
P-000171,C-00066,INV-C-00066-0,3097830.6,True,,duplicate_invoice
P-000172,C-00067,INV-C-00067-0,1895171.32,True,,duplicate_invoice
P-000173,C-00067,INV-C-00067-1,1895171.32,True,,duplicate_invoice
P-000174,C-00068,INV-C-00068-0,9886403.7,False,,bid_rigging
P-000175,C-00068,INV-C-00068-1,9886403.7,False,,bid_rigging
P-000176,C-00068,INV-C-00068-2,9886403.7,False,,bid_rigging
P-000177,C-00069,INV-C-00069-0,816003.95,False,,misrepresented_status
P-000178,C-00069,INV-C-00069-1,816003.95,False,,misrepresented_status
P-000179,C-00069,INV-C-00069-2,816003.95,False,,misrepresented_status
P-000180,C-00070,INV-C-00070-0,16863187.05,False,,misrepresented_status
P-000181,C-00071,INV-C-00071-0,498621.1,False,,misrepresented_status
P-000182,C-00071,INV-C-00071-1,498621.1,False,,misrepresented_status
P-000183,C-00071,INV-C-00071-2,498621.1,False,,misrepresented_status
P-000184,C-00071,INV-C-00071-3,498621.1,False,,misrepresented_status
P-000185,C-00072,INV-C-00072-0,1628262.42,False,,misrepresented_status
P-000186,C-00073,INV-C-00073-0,127763.09,True,,duplicate_invoice
P-000187,C-00073,INV-C-00073-1,127763.09,True,,duplicate_invoice
P-000188,C-00073,INV-C-00073-2,127763.09,True,,duplicate_invoice
P-000189,C-00074,INV-C-00074-0,303638.49,False,,misrepresented_status
P-000190,C-00075,INV-C-00075-0,644834.97,False,,none
P-000191,C-00075,INV-C-00075-1,644834.97,False,,none
P-000192,C-00075,INV-C-00075-2,644834.97,False,,none
P-000193,C-00076,INV-C-00076-0,2625923.54,False,,misrepresented_status
P-000194,C-00076,INV-C-00076-1,2625923.54,False,,misrepresented_status
P-000195,C-00077,INV-C-00077-0,6512066.25,False,,misrepresented_status
P-000196,C-00077,INV-C-00077-1,6512066.25,False,,misrepresented_status
P-000197,C-00077,INV-C-00077-2,6512066.25,False,,misrepresented_status
P-000198,C-00077,INV-C-00077-3,6512066.25,False,,misrepresented_status
P-000199,C-00078,INV-C-00078-0,613259.93,True,,duplicate_invoice
P-000200,C-00078,INV-C-00078-1,613259.93,True,,duplicate_invoice
P-000201,C-00078,INV-C-00078-2,613259.93,True,,duplicate_invoice
P-000202,C-00078,INV-C-00078-3,613259.93,True,,duplicate_invoice
P-000203,C-00079,INV-C-00079-0,387632.06,False,V-0029,pass_through_cartel
P-000204,C-00079,INV-C-00079-1,387632.06,False,V-0125,pass_through_cartel
P-000205,C-00079,INV-C-00079-2,387632.06,False,V-0281,pass_through_cartel
P-000206,C-00079,INV-C-00079-3,387632.06,False,V-0281,pass_through_cartel
P-000207,C-00080,INV-C-00080-0,319770.72,False,,none
P-000208,C-00080,INV-C-00080-1,319770.72,False,,none
P-000209,C-00080,INV-C-00080-2,319770.72,False,,none
P-000210,C-00080,INV-C-00080-3,319770.72,False,,none
P-000211,C-00081,INV-C-00081-0,732926.05,True,,duplicate_invoice
P-000212,C-00081,INV-C-00081-1,732926.05,True,,duplicate_invoice
P-000213,C-00081,INV-C-00081-2,732926.05,True,,duplicate_invoice
P-000214,C-00082,INV-C-00082-0,1159286.94,False,,misrepresented_status
P-000215,C-00083,INV-C-00083-0,1811391.66,False,,misrepresented_status
P-000216,C-00083,INV-C-00083-1,1811391.66,False,,misrepresented_status
P-000217,C-00083,INV-C-00083-2,1811391.66,False,,misrepresented_status
P-000218,C-00083,INV-C-00083-3,1811391.66,False,,misrepresented_status
P-000219,C-00084,INV-C-00084-0,846504.41,False,V-0323,pass_through_cartel
P-000220,C-00084,INV-C-00084-1,846504.41,False,V-0121,pass_through_cartel
P-000221,C-00084,INV-C-00084-2,846504.41,False,V-0083,pass_through_cartel
P-000222,C-00084,INV-C-00084-3,846504.41,False,V-0121,pass_through_cartel
P-000223,C-00085,INV-C-00085-0,1624784.53,False,,misrepresented_status
P-000224,C-00085,INV-C-00085-1,1624784.53,False,,misrepresented_status
P-000225,C-00086,INV-C-00086-0,20022482.27,False,,none
P-000226,C-00087,INV-C-00087-0,298516.5,False,,misrepresented_status
P-000227,C-00087,INV-C-00087-1,298516.5,False,,misrepresented_status
P-000228,C-00087,INV-C-00087-2,298516.5,False,,misrepresented_status
P-000229,C-00087,INV-C-00087-3,298516.5,False,,misrepresented_status
P-000230,C-00088,INV-C-00088-0,2286212.31,False,,misrepresented_status
P-000231,C-00088,INV-C-00088-1,2286212.31,False,,misrepresented_status
P-000232,C-00089,INV-C-00089-0,1183677.59,False,V-0281,pass_through_cartel
P-000233,C-00089,INV-C-00089-1,1183677.59,False,V-0166,pass_through_cartel
P-000234,C-00089,INV-C-00089-2,1183677.59,False,V-0125,pass_through_cartel
P-000235,C-00089,INV-C-00089-3,1183677.59,False,V-0407,pass_through_cartel
P-000236,C-00090,INV-C-00090-0,2207260.83,True,,duplicate_invoice
P-000237,C-00090,INV-C-00090-1,2207260.83,True,,duplicate_invoice
P-000238,C-00091,INV-C-00091-0,8836574.84,False,,misrepresented_status
P-000239,C-00092,INV-C-00092-0,3396221.98,False,V-0281,pass_through_cartel
P-000240,C-00092,INV-C-00092-1,3396221.98,False,V-0407,pass_through_cartel
P-000241,C-00092,INV-C-00092-2,3396221.98,False,V-0121,pass_through_cartel
P-000242,C-00093,INV-C-00093-0,13188363.33,False,V-0029,pass_through_cartel
P-000243,C-00094,INV-C-00094-0,2863599.91,False,,misrepresented_status
P-000244,C-00094,INV-C-00094-1,2863599.91,False,,misrepresented_status
P-000245,C-00094,INV-C-00094-2,2863599.91,False,,misrepresented_status
P-000246,C-00095,INV-C-00095-0,3417718.95,False,V-0425,pass_through_cartel
P-000247,C-00095,INV-C-00095-1,3417718.95,False,V-0166,pass_through_cartel
P-000248,C-00095,INV-C-00095-2,3417718.95,False,V-0125,pass_through_cartel
P-000249,C-00096,INV-C-00096-0,229700.31,False,,none
P-000250,C-00096,INV-C-00096-1,229700.31,False,,none
P-000251,C-00096,INV-C-00096-2,229700.31,False,,none
P-000252,C-00097,INV-C-00097-0,4262742.49,False,,misrepresented_status
P-000253,C-00098,INV-C-00098-0,1229127.4,False,,misrepresented_status
P-000254,C-00099,INV-C-00099-0,419978.4,False,,product_substitution
P-000255,C-00099,INV-C-00099-1,419978.4,False,,product_substitution
P-000256,C-00099,INV-C-00099-2,419978.4,False,,product_substitution
P-000257,C-00100,INV-C-00100-0,770146.49,True,,duplicate_invoice
P-000258,C-00100,INV-C-00100-1,770146.49,True,,duplicate_invoice
P-000259,C-00100,INV-C-00100-2,770146.49,True,,duplicate_invoice
P-000260,C-00100,INV-C-00100-3,770146.49,True,,duplicate_invoice
P-000261,C-00101,INV-C-00101-0,19712244.3,False,,product_substitution
P-000262,C-00101,INV-C-00101-1,19712244.3,False,,product_substitution
P-000263,C-00102,INV-C-00102-0,991591.8,False,V-0281,pass_through_cartel
P-000264,C-00102,INV-C-00102-1,991591.8,False,V-0125,pass_through_cartel
P-000265,C-00102,INV-C-00102-2,991591.8,False,V-0298,pass_through_cartel
P-000266,C-00103,INV-C-00103-0,1722341.76,False,,product_substitution
P-000267,C-00104,INV-C-00104-0,496097.97,False,,none
P-000268,C-00104,INV-C-00104-1,496097.97,False,,none
P-000269,C-00104,INV-C-00104-2,496097.97,False,,none
P-000270,C-00104,INV-C-00104-3,496097.97,False,,none
P-000271,C-00105,INV-C-00105-0,2334593.25,False,V-0125,pass_through_cartel
P-000272,C-00106,INV-C-00106-0,755857.24,False,V-0083,pass_through_cartel
P-000273,C-00106,INV-C-00106-1,755857.24,False,V-0083,pass_through_cartel
P-000274,C-00106,INV-C-00106-2,755857.24,False,V-0281,pass_through_cartel
P-000275,C-00106,INV-C-00106-3,755857.24,False,V-0167,pass_through_cartel
P-000276,C-00107,INV-C-00107-0,695422.99,False,,product_substitution
P-000277,C-00107,INV-C-00107-1,695422.99,False,,product_substitution
P-000278,C-00107,INV-C-00107-2,695422.99,False,,product_substitution
P-000279,C-00108,INV-C-00108-0,1687731.75,False,,bid_rigging
P-000280,C-00108,INV-C-00108-1,1687731.75,False,,bid_rigging
P-000281,C-00108,INV-C-00108-2,1687731.75,False,,bid_rigging
P-000282,C-00109,INV-C-00109-0,1616524.07,False,,product_substitution
P-000283,C-00109,INV-C-00109-1,1616524.07,False,,product_substitution
P-000284,C-00109,INV-C-00109-2,1616524.07,False,,product_substitution
P-000285,C-00110,INV-C-00110-0,6626082.98,False,,none
P-000286,C-00110,INV-C-00110-1,6626082.98,False,,none
P-000287,C-00110,INV-C-00110-2,6626082.98,False,,none
P-000288,C-00111,INV-C-00111-0,678957.64,False,,none
P-000289,C-00111,INV-C-00111-1,678957.64,False,,none
P-000290,C-00112,INV-C-00112-0,2380527.0,False,,none
P-000291,C-00113,INV-C-00113-0,3526694.08,False,,product_substitution
P-000292,C-00113,INV-C-00113-1,3526694.08,False,,product_substitution
P-000293,C-00114,INV-C-00114-0,6149659.38,False,,none
P-000294,C-00114,INV-C-00114-1,6149659.38,False,,none
P-000295,C-00114,INV-C-00114-2,6149659.38,False,,none
P-000296,C-00114,INV-C-00114-3,6149659.38,False,,none
P-000297,C-00115,INV-C-00115-0,1732057.49,False,,product_substitution
P-000298,C-00115,INV-C-00115-1,1732057.49,False,,product_substitution
P-000299,C-00116,INV-C-00116-0,1363456.51,False,,product_substitution
P-000300,C-00117,INV-C-00117-0,517834.95,False,,none
P-000301,C-00117,INV-C-00117-1,517834.95,False,,none
P-000302,C-00118,INV-C-00118-0,1939170.42,False,,none
P-000303,C-00118,INV-C-00118-1,1939170.42,False,,none
P-000304,C-00118,INV-C-00118-2,1939170.42,False,,none
P-000305,C-00118,INV-C-00118-3,1939170.42,False,,none
P-000306,C-00119,INV-C-00119-0,4078475.02,False,,none
P-000307,C-00119,INV-C-00119-1,4078475.02,False,,none
P-000308,C-00120,INV-C-00120-0,1961497.61,False,,product_substitution
P-000309,C-00120,INV-C-00120-1,1961497.61,False,,product_substitution
P-000310,C-00120,INV-C-00120-2,1961497.61,False,,product_substitution
P-000311,C-00120,INV-C-00120-3,1961497.61,False,,product_substitution
P-000312,C-00121,INV-C-00121-0,2669101.92,False,,none
P-000313,C-00121,INV-C-00121-1,2669101.92,False,,none
P-000314,C-00121,INV-C-00121-2,2669101.92,False,,none
P-000315,C-00122,INV-C-00122-0,829755.31,False,,none
P-000316,C-00122,INV-C-00122-1,829755.31,False,,none
P-000317,C-00122,INV-C-00122-2,829755.31,False,,none
P-000318,C-00122,INV-C-00122-3,829755.31,False,,none
P-000319,C-00123,INV-C-00123-0,4494621.51,False,,product_substitution
P-000320,C-00123,INV-C-00123-1,4494621.51,False,,product_substitution
P-000321,C-00124,INV-C-00124-0,196889.89,False,,none
P-000322,C-00124,INV-C-00124-1,196889.89,False,,none
P-000323,C-00124,INV-C-00124-2,196889.89,False,,none
P-000324,C-00124,INV-C-00124-3,196889.89,False,,none
P-000325,C-00125,INV-C-00125-0,4236091.43,False,,product_substitution
P-000326,C-00125,INV-C-00125-1,4236091.43,False,,product_substitution
P-000327,C-00125,INV-C-00125-2,4236091.43,False,,product_substitution
P-000328,C-00125,INV-C-00125-3,4236091.43,False,,product_substitution
P-000329,C-00126,INV-C-00126-0,276038.43,False,,none
P-000330,C-00126,INV-C-00126-1,276038.43,False,,none
P-000331,C-00126,INV-C-00126-2,276038.43,False,,none
P-000332,C-00126,INV-C-00126-3,276038.43,False,,none
P-000333,C-00127,INV-C-00127-0,1016510.26,False,,none
P-000334,C-00127,INV-C-00127-1,1016510.26,False,,none
P-000335,C-00127,INV-C-00127-2,1016510.26,False,,none
P-000336,C-00127,INV-C-00127-3,1016510.26,False,,none
P-000337,C-00128,INV-C-00128-0,193168.79,False,,product_substitution
P-000338,C-00128,INV-C-00128-1,193168.79,False,,product_substitution
P-000339,C-00128,INV-C-00128-2,193168.79,False,,product_substitution
P-000340,C-00128,INV-C-00128-3,193168.79,False,,product_substitution
P-000341,C-00129,INV-C-00129-0,454358.15,False,,none
P-000342,C-00129,INV-C-00129-1,454358.15,False,,none
P-000343,C-00129,INV-C-00129-2,454358.15,False,,none
P-000344,C-00129,INV-C-00129-3,454358.15,False,,none
P-000345,C-00130,INV-C-00130-0,3911879.25,False,,none
P-000346,C-00130,INV-C-00130-1,3911879.25,False,,none
P-000347,C-00130,INV-C-00130-2,3911879.25,False,,none
P-000348,C-00130,INV-C-00130-3,3911879.25,False,,none
P-000349,C-00131,INV-C-00131-0,1179036.04,False,,bid_rigging
P-000350,C-00131,INV-C-00131-1,1179036.04,False,,bid_rigging
P-000351,C-00131,INV-C-00131-2,1179036.04,False,,bid_rigging
P-000352,C-00132,INV-C-00132-0,17395743.52,False,,product_substitution
P-000353,C-00132,INV-C-00132-1,17395743.52,False,,product_substitution
P-000354,C-00133,INV-C-00133-0,217647.37,False,,none
P-000355,C-00133,INV-C-00133-1,217647.37,False,,none
P-000356,C-00133,INV-C-00133-2,217647.37,False,,none
P-000357,C-00134,INV-C-00134-0,153921.98,False,,none
P-000358,C-00134,INV-C-00134-1,153921.98,False,,none
P-000359,C-00134,INV-C-00134-2,153921.98,False,,none
P-000360,C-00134,INV-C-00134-3,153921.98,False,,none
P-000361,C-00135,INV-C-00135-0,652898.56,False,,product_substitution
P-000362,C-00136,INV-C-00136-0,302333.96,False,,product_substitution
P-000363,C-00136,INV-C-00136-1,302333.96,False,,product_substitution
P-000364,C-00137,INV-C-00137-0,197723.32,False,,product_substitution
P-000365,C-00137,INV-C-00137-1,197723.32,False,,product_substitution
P-000366,C-00137,INV-C-00137-2,197723.32,False,,product_substitution
P-000367,C-00138,INV-C-00138-0,618469.57,False,,none
P-000368,C-00139,INV-C-00139-0,136366.46,False,,none
P-000369,C-00139,INV-C-00139-1,136366.46,False,,none
P-000370,C-00139,INV-C-00139-2,136366.46,False,,none
P-000371,C-00139,INV-C-00139-3,136366.46,False,,none
P-000372,C-00140,INV-C-00140-0,212297.67,False,,none
P-000373,C-00140,INV-C-00140-1,212297.67,False,,none
P-000374,C-00140,INV-C-00140-2,212297.67,False,,none
P-000375,C-00141,INV-C-00141-0,2632530.78,False,,bid_rigging
P-000376,C-00142,INV-C-00142-0,120957.34,False,,shell_company
P-000377,C-00142,INV-C-00142-1,120957.34,False,,shell_company
P-000378,C-00142,INV-C-00142-2,120957.34,False,,shell_company
P-000379,C-00143,INV-C-00143-0,73853.94,False,,none
P-000380,C-00143,INV-C-00143-1,73853.94,False,,none
P-000381,C-00144,INV-C-00144-0,2992168.15,False,,shell_company
P-000382,C-00145,INV-C-00145-0,1008574.73,False,,product_substitution
P-000383,C-00145,INV-C-00145-1,1008574.73,False,,product_substitution
P-000384,C-00145,INV-C-00145-2,1008574.73,False,,product_substitution
P-000385,C-00146,INV-C-00146-0,8916386.15,False,,none
P-000386,C-00146,INV-C-00146-1,8916386.15,False,,none
P-000387,C-00147,INV-C-00147-0,2600175.2,False,,product_substitution
P-000388,C-00147,INV-C-00147-1,2600175.2,False,,product_substitution
P-000389,C-00147,INV-C-00147-2,2600175.2,False,,product_substitution
P-000390,C-00147,INV-C-00147-3,2600175.2,False,,product_substitution
P-000391,C-00148,INV-C-00148-0,207453.53,False,,none
P-000392,C-00148,INV-C-00148-1,207453.53,False,,none
P-000393,C-00148,INV-C-00148-2,207453.53,False,,none
P-000394,C-00148,INV-C-00148-3,207453.53,False,,none
P-000395,C-00149,INV-C-00149-0,1260180.1,False,,none
P-000396,C-00149,INV-C-00149-1,1260180.1,False,,none
P-000397,C-00150,INV-C-00150-0,384824.51,False,,product_substitution
P-000398,C-00150,INV-C-00150-1,384824.51,False,,product_substitution
P-000399,C-00151,INV-C-00151-0,1295311.65,False,,none
P-000400,C-00151,INV-C-00151-1,1295311.65,False,,none
P-000401,C-00152,INV-C-00152-0,2430166.98,False,,product_substitution
P-000402,C-00153,INV-C-00153-0,583015.44,False,,product_substitution
P-000403,C-00153,INV-C-00153-1,583015.44,False,,product_substitution
P-000404,C-00153,INV-C-00153-2,583015.44,False,,product_substitution
P-000405,C-00153,INV-C-00153-3,583015.44,False,,product_substitution
P-000406,C-00154,INV-C-00154-0,1383258.53,False,,none
P-000407,C-00154,INV-C-00154-1,1383258.53,False,,none
P-000408,C-00154,INV-C-00154-2,1383258.53,False,,none
P-000409,C-00154,INV-C-00154-3,1383258.53,False,,none
P-000410,C-00155,INV-C-00155-0,752174.22,False,,none
P-000411,C-00156,INV-C-00156-0,1062372.32,False,,none
P-000412,C-00156,INV-C-00156-1,1062372.32,False,,none
P-000413,C-00156,INV-C-00156-2,1062372.32,False,,none
P-000414,C-00157,INV-C-00157-0,1758192.55,False,,none
P-000415,C-00158,INV-C-00158-0,106235194.96,False,,grand_deception
P-000416,C-00159,INV-C-00159-0,1262731.68,False,,none
P-000417,C-00160,INV-C-00160-0,5152965.05,False,,none
P-000418,C-00161,INV-C-00161-0,5326233.13,False,,none
P-000419,C-00162,INV-C-00162-0,143930.95,False,,bid_rigging
P-000420,C-00162,INV-C-00162-1,143930.95,False,,bid_rigging
P-000421,C-00163,INV-C-00163-0,6008485.06,False,,none
P-000422,C-00164,INV-C-00164-0,1317121.06,False,,none
P-000423,C-00164,INV-C-00164-1,1317121.06,False,,none
P-000424,C-00164,INV-C-00164-2,1317121.06,False,,none
P-000425,C-00165,INV-C-00165-0,806988.17,False,,none
P-000426,C-00165,INV-C-00165-1,806988.17,False,,none
P-000427,C-00165,INV-C-00165-2,806988.17,False,,none
P-000428,C-00166,INV-C-00166-0,11129100.69,False,,none
P-000429,C-00167,INV-C-00167-0,653453.51,False,,none
P-000430,C-00167,INV-C-00167-1,653453.51,False,,none
P-000431,C-00167,INV-C-00167-2,653453.51,False,,none
P-000432,C-00168,INV-C-00168-0,4246167.92,False,,none
P-000433,C-00168,INV-C-00168-1,4246167.92,False,,none
P-000434,C-00168,INV-C-00168-2,4246167.92,False,,none
P-000435,C-00169,INV-C-00169-0,1031102.65,False,,none
P-000436,C-00169,INV-C-00169-1,1031102.65,False,,none
P-000437,C-00170,INV-C-00170-0,8373444.37,False,,none
P-000438,C-00170,INV-C-00170-1,8373444.37,False,,none
P-000439,C-00171,INV-C-00171-0,1668193.4,False,,grand_deception
P-000440,C-00171,INV-C-00171-1,1668193.4,False,,grand_deception
P-000441,C-00171,INV-C-00171-2,1668193.4,False,,grand_deception
P-000442,C-00171,INV-C-00171-3,1668193.4,False,,grand_deception
P-000443,C-00172,INV-C-00172-0,245016.51,False,,ai_generated_doc
P-000444,C-00172,INV-C-00172-1,245016.51,False,,ai_generated_doc
P-000445,C-00172,INV-C-00172-2,245016.51,False,,ai_generated_doc
P-000446,C-00173,INV-C-00173-0,200519.07,False,,none
P-000447,C-00173,INV-C-00173-1,200519.07,False,,none
P-000448,C-00173,INV-C-00173-2,200519.07,False,,none
P-000449,C-00173,INV-C-00173-3,200519.07,False,,none
P-000450,C-00174,INV-C-00174-0,3362907.15,False,,grand_deception
P-000451,C-00174,INV-C-00174-1,3362907.15,False,,grand_deception
P-000452,C-00175,INV-C-00175-0,919759.25,False,,none
P-000453,C-00176,INV-C-00176-0,1623643.1,False,,none
P-000454,C-00176,INV-C-00176-1,1623643.1,False,,none
P-000455,C-00176,INV-C-00176-2,1623643.1,False,,none
P-000456,C-00177,INV-C-00177-0,1295050.61,False,,none
P-000457,C-00178,INV-C-00178-0,1025320.62,False,,none
P-000458,C-00179,INV-C-00179-0,2694562.83,False,,none
P-000459,C-00180,INV-C-00180-0,347058.99,False,,none
P-000460,C-00180,INV-C-00180-1,347058.99,False,,none
P-000461,C-00180,INV-C-00180-2,347058.99,False,,none
P-000462,C-00180,INV-C-00180-3,347058.99,False,,none
P-000463,C-00181,INV-C-00181-0,4013279.72,False,,none
P-000464,C-00182,INV-C-00182-0,1251104.93,False,,price_inflation
P-000465,C-00182,INV-C-00182-1,1251104.93,False,,price_inflation
P-000466,C-00182,INV-C-00182-2,1251104.93,False,,price_inflation
P-000467,C-00182,INV-C-00182-3,1251104.93,False,,price_inflation
P-000468,C-00183,INV-C-00183-0,103682.34,False,,none
P-000469,C-00183,INV-C-00183-1,103682.34,False,,none
P-000470,C-00183,INV-C-00183-2,103682.34,False,,none
P-000471,C-00184,INV-C-00184-0,397799.76,False,,none
P-000472,C-00184,INV-C-00184-1,397799.76,False,,none
P-000473,C-00184,INV-C-00184-2,397799.76,False,,none
P-000474,C-00184,INV-C-00184-3,397799.76,False,,none
P-000475,C-00185,INV-C-00185-0,3122883.82,False,,grand_deception
P-000476,C-00186,INV-C-00186-0,400401.03,False,,none
P-000477,C-00186,INV-C-00186-1,400401.03,False,,none
P-000478,C-00186,INV-C-00186-2,400401.03,False,,none
P-000479,C-00187,INV-C-00187-0,12802079.31,False,,none
P-000480,C-00188,INV-C-00188-0,341652.18,False,,none
P-000481,C-00188,INV-C-00188-1,341652.18,False,,none
P-000482,C-00188,INV-C-00188-2,341652.18,False,,none
P-000483,C-00189,INV-C-00189-0,155023.1,False,,none
P-000484,C-00189,INV-C-00189-1,155023.1,False,,none
P-000485,C-00189,INV-C-00189-2,155023.1,False,,none
P-000486,C-00189,INV-C-00189-3,155023.1,False,,none
P-000487,C-00190,INV-C-00190-0,404855.52,False,,none
P-000488,C-00190,INV-C-00190-1,404855.52,False,,none
P-000489,C-00191,INV-C-00191-0,2355517.8,False,,none
P-000490,C-00192,INV-C-00192-0,3479231.08,False,,price_inflation
P-000491,C-00192,INV-C-00192-1,3479231.08,False,,price_inflation
P-000492,C-00192,INV-C-00192-2,3479231.08,False,,price_inflation
P-000493,C-00192,INV-C-00192-3,3479231.08,False,,price_inflation
P-000494,C-00193,INV-C-00193-0,745223.25,False,,price_inflation
P-000495,C-00193,INV-C-00193-1,745223.25,False,,price_inflation
P-000496,C-00193,INV-C-00193-2,745223.25,False,,price_inflation
P-000497,C-00193,INV-C-00193-3,745223.25,False,,price_inflation
P-000498,C-00194,INV-C-00194-0,584518.77,False,,none
P-000499,C-00194,INV-C-00194-1,584518.77,False,,none
P-000500,C-00194,INV-C-00194-2,584518.77,False,,none
P-000501,C-00194,INV-C-00194-3,584518.77,False,,none
P-000502,C-00195,INV-C-00195-0,4619645.99,False,,none
P-000503,C-00195,INV-C-00195-1,4619645.99,False,,none
P-000504,C-00195,INV-C-00195-2,4619645.99,False,,none
P-000505,C-00195,INV-C-00195-3,4619645.99,False,,none
P-000506,C-00196,INV-C-00196-0,314462.28,False,,none
P-000507,C-00196,INV-C-00196-1,314462.28,False,,none
P-000508,C-00197,INV-C-00197-0,315966.98,False,,none
P-000509,C-00197,INV-C-00197-1,315966.98,False,,none
P-000510,C-00197,INV-C-00197-2,315966.98,False,,none
P-000511,C-00197,INV-C-00197-3,315966.98,False,,none
P-000512,C-00198,INV-C-00198-0,6601381.59,False,,none
P-000513,C-00198,INV-C-00198-1,6601381.59,False,,none
P-000514,C-00198,INV-C-00198-2,6601381.59,False,,none
P-000515,C-00198,INV-C-00198-3,6601381.59,False,,none
P-000516,C-00199,INV-C-00199-0,313645.28,False,,none
P-000517,C-00199,INV-C-00199-1,313645.28,False,,none
P-000518,C-00200,INV-C-00200-0,1305271.83,False,,none
P-000519,C-00201,INV-C-00201-0,1316411.32,False,,none
P-000520,C-00201,INV-C-00201-1,1316411.32,False,,none
P-000521,C-00201,INV-C-00201-2,1316411.32,False,,none
P-000522,C-00201,INV-C-00201-3,1316411.32,False,,none
P-000523,C-00202,INV-C-00202-0,813632.92,False,,none
P-000524,C-00203,INV-C-00203-0,590760.96,False,,none
P-000525,C-00204,INV-C-00204-0,639829.62,False,,none
P-000526,C-00204,INV-C-00204-1,639829.62,False,,none
P-000527,C-00205,INV-C-00205-0,1605841.9,False,,none
P-000528,C-00205,INV-C-00205-1,1605841.9,False,,none
P-000529,C-00206,INV-C-00206-0,437362.66,False,,none
P-000530,C-00206,INV-C-00206-1,437362.66,False,,none
P-000531,C-00206,INV-C-00206-2,437362.66,False,,none
P-000532,C-00206,INV-C-00206-3,437362.66,False,,none
P-000533,C-00207,INV-C-00207-0,394387.39,False,,price_inflation
P-000534,C-00207,INV-C-00207-1,394387.39,False,,price_inflation
P-000535,C-00208,INV-C-00208-0,404965.54,False,,none
P-000536,C-00208,INV-C-00208-1,404965.54,False,,none
P-000537,C-00208,INV-C-00208-2,404965.54,False,,none
P-000538,C-00208,INV-C-00208-3,404965.54,False,,none
P-000539,C-00209,INV-C-00209-0,356672.77,False,,none
P-000540,C-00209,INV-C-00209-1,356672.77,False,,none
P-000541,C-00209,INV-C-00209-2,356672.77,False,,none
P-000542,C-00210,INV-C-00210-0,655558.2,False,,none
P-000543,C-00210,INV-C-00210-1,655558.2,False,,none
P-000544,C-00211,INV-C-00211-0,9927260.7,False,,bid_suppression
P-000545,C-00211,INV-C-00211-1,9927260.7,False,,bid_suppression
P-000546,C-00212,INV-C-00212-0,4029360.1,False,,bid_rigging
P-000547,C-00213,INV-C-00213-0,1956867.89,False,,none
P-000548,C-00213,INV-C-00213-1,1956867.89,False,,none
P-000549,C-00213,INV-C-00213-2,1956867.89,False,,none
P-000550,C-00214,INV-C-00214-0,132058.14,False,,ai_generated_doc
P-000551,C-00214,INV-C-00214-1,132058.14,False,,ai_generated_doc
P-000552,C-00214,INV-C-00214-2,132058.14,False,,ai_generated_doc
P-000553,C-00214,INV-C-00214-3,132058.14,False,,ai_generated_doc
P-000554,C-00215,INV-C-00215-0,108512.82,False,,shell_company
P-000555,C-00215,INV-C-00215-1,108512.82,False,,shell_company
P-000556,C-00215,INV-C-00215-2,108512.82,False,,shell_company
P-000557,C-00215,INV-C-00215-3,108512.82,False,,shell_company
P-000558,C-00216,INV-C-00216-0,519578.94,False,,none
P-000559,C-00216,INV-C-00216-1,519578.94,False,,none
P-000560,C-00217,INV-C-00217-0,7999114.72,False,,none
P-000561,C-00217,INV-C-00217-1,7999114.72,False,,none
P-000562,C-00217,INV-C-00217-2,7999114.72,False,,none
P-000563,C-00218,INV-C-00218-0,885361.57,False,,none
P-000564,C-00218,INV-C-00218-1,885361.57,False,,none
P-000565,C-00218,INV-C-00218-2,885361.57,False,,none
P-000566,C-00219,INV-C-00219-0,3474737.23,False,,none
P-000567,C-00219,INV-C-00219-1,3474737.23,False,,none
P-000568,C-00219,INV-C-00219-2,3474737.23,False,,none
P-000569,C-00219,INV-C-00219-3,3474737.23,False,,none
P-000570,C-00220,INV-C-00220-0,201656.31,False,,none
P-000571,C-00221,INV-C-00221-0,847963.87,False,,none
P-000572,C-00221,INV-C-00221-1,847963.87,False,,none
P-000573,C-00221,INV-C-00221-2,847963.87,False,,none
P-000574,C-00222,INV-C-00222-0,367602.53,False,,none
P-000575,C-00222,INV-C-00222-1,367602.53,False,,none
P-000576,C-00222,INV-C-00222-2,367602.53,False,,none
P-000577,C-00223,INV-C-00223-0,338217.54,False,,none
P-000578,C-00223,INV-C-00223-1,338217.54,False,,none
P-000579,C-00223,INV-C-00223-2,338217.54,False,,none
P-000580,C-00223,INV-C-00223-3,338217.54,False,,none
P-000581,C-00224,INV-C-00224-0,6455484.36,False,,none
P-000582,C-00224,INV-C-00224-1,6455484.36,False,,none
P-000583,C-00225,INV-C-00225-0,5054153.04,False,,none
P-000584,C-00225,INV-C-00225-1,5054153.04,False,,none
P-000585,C-00226,INV-C-00226-0,740566.05,False,,none
P-000586,C-00226,INV-C-00226-1,740566.05,False,,none
P-000587,C-00226,INV-C-00226-2,740566.05,False,,none
P-000588,C-00226,INV-C-00226-3,740566.05,False,,none
P-000589,C-00227,INV-C-00227-0,695024.41,False,,none
P-000590,C-00227,INV-C-00227-1,695024.41,False,,none
P-000591,C-00227,INV-C-00227-2,695024.41,False,,none
P-000592,C-00227,INV-C-00227-3,695024.41,False,,none
P-000593,C-00228,INV-C-00228-0,325706.93,False,,none
P-000594,C-00229,INV-C-00229-0,8589811.06,False,,none
P-000595,C-00230,INV-C-00230-0,790049.08,False,,none
P-000596,C-00231,INV-C-00231-0,2534426.4,False,,none
P-000597,C-00231,INV-C-00231-1,2534426.4,False,,none
P-000598,C-00231,INV-C-00231-2,2534426.4,False,,none
P-000599,C-00232,INV-C-00232-0,382954.14,False,,none
P-000600,C-00232,INV-C-00232-1,382954.14,False,,none
P-000601,C-00232,INV-C-00232-2,382954.14,False,,none
P-000602,C-00233,INV-C-00233-0,5134506.09,False,,none
P-000603,C-00234,INV-C-00234-0,1751275.12,False,,none
P-000604,C-00234,INV-C-00234-1,1751275.12,False,,none
P-000605,C-00234,INV-C-00234-2,1751275.12,False,,none
P-000606,C-00234,INV-C-00234-3,1751275.12,False,,none
P-000607,C-00235,INV-C-00235-0,3248609.48,False,,none
P-000608,C-00235,INV-C-00235-1,3248609.48,False,,none
P-000609,C-00235,INV-C-00235-2,3248609.48,False,,none
P-000610,C-00235,INV-C-00235-3,3248609.48,False,,none
P-000611,C-00236,INV-C-00236-0,131054.76,False,,none
P-000612,C-00236,INV-C-00236-1,131054.76,False,,none
P-000613,C-00237,INV-C-00237-0,6937252.38,False,,none
P-000614,C-00237,INV-C-00237-1,6937252.38,False,,none
P-000615,C-00238,INV-C-00238-0,209272.64,False,,none
P-000616,C-00238,INV-C-00238-1,209272.64,False,,none
P-000617,C-00238,INV-C-00238-2,209272.64,False,,none
P-000618,C-00238,INV-C-00238-3,209272.64,False,,none
P-000619,C-00239,INV-C-00239-0,1160639.24,False,,none
P-000620,C-00240,INV-C-00240-0,695802.75,False,,none
P-000621,C-00240,INV-C-00240-1,695802.75,False,,none
P-000622,C-00240,INV-C-00240-2,695802.75,False,,none
P-000623,C-00240,INV-C-00240-3,695802.75,False,,none
P-000624,C-00241,INV-C-00241-0,344318.17,False,,conflict_of_interest
P-000625,C-00241,INV-C-00241-1,344318.17,False,,conflict_of_interest
P-000626,C-00241,INV-C-00241-2,344318.17,False,,conflict_of_interest
P-000627,C-00242,INV-C-00242-0,388429.47,False,,none
P-000628,C-00242,INV-C-00242-1,388429.47,False,,none
P-000629,C-00242,INV-C-00242-2,388429.47,False,,none
P-000630,C-00242,INV-C-00242-3,388429.47,False,,none
P-000631,C-00243,INV-C-00243-0,512592.37,False,,conflict_of_interest
P-000632,C-00243,INV-C-00243-1,512592.37,False,,conflict_of_interest
P-000633,C-00243,INV-C-00243-2,512592.37,False,,conflict_of_interest
P-000634,C-00243,INV-C-00243-3,512592.37,False,,conflict_of_interest
P-000635,C-00244,INV-C-00244-0,15048986.46,False,,none
P-000636,C-00245,INV-C-00245-0,24036324.44,False,,none
P-000637,C-00246,INV-C-00246-0,916584.37,False,,none
P-000638,C-00246,INV-C-00246-1,916584.37,False,,none
P-000639,C-00246,INV-C-00246-2,916584.37,False,,none
P-000640,C-00247,INV-C-00247-0,1482133.62,False,,none
P-000641,C-00247,INV-C-00247-1,1482133.62,False,,none
P-000642,C-00247,INV-C-00247-2,1482133.62,False,,none
P-000643,C-00247,INV-C-00247-3,1482133.62,False,,none
P-000644,C-00248,INV-C-00248-0,13471701.99,False,,none
P-000645,C-00248,INV-C-00248-1,13471701.99,False,,none
P-000646,C-00249,INV-C-00249-0,3781293.81,False,,none
P-000647,C-00249,INV-C-00249-1,3781293.81,False,,none
P-000648,C-00249,INV-C-00249-2,3781293.81,False,,none
P-000649,C-00250,INV-C-00250-0,230313.05,False,,conflict_of_interest
P-000650,C-00250,INV-C-00250-1,230313.05,False,,conflict_of_interest
P-000651,C-00250,INV-C-00250-2,230313.05,False,,conflict_of_interest
P-000652,C-00250,INV-C-00250-3,230313.05,False,,conflict_of_interest
P-000653,C-00251,INV-C-00251-0,1277838.98,False,,none
P-000654,C-00251,INV-C-00251-1,1277838.98,False,,none
P-000655,C-00251,INV-C-00251-2,1277838.98,False,,none
P-000656,C-00251,INV-C-00251-3,1277838.98,False,,none
P-000657,C-00252,INV-C-00252-0,551565.49,False,,ai_generated_doc
P-000658,C-00252,INV-C-00252-1,551565.49,False,,ai_generated_doc
P-000659,C-00252,INV-C-00252-2,551565.49,False,,ai_generated_doc
P-000660,C-00253,INV-C-00253-0,148836.58,False,,bid_rigging
P-000661,C-00253,INV-C-00253-1,148836.58,False,,bid_rigging
P-000662,C-00254,INV-C-00254-0,567562.7,False,,none
P-000663,C-00254,INV-C-00254-1,567562.7,False,,none
P-000664,C-00255,INV-C-00255-0,592550.06,False,,none
P-000665,C-00255,INV-C-00255-1,592550.06,False,,none
P-000666,C-00255,INV-C-00255-2,592550.06,False,,none
P-000667,C-00255,INV-C-00255-3,592550.06,False,,none
P-000668,C-00256,INV-C-00256-0,345165.67,False,,none
P-000669,C-00256,INV-C-00256-1,345165.67,False,,none
P-000670,C-00256,INV-C-00256-2,345165.67,False,,none
P-000671,C-00257,INV-C-00257-0,1502103.94,False,,none
P-000672,C-00257,INV-C-00257-1,1502103.94,False,,none
P-000673,C-00257,INV-C-00257-2,1502103.94,False,,none
P-000674,C-00258,INV-C-00258-0,159739.18,False,,none
P-000675,C-00258,INV-C-00258-1,159739.18,False,,none
P-000676,C-00258,INV-C-00258-2,159739.18,False,,none
P-000677,C-00258,INV-C-00258-3,159739.18,False,,none
P-000678,C-00259,INV-C-00259-0,3166900.13,False,,none
P-000679,C-00260,INV-C-00260-0,1097301.72,False,,none
P-000680,C-00260,INV-C-00260-1,1097301.72,False,,none
P-000681,C-00261,INV-C-00261-0,2161030.86,False,,conflict_of_interest
P-000682,C-00261,INV-C-00261-1,2161030.86,False,,conflict_of_interest
P-000683,C-00261,INV-C-00261-2,2161030.86,False,,conflict_of_interest
P-000684,C-00261,INV-C-00261-3,2161030.86,False,,conflict_of_interest
P-000685,C-00262,INV-C-00262-0,379691.73,False,,none
P-000686,C-00262,INV-C-00262-1,379691.73,False,,none
P-000687,C-00263,INV-C-00263-0,1754370.98,False,,none
P-000688,C-00263,INV-C-00263-1,1754370.98,False,,none
P-000689,C-00264,INV-C-00264-0,1190573.31,False,,none
P-000690,C-00264,INV-C-00264-1,1190573.31,False,,none
P-000691,C-00264,INV-C-00264-2,1190573.31,False,,none
P-000692,C-00264,INV-C-00264-3,1190573.31,False,,none
P-000693,C-00265,INV-C-00265-0,5640466.92,False,,none
P-000694,C-00265,INV-C-00265-1,5640466.92,False,,none
P-000695,C-00265,INV-C-00265-2,5640466.92,False,,none
P-000696,C-00265,INV-C-00265-3,5640466.92,False,,none
P-000697,C-00266,INV-C-00266-0,300600.0,False,,none
P-000698,C-00266,INV-C-00266-1,300600.0,False,,none
P-000699,C-00266,INV-C-00266-2,300600.0,False,,none
P-000700,C-00266,INV-C-00266-3,300600.0,False,,none
P-000701,C-00267,INV-C-00267-0,433199.1,False,,none
P-000702,C-00267,INV-C-00267-1,433199.1,False,,none
P-000703,C-00267,INV-C-00267-2,433199.1,False,,none
P-000704,C-00267,INV-C-00267-3,433199.1,False,,none
P-000705,C-00268,INV-C-00268-0,99259.75,False,,bid_rigging
P-000706,C-00268,INV-C-00268-1,99259.75,False,,bid_rigging
P-000707,C-00268,INV-C-00268-2,99259.75,False,,bid_rigging
P-000708,C-00269,INV-C-00269-0,275089.86,False,,none
P-000709,C-00269,INV-C-00269-1,275089.86,False,,none
P-000710,C-00269,INV-C-00269-2,275089.86,False,,none
P-000711,C-00269,INV-C-00269-3,275089.86,False,,none
P-000712,C-00270,INV-C-00270-0,2603299.55,False,,none
P-000713,C-00270,INV-C-00270-1,2603299.55,False,,none
P-000714,C-00270,INV-C-00270-2,2603299.55,False,,none
P-000715,C-00271,INV-C-00271-0,1417910.05,False,,none
P-000716,C-00271,INV-C-00271-1,1417910.05,False,,none
P-000717,C-00271,INV-C-00271-2,1417910.05,False,,none
P-000718,C-00272,INV-C-00272-0,909452.83,False,,none
P-000719,C-00272,INV-C-00272-1,909452.83,False,,none
P-000720,C-00272,INV-C-00272-2,909452.83,False,,none
P-000721,C-00272,INV-C-00272-3,909452.83,False,,none
P-000722,C-00273,INV-C-00273-0,635488.12,False,,none
P-000723,C-00273,INV-C-00273-1,635488.12,False,,none
P-000724,C-00273,INV-C-00273-2,635488.12,False,,none
P-000725,C-00273,INV-C-00273-3,635488.12,False,,none
P-000726,C-00274,INV-C-00274-0,869446.33,False,,none
P-000727,C-00274,INV-C-00274-1,869446.33,False,,none
P-000728,C-00274,INV-C-00274-2,869446.33,False,,none
P-000729,C-00274,INV-C-00274-3,869446.33,False,,none
P-000730,C-00275,INV-C-00275-0,348581.26,False,,bid_rigging
P-000731,C-00275,INV-C-00275-1,348581.26,False,,bid_rigging
P-000732,C-00275,INV-C-00275-2,348581.26,False,,bid_rigging
P-000733,C-00276,INV-C-00276-0,675961.52,False,,none
P-000734,C-00276,INV-C-00276-1,675961.52,False,,none
P-000735,C-00276,INV-C-00276-2,675961.52,False,,none
P-000736,C-00277,INV-C-00277-0,221349.45,False,,none
P-000737,C-00277,INV-C-00277-1,221349.45,False,,none
P-000738,C-00277,INV-C-00277-2,221349.45,False,,none
P-000739,C-00277,INV-C-00277-3,221349.45,False,,none
P-000740,C-00278,INV-C-00278-0,4258837.51,False,,none
P-000741,C-00279,INV-C-00279-0,166918.74,False,,none
P-000742,C-00279,INV-C-00279-1,166918.74,False,,none
P-000743,C-00279,INV-C-00279-2,166918.74,False,,none
P-000744,C-00280,INV-C-00280-0,1214153.1,False,,none
P-000745,C-00280,INV-C-00280-1,1214153.1,False,,none
P-000746,C-00280,INV-C-00280-2,1214153.1,False,,none
P-000747,C-00281,INV-C-00281-0,2328506.91,False,,none
P-000748,C-00281,INV-C-00281-1,2328506.91,False,,none
P-000749,C-00282,INV-C-00282-0,4146921.03,False,,none
P-000750,C-00282,INV-C-00282-1,4146921.03,False,,none
P-000751,C-00282,INV-C-00282-2,4146921.03,False,,none
P-000752,C-00283,INV-C-00283-0,3517407.12,False,,none
P-000753,C-00283,INV-C-00283-1,3517407.12,False,,none
P-000754,C-00283,INV-C-00283-2,3517407.12,False,,none
P-000755,C-00283,INV-C-00283-3,3517407.12,False,,none
P-000756,C-00284,INV-C-00284-0,332067.96,False,,none
P-000757,C-00284,INV-C-00284-1,332067.96,False,,none
P-000758,C-00284,INV-C-00284-2,332067.96,False,,none
P-000759,C-00285,INV-C-00285-0,1071328.73,False,,none
P-000760,C-00285,INV-C-00285-1,1071328.73,False,,none
P-000761,C-00285,INV-C-00285-2,1071328.73,False,,none
P-000762,C-00286,INV-C-00286-0,2507841.21,False,,none
P-000763,C-00287,INV-C-00287-0,117748.63,False,,none
P-000764,C-00287,INV-C-00287-1,117748.63,False,,none
P-000765,C-00288,INV-C-00288-0,3116542.8,False,,none
P-000766,C-00288,INV-C-00288-1,3116542.8,False,,none
P-000767,C-00288,INV-C-00288-2,3116542.8,False,,none
P-000768,C-00289,INV-C-00289-0,342226.03,False,,none
P-000769,C-00290,INV-C-00290-0,77057.15,False,,bid_rigging
P-000770,C-00290,INV-C-00290-1,77057.15,False,,bid_rigging
P-000771,C-00290,INV-C-00290-2,77057.15,False,,bid_rigging
P-000772,C-00291,INV-C-00291-0,2969636.25,False,,none
P-000773,C-00291,INV-C-00291-1,2969636.25,False,,none
P-000774,C-00292,INV-C-00292-0,185551.35,False,,none
P-000775,C-00292,INV-C-00292-1,185551.35,False,,none
P-000776,C-00292,INV-C-00292-2,185551.35,False,,none
P-000777,C-00292,INV-C-00292-3,185551.35,False,,none
P-000778,C-00293,INV-C-00293-0,1110656.21,False,,none
P-000779,C-00293,INV-C-00293-1,1110656.21,False,,none
P-000780,C-00293,INV-C-00293-2,1110656.21,False,,none
P-000781,C-00293,INV-C-00293-3,1110656.21,False,,none
P-000782,C-00294,INV-C-00294-0,660319.3,False,,none
P-000783,C-00294,INV-C-00294-1,660319.3,False,,none
P-000784,C-00295,INV-C-00295-0,18498600.58,False,,none
P-000785,C-00296,INV-C-00296-0,1335653.69,False,,none
P-000786,C-00296,INV-C-00296-1,1335653.69,False,,none
P-000787,C-00296,INV-C-00296-2,1335653.69,False,,none
P-000788,C-00297,INV-C-00297-0,6361782.74,False,,shell_company
P-000789,C-00297,INV-C-00297-1,6361782.74,False,,shell_company
P-000790,C-00297,INV-C-00297-2,6361782.74,False,,shell_company
P-000791,C-00297,INV-C-00297-3,6361782.74,False,,shell_company
P-000792,C-00298,INV-C-00298-0,1202983.71,False,,none
P-000793,C-00298,INV-C-00298-1,1202983.71,False,,none
P-000794,C-00298,INV-C-00298-2,1202983.71,False,,none
P-000795,C-00299,INV-C-00299-0,320963.38,False,,ai_generated_doc
P-000796,C-00299,INV-C-00299-1,320963.38,False,,ai_generated_doc
P-000797,C-00300,INV-C-00300-0,5129418.25,False,,none
P-000798,C-00300,INV-C-00300-1,5129418.25,False,,none
P-000799,C-00300,INV-C-00300-2,5129418.25,False,,none
P-000800,C-00301,INV-C-00301-0,637286.91,False,,none
P-000801,C-00301,INV-C-00301-1,637286.91,False,,none
P-000802,C-00301,INV-C-00301-2,637286.91,False,,none
P-000803,C-00302,INV-C-00302-0,4820000.06,False,,none
P-000804,C-00303,INV-C-00303-0,650410.85,False,,none
P-000805,C-00303,INV-C-00303-1,650410.85,False,,none
P-000806,C-00304,INV-C-00304-0,307488.24,False,,none
P-000807,C-00304,INV-C-00304-1,307488.24,False,,none
P-000808,C-00304,INV-C-00304-2,307488.24,False,,none
P-000809,C-00304,INV-C-00304-3,307488.24,False,,none
P-000810,C-00305,INV-C-00305-0,11067965.28,False,,bid_rigging
P-000811,C-00305,INV-C-00305-1,11067965.28,False,,bid_rigging
P-000812,C-00305,INV-C-00305-2,11067965.28,False,,bid_rigging
P-000813,C-00306,INV-C-00306-0,1279008.81,False,,none
P-000814,C-00306,INV-C-00306-1,1279008.81,False,,none
P-000815,C-00306,INV-C-00306-2,1279008.81,False,,none
P-000816,C-00307,INV-C-00307-0,5052937.29,False,,none
P-000817,C-00308,INV-C-00308-0,180518.16,False,,none
P-000818,C-00308,INV-C-00308-1,180518.16,False,,none
P-000819,C-00308,INV-C-00308-2,180518.16,False,,none
P-000820,C-00308,INV-C-00308-3,180518.16,False,,none
P-000821,C-00309,INV-C-00309-0,3547827.64,False,,none
P-000822,C-00310,INV-C-00310-0,1513073.97,False,,none
P-000823,C-00310,INV-C-00310-1,1513073.97,False,,none
P-000824,C-00310,INV-C-00310-2,1513073.97,False,,none
P-000825,C-00311,INV-C-00311-0,2427471.16,False,,none
P-000826,C-00311,INV-C-00311-1,2427471.16,False,,none
P-000827,C-00312,INV-C-00312-0,3694459.13,False,,none
P-000828,C-00312,INV-C-00312-1,3694459.13,False,,none
P-000829,C-00313,INV-C-00313-0,1712702.73,False,,none
P-000830,C-00313,INV-C-00313-1,1712702.73,False,,none
P-000831,C-00314,INV-C-00314-0,364386.63,False,,ai_generated_doc
P-000832,C-00314,INV-C-00314-1,364386.63,False,,ai_generated_doc
P-000833,C-00314,INV-C-00314-2,364386.63,False,,ai_generated_doc
P-000834,C-00315,INV-C-00315-0,363767.6,False,,none
P-000835,C-00315,INV-C-00315-1,363767.6,False,,none
P-000836,C-00315,INV-C-00315-2,363767.6,False,,none
P-000837,C-00315,INV-C-00315-3,363767.6,False,,none
P-000838,C-00316,INV-C-00316-0,148234.88,False,,shell_company
P-000839,C-00316,INV-C-00316-1,148234.88,False,,shell_company
P-000840,C-00317,INV-C-00317-0,1700284.58,False,,none
P-000841,C-00317,INV-C-00317-1,1700284.58,False,,none
P-000842,C-00318,INV-C-00318-0,18030781.23,False,,none
P-000843,C-00319,INV-C-00319-0,2158157.35,False,,none
P-000844,C-00319,INV-C-00319-1,2158157.35,False,,none
P-000845,C-00320,INV-C-00320-0,163688.42,False,,bid_suppression
P-000846,C-00320,INV-C-00320-1,163688.42,False,,bid_suppression
P-000847,C-00320,INV-C-00320-2,163688.42,False,,bid_suppression
P-000848,C-00320,INV-C-00320-3,163688.42,False,,bid_suppression
P-000849,C-00321,INV-C-00321-0,1757030.2,False,,none
P-000850,C-00321,INV-C-00321-1,1757030.2,False,,none
P-000851,C-00321,INV-C-00321-2,1757030.2,False,,none
P-000852,C-00321,INV-C-00321-3,1757030.2,False,,none
P-000853,C-00322,INV-C-00322-0,806739.23,False,,none
P-000854,C-00322,INV-C-00322-1,806739.23,False,,none
P-000855,C-00322,INV-C-00322-2,806739.23,False,,none
P-000856,C-00323,INV-C-00323-0,1492339.45,False,,none
P-000857,C-00324,INV-C-00324-0,836041.4,False,,none
P-000858,C-00324,INV-C-00324-1,836041.4,False,,none
P-000859,C-00324,INV-C-00324-2,836041.4,False,,none
P-000860,C-00325,INV-C-00325-0,588178.99,False,,none
P-000861,C-00326,INV-C-00326-0,232556.45,False,,none
P-000862,C-00326,INV-C-00326-1,232556.45,False,,none
P-000863,C-00326,INV-C-00326-2,232556.45,False,,none
P-000864,C-00326,INV-C-00326-3,232556.45,False,,none
P-000865,C-00327,INV-C-00327-0,953616.01,False,,bid_suppression
P-000866,C-00327,INV-C-00327-1,953616.01,False,,bid_suppression
P-000867,C-00328,INV-C-00328-0,7913398.53,False,,none
P-000868,C-00328,INV-C-00328-1,7913398.53,False,,none
P-000869,C-00328,INV-C-00328-2,7913398.53,False,,none
P-000870,C-00328,INV-C-00328-3,7913398.53,False,,none
P-000871,C-00329,INV-C-00329-0,1345700.12,False,,none
P-000872,C-00329,INV-C-00329-1,1345700.12,False,,none
P-000873,C-00330,INV-C-00330-0,388470.76,False,,none
P-000874,C-00331,INV-C-00331-0,12598739.87,False,,none
P-000875,C-00331,INV-C-00331-1,12598739.87,False,,none
P-000876,C-00331,INV-C-00331-2,12598739.87,False,,none
P-000877,C-00332,INV-C-00332-0,3389456.01,False,,none
P-000878,C-00333,INV-C-00333-0,1371229.45,False,,none
P-000879,C-00333,INV-C-00333-1,1371229.45,False,,none
P-000880,C-00333,INV-C-00333-2,1371229.45,False,,none
P-000881,C-00334,INV-C-00334-0,3612555.64,False,,none
P-000882,C-00335,INV-C-00335-0,4343811.87,False,,none
P-000883,C-00335,INV-C-00335-1,4343811.87,False,,none
P-000884,C-00335,INV-C-00335-2,4343811.87,False,,none
P-000885,C-00335,INV-C-00335-3,4343811.87,False,,none
P-000886,C-00336,INV-C-00336-0,400950.69,False,,conflict_of_interest
P-000887,C-00336,INV-C-00336-1,400950.69,False,,conflict_of_interest
P-000888,C-00337,INV-C-00337-0,779250.17,False,,none
P-000889,C-00337,INV-C-00337-1,779250.17,False,,none
P-000890,C-00338,INV-C-00338-0,1275971.44,False,,none
P-000891,C-00338,INV-C-00338-1,1275971.44,False,,none
P-000892,C-00338,INV-C-00338-2,1275971.44,False,,none
P-000893,C-00339,INV-C-00339-0,735709.33,False,,none
P-000894,C-00340,INV-C-00340-0,295430.79,False,,none
P-000895,C-00340,INV-C-00340-1,295430.79,False,,none
P-000896,C-00340,INV-C-00340-2,295430.79,False,,none
P-000897,C-00341,INV-C-00341-0,6286493.36,False,,none
P-000898,C-00342,INV-C-00342-0,24623736.91,False,,none
P-000899,C-00343,INV-C-00343-0,7095140.51,False,,shell_company
P-000900,C-00343,INV-C-00343-1,7095140.51,False,,shell_company
P-000901,C-00344,INV-C-00344-0,1428003.56,False,,bid_rigging
P-000902,C-00344,INV-C-00344-1,1428003.56,False,,bid_rigging
P-000903,C-00344,INV-C-00344-2,1428003.56,False,,bid_rigging
P-000904,C-00344,INV-C-00344-3,1428003.56,False,,bid_rigging
P-000905,C-00345,INV-C-00345-0,572566.52,False,,none
P-000906,C-00345,INV-C-00345-1,572566.52,False,,none
P-000907,C-00345,INV-C-00345-2,572566.52,False,,none
P-000908,C-00346,INV-C-00346-0,4009662.9,False,,none
P-000909,C-00346,INV-C-00346-1,4009662.9,False,,none
P-000910,C-00347,INV-C-00347-0,2091097.31,False,,none
P-000911,C-00347,INV-C-00347-1,2091097.31,False,,none
P-000912,C-00347,INV-C-00347-2,2091097.31,False,,none
P-000913,C-00347,INV-C-00347-3,2091097.31,False,,none
P-000914,C-00348,INV-C-00348-0,330400.05,False,,none
P-000915,C-00348,INV-C-00348-1,330400.05,False,,none
P-000916,C-00348,INV-C-00348-2,330400.05,False,,none
P-000917,C-00348,INV-C-00348-3,330400.05,False,,none
P-000918,C-00349,INV-C-00349-0,895735.78,False,,conflict_of_interest
P-000919,C-00349,INV-C-00349-1,895735.78,False,,conflict_of_interest
P-000920,C-00350,INV-C-00350-0,83919.04,False,,none
P-000921,C-00350,INV-C-00350-1,83919.04,False,,none
P-000922,C-00351,INV-C-00351-0,272292.49,False,,none
P-000923,C-00351,INV-C-00351-1,272292.49,False,,none
P-000924,C-00351,INV-C-00351-2,272292.49,False,,none
P-000925,C-00352,INV-C-00352-0,1018126.2,False,,none
P-000926,C-00352,INV-C-00352-1,1018126.2,False,,none
P-000927,C-00352,INV-C-00352-2,1018126.2,False,,none
P-000928,C-00352,INV-C-00352-3,1018126.2,False,,none
P-000929,C-00353,INV-C-00353-0,1263580.82,False,,none
P-000930,C-00353,INV-C-00353-1,1263580.82,False,,none
P-000931,C-00353,INV-C-00353-2,1263580.82,False,,none
P-000932,C-00353,INV-C-00353-3,1263580.82,False,,none
P-000933,C-00354,INV-C-00354-0,735686.89,False,,none
P-000934,C-00354,INV-C-00354-1,735686.89,False,,none
P-000935,C-00354,INV-C-00354-2,735686.89,False,,none
P-000936,C-00355,INV-C-00355-0,1757400.07,False,,none
P-000937,C-00355,INV-C-00355-1,1757400.07,False,,none
P-000938,C-00355,INV-C-00355-2,1757400.07,False,,none
P-000939,C-00355,INV-C-00355-3,1757400.07,False,,none
P-000940,C-00356,INV-C-00356-0,66484.62,False,,none
P-000941,C-00356,INV-C-00356-1,66484.62,False,,none
P-000942,C-00356,INV-C-00356-2,66484.62,False,,none
P-000943,C-00357,INV-C-00357-0,8585209.54,False,,none
P-000944,C-00357,INV-C-00357-1,8585209.54,False,,none
P-000945,C-00357,INV-C-00357-2,8585209.54,False,,none
P-000946,C-00357,INV-C-00357-3,8585209.54,False,,none
P-000947,C-00358,INV-C-00358-0,280454.3,False,,price_inflation
P-000948,C-00358,INV-C-00358-1,280454.3,False,,price_inflation
P-000949,C-00358,INV-C-00358-2,280454.3,False,,price_inflation
P-000950,C-00358,INV-C-00358-3,280454.3,False,,price_inflation
P-000951,C-00359,INV-C-00359-0,17358893.53,False,,none
P-000952,C-00360,INV-C-00360-0,1719352.5,False,,none
P-000953,C-00360,INV-C-00360-1,1719352.5,False,,none
P-000954,C-00361,INV-C-00361-0,188961.7,False,,none
P-000955,C-00361,INV-C-00361-1,188961.7,False,,none
P-000956,C-00362,INV-C-00362-0,5676113.68,False,,none
P-000957,C-00362,INV-C-00362-1,5676113.68,False,,none
P-000958,C-00363,INV-C-00363-0,937169.7,False,,none
P-000959,C-00363,INV-C-00363-1,937169.7,False,,none
P-000960,C-00363,INV-C-00363-2,937169.7,False,,none
P-000961,C-00363,INV-C-00363-3,937169.7,False,,none
P-000962,C-00364,INV-C-00364-0,8797300.55,False,,none
P-000963,C-00364,INV-C-00364-1,8797300.55,False,,none
P-000964,C-00365,INV-C-00365-0,3772597.49,False,,none
P-000965,C-00365,INV-C-00365-1,3772597.49,False,,none
P-000966,C-00365,INV-C-00365-2,3772597.49,False,,none
P-000967,C-00365,INV-C-00365-3,3772597.49,False,,none
P-000968,C-00366,INV-C-00366-0,378215.35,False,,none
P-000969,C-00366,INV-C-00366-1,378215.35,False,,none
P-000970,C-00366,INV-C-00366-2,378215.35,False,,none
P-000971,C-00367,INV-C-00367-0,806483.76,False,,none
P-000972,C-00368,INV-C-00368-0,487004.11,False,,none
P-000973,C-00368,INV-C-00368-1,487004.11,False,,none
P-000974,C-00368,INV-C-00368-2,487004.11,False,,none
P-000975,C-00369,INV-C-00369-0,363985.5,False,,none
P-000976,C-00369,INV-C-00369-1,363985.5,False,,none
P-000977,C-00370,INV-C-00370-0,4649254.14,False,,none
P-000978,C-00371,INV-C-00371-0,567135.8,False,,none
P-000979,C-00371,INV-C-00371-1,567135.8,False,,none
P-000980,C-00371,INV-C-00371-2,567135.8,False,,none
P-000981,C-00372,INV-C-00372-0,15412993.93,False,,none
P-000982,C-00373,INV-C-00373-0,936879.43,False,,none
P-000983,C-00374,INV-C-00374-0,982729.03,False,,none
P-000984,C-00375,INV-C-00375-0,38672901.62,False,,none
P-000985,C-00376,INV-C-00376-0,754232.53,False,,none
P-000986,C-00376,INV-C-00376-1,754232.53,False,,none
P-000987,C-00377,INV-C-00377-0,6411962.6,False,,none
P-000988,C-00377,INV-C-00377-1,6411962.6,False,,none
P-000989,C-00377,INV-C-00377-2,6411962.6,False,,none
P-000990,C-00377,INV-C-00377-3,6411962.6,False,,none
P-000991,C-00378,INV-C-00378-0,995493.98,False,,none
P-000992,C-00378,INV-C-00378-1,995493.98,False,,none
P-000993,C-00378,INV-C-00378-2,995493.98,False,,none
P-000994,C-00378,INV-C-00378-3,995493.98,False,,none
P-000995,C-00379,INV-C-00379-0,24674268.84,False,,none
P-000996,C-00380,INV-C-00380-0,105060.2,False,,shell_company
P-000997,C-00380,INV-C-00380-1,105060.2,False,,shell_company
P-000998,C-00380,INV-C-00380-2,105060.2,False,,shell_company
P-000999,C-00380,INV-C-00380-3,105060.2,False,,shell_company
P-001000,C-00381,INV-C-00381-0,35209551.28,False,,shell_company
P-001001,C-00382,INV-C-00382-0,1290242.15,False,,none
P-001002,C-00382,INV-C-00382-1,1290242.15,False,,none
P-001003,C-00382,INV-C-00382-2,1290242.15,False,,none
P-001004,C-00383,INV-C-00383-0,24678662.89,False,,none
P-001005,C-00384,INV-C-00384-0,246341.43,False,,none
P-001006,C-00384,INV-C-00384-1,246341.43,False,,none
P-001007,C-00384,INV-C-00384-2,246341.43,False,,none
P-001008,C-00384,INV-C-00384-3,246341.43,False,,none
P-001009,C-00385,INV-C-00385-0,2556176.95,False,,none
P-001010,C-00385,INV-C-00385-1,2556176.95,False,,none
P-001011,C-00385,INV-C-00385-2,2556176.95,False,,none
P-001012,C-00386,INV-C-00386-0,1311887.48,False,,none
P-001013,C-00386,INV-C-00386-1,1311887.48,False,,none
P-001014,C-00386,INV-C-00386-2,1311887.48,False,,none
P-001015,C-00387,INV-C-00387-0,1116520.11,False,,none
P-001016,C-00387,INV-C-00387-1,1116520.11,False,,none
P-001017,C-00387,INV-C-00387-2,1116520.11,False,,none
P-001018,C-00387,INV-C-00387-3,1116520.11,False,,none
P-001019,C-00388,INV-C-00388-0,303405.2,False,,none
P-001020,C-00388,INV-C-00388-1,303405.2,False,,none
P-001021,C-00388,INV-C-00388-2,303405.2,False,,none
P-001022,C-00388,INV-C-00388-3,303405.2,False,,none
P-001023,C-00389,INV-C-00389-0,6395201.07,False,,none
P-001024,C-00389,INV-C-00389-1,6395201.07,False,,none
P-001025,C-00389,INV-C-00389-2,6395201.07,False,,none
P-001026,C-00389,INV-C-00389-3,6395201.07,False,,none
P-001027,C-00390,INV-C-00390-0,1041089.91,False,,bid_rigging
P-001028,C-00390,INV-C-00390-1,1041089.91,False,,bid_rigging
P-001029,C-00391,INV-C-00391-0,2193864.25,False,,none
P-001030,C-00391,INV-C-00391-1,2193864.25,False,,none
P-001031,C-00392,INV-C-00392-0,11480886.63,False,,none
P-001032,C-00392,INV-C-00392-1,11480886.63,False,,none
P-001033,C-00393,INV-C-00393-0,5769272.59,False,,shell_company
P-001034,C-00394,INV-C-00394-0,4566982.79,False,,shell_company
P-001035,C-00394,INV-C-00394-1,4566982.79,False,,shell_company
P-001036,C-00394,INV-C-00394-2,4566982.79,False,,shell_company
P-001037,C-00394,INV-C-00394-3,4566982.79,False,,shell_company
P-001038,C-00395,INV-C-00395-0,218501.24,False,,none
P-001039,C-00396,INV-C-00396-0,8954721.83,False,,bid_rigging
P-001040,C-00396,INV-C-00396-1,8954721.83,False,,bid_rigging
P-001041,C-00396,INV-C-00396-2,8954721.83,False,,bid_rigging
P-001042,C-00397,INV-C-00397-0,7364390.71,False,,none
P-001043,C-00397,INV-C-00397-1,7364390.71,False,,none
P-001044,C-00397,INV-C-00397-2,7364390.71,False,,none
P-001045,C-00398,INV-C-00398-0,393344.36,False,,none
P-001046,C-00398,INV-C-00398-1,393344.36,False,,none
P-001047,C-00399,INV-C-00399-0,2443614.24,False,,none
P-001048,C-00399,INV-C-00399-1,2443614.24,False,,none
P-001049,C-00399,INV-C-00399-2,2443614.24,False,,none
P-001050,C-00400,INV-C-00400-0,355992.77,False,,none
P-001051,C-00400,INV-C-00400-1,355992.77,False,,none
P-001052,C-00400,INV-C-00400-2,355992.77,False,,none
P-001053,C-00400,INV-C-00400-3,355992.77,False,,none
P-001054,C-00401,INV-C-00401-0,375439.55,False,,none
P-001055,C-00401,INV-C-00401-1,375439.55,False,,none
P-001056,C-00401,INV-C-00401-2,375439.55,False,,none
P-001057,C-00402,INV-C-00402-0,568614.29,False,,price_inflation
P-001058,C-00402,INV-C-00402-1,568614.29,False,,price_inflation
P-001059,C-00402,INV-C-00402-2,568614.29,False,,price_inflation
P-001060,C-00403,INV-C-00403-0,166991.9,False,,none
P-001061,C-00403,INV-C-00403-1,166991.9,False,,none
P-001062,C-00403,INV-C-00403-2,166991.9,False,,none
P-001063,C-00403,INV-C-00403-3,166991.9,False,,none
P-001064,C-00404,INV-C-00404-0,1265684.92,False,,none
P-001065,C-00404,INV-C-00404-1,1265684.92,False,,none
P-001066,C-00405,INV-C-00405-0,5059833.3,False,,none
P-001067,C-00405,INV-C-00405-1,5059833.3,False,,none
P-001068,C-00405,INV-C-00405-2,5059833.3,False,,none
P-001069,C-00406,INV-C-00406-0,3968877.97,False,,bid_rigging
P-001070,C-00407,INV-C-00407-0,382698.72,False,,bid_rigging
P-001071,C-00407,INV-C-00407-1,382698.72,False,,bid_rigging
P-001072,C-00407,INV-C-00407-2,382698.72,False,,bid_rigging
P-001073,C-00408,INV-C-00408-0,272671.94,False,,none
P-001074,C-00408,INV-C-00408-1,272671.94,False,,none
P-001075,C-00409,INV-C-00409-0,531714.96,False,,none
P-001076,C-00409,INV-C-00409-1,531714.96,False,,none
P-001077,C-00409,INV-C-00409-2,531714.96,False,,none
P-001078,C-00409,INV-C-00409-3,531714.96,False,,none
P-001079,C-00410,INV-C-00410-0,909636.27,False,,ai_generated_doc
P-001080,C-00411,INV-C-00411-0,3011437.0,False,,none
P-001081,C-00411,INV-C-00411-1,3011437.0,False,,none
P-001082,C-00412,INV-C-00412-0,519794.95,False,,none
P-001083,C-00412,INV-C-00412-1,519794.95,False,,none
P-001084,C-00412,INV-C-00412-2,519794.95,False,,none
P-001085,C-00412,INV-C-00412-3,519794.95,False,,none
P-001086,C-00413,INV-C-00413-0,608999.22,False,,none
P-001087,C-00414,INV-C-00414-0,4832895.82,False,,none
P-001088,C-00414,INV-C-00414-1,4832895.82,False,,none
P-001089,C-00414,INV-C-00414-2,4832895.82,False,,none
P-001090,C-00414,INV-C-00414-3,4832895.82,False,,none
P-001091,C-00415,INV-C-00415-0,490844.14,False,,none
P-001092,C-00415,INV-C-00415-1,490844.14,False,,none
P-001093,C-00415,INV-C-00415-2,490844.14,False,,none
P-001094,C-00415,INV-C-00415-3,490844.14,False,,none
P-001095,C-00416,INV-C-00416-0,489253.46,False,,none
P-001096,C-00416,INV-C-00416-1,489253.46,False,,none
P-001097,C-00416,INV-C-00416-2,489253.46,False,,none
P-001098,C-00417,INV-C-00417-0,472168.21,False,,none
P-001099,C-00417,INV-C-00417-1,472168.21,False,,none
P-001100,C-00417,INV-C-00417-2,472168.21,False,,none
P-001101,C-00417,INV-C-00417-3,472168.21,False,,none
P-001102,C-00418,INV-C-00418-0,248513.67,False,,ai_generated_doc
P-001103,C-00418,INV-C-00418-1,248513.67,False,,ai_generated_doc
P-001104,C-00418,INV-C-00418-2,248513.67,False,,ai_generated_doc
P-001105,C-00418,INV-C-00418-3,248513.67,False,,ai_generated_doc
P-001106,C-00419,INV-C-00419-0,337966.5,False,,none
P-001107,C-00420,INV-C-00420-0,3210881.92,False,,none
P-001108,C-00420,INV-C-00420-1,3210881.92,False,,none
P-001109,C-00420,INV-C-00420-2,3210881.92,False,,none
P-001110,C-00420,INV-C-00420-3,3210881.92,False,,none
P-001111,C-00421,INV-C-00421-0,2060865.44,False,,none
P-001112,C-00422,INV-C-00422-0,1749497.27,False,,none
P-001113,C-00423,INV-C-00423-0,1497336.77,False,,none
P-001114,C-00423,INV-C-00423-1,1497336.77,False,,none
P-001115,C-00424,INV-C-00424-0,7374830.32,False,,none
P-001116,C-00424,INV-C-00424-1,7374830.32,False,,none
P-001117,C-00425,INV-C-00425-0,1903962.27,False,,none
P-001118,C-00425,INV-C-00425-1,1903962.27,False,,none
P-001119,C-00426,INV-C-00426-0,30299.84,False,,none
P-001120,C-00426,INV-C-00426-1,30299.84,False,,none
P-001121,C-00426,INV-C-00426-2,30299.84,False,,none
P-001122,C-00426,INV-C-00426-3,30299.84,False,,none
P-001123,C-00427,INV-C-00427-0,3335931.56,False,,none
P-001124,C-00428,INV-C-00428-0,4508757.79,False,,none
P-001125,C-00428,INV-C-00428-1,4508757.79,False,,none
P-001126,C-00429,INV-C-00429-0,1786989.28,False,,none
P-001127,C-00430,INV-C-00430-0,614293.99,False,,price_inflation
P-001128,C-00430,INV-C-00430-1,614293.99,False,,price_inflation
P-001129,C-00431,INV-C-00431-0,1333751.43,False,,none
P-001130,C-00431,INV-C-00431-1,1333751.43,False,,none
P-001131,C-00432,INV-C-00432-0,238846.71,False,,none
P-001132,C-00432,INV-C-00432-1,238846.71,False,,none
P-001133,C-00432,INV-C-00432-2,238846.71,False,,none
P-001134,C-00432,INV-C-00432-3,238846.71,False,,none
P-001135,C-00433,INV-C-00433-0,488340.39,False,,bid_rigging
P-001136,C-00433,INV-C-00433-1,488340.39,False,,bid_rigging
P-001137,C-00433,INV-C-00433-2,488340.39,False,,bid_rigging
P-001138,C-00433,INV-C-00433-3,488340.39,False,,bid_rigging
P-001139,C-00434,INV-C-00434-0,6876159.06,False,,none
P-001140,C-00434,INV-C-00434-1,6876159.06,False,,none
P-001141,C-00434,INV-C-00434-2,6876159.06,False,,none
P-001142,C-00435,INV-C-00435-0,5071767.29,False,,none
P-001143,C-00435,INV-C-00435-1,5071767.29,False,,none
P-001144,C-00435,INV-C-00435-2,5071767.29,False,,none
P-001145,C-00436,INV-C-00436-0,225569.11,False,,none
P-001146,C-00436,INV-C-00436-1,225569.11,False,,none
P-001147,C-00436,INV-C-00436-2,225569.11,False,,none
P-001148,C-00437,INV-C-00437-0,23277203.12,False,,conflict_of_interest
P-001149,C-00438,INV-C-00438-0,671537.16,False,,bid_rigging
P-001150,C-00438,INV-C-00438-1,671537.16,False,,bid_rigging
P-001151,C-00439,INV-C-00439-0,5252834.26,False,,price_inflation
P-001152,C-00439,INV-C-00439-1,5252834.26,False,,price_inflation
P-001153,C-00440,INV-C-00440-0,454400.27,False,,none
P-001154,C-00440,INV-C-00440-1,454400.27,False,,none
P-001155,C-00440,INV-C-00440-2,454400.27,False,,none
P-001156,C-00440,INV-C-00440-3,454400.27,False,,none
P-001157,C-00441,INV-C-00441-0,452519.11,False,,none
P-001158,C-00441,INV-C-00441-1,452519.11,False,,none
P-001159,C-00441,INV-C-00441-2,452519.11,False,,none
P-001160,C-00441,INV-C-00441-3,452519.11,False,,none
P-001161,C-00442,INV-C-00442-0,25668.29,False,,none
P-001162,C-00442,INV-C-00442-1,25668.29,False,,none
P-001163,C-00442,INV-C-00442-2,25668.29,False,,none
P-001164,C-00442,INV-C-00442-3,25668.29,False,,none
P-001165,C-00443,INV-C-00443-0,2606693.28,False,,none
P-001166,C-00444,INV-C-00444-0,1132511.01,False,,none
P-001167,C-00444,INV-C-00444-1,1132511.01,False,,none
P-001168,C-00444,INV-C-00444-2,1132511.01,False,,none
P-001169,C-00445,INV-C-00445-0,5010694.24,False,,none
P-001170,C-00446,INV-C-00446-0,4856376.2,False,,none
P-001171,C-00446,INV-C-00446-1,4856376.2,False,,none
P-001172,C-00446,INV-C-00446-2,4856376.2,False,,none
P-001173,C-00446,INV-C-00446-3,4856376.2,False,,none
P-001174,C-00447,INV-C-00447-0,18523792.49,False,,none
P-001175,C-00448,INV-C-00448-0,2318078.32,False,,none
P-001176,C-00449,INV-C-00449-0,227145.87,False,,none
P-001177,C-00449,INV-C-00449-1,227145.87,False,,none
P-001178,C-00449,INV-C-00449-2,227145.87,False,,none
P-001179,C-00449,INV-C-00449-3,227145.87,False,,none
P-001180,C-00450,INV-C-00450-0,307475.42,False,,none
P-001181,C-00450,INV-C-00450-1,307475.42,False,,none
P-001182,C-00450,INV-C-00450-2,307475.42,False,,none
P-001183,C-00451,INV-C-00451-0,4500265.45,False,,ai_generated_doc
P-001184,C-00452,INV-C-00452-0,970032.27,False,,none
P-001185,C-00453,INV-C-00453-0,2187163.54,False,,none
P-001186,C-00453,INV-C-00453-1,2187163.54,False,,none
P-001187,C-00453,INV-C-00453-2,2187163.54,False,,none
P-001188,C-00453,INV-C-00453-3,2187163.54,False,,none
P-001189,C-00454,INV-C-00454-0,1778075.76,False,,none
P-001190,C-00454,INV-C-00454-1,1778075.76,False,,none
P-001191,C-00454,INV-C-00454-2,1778075.76,False,,none
P-001192,C-00455,INV-C-00455-0,33250384.13,False,,price_inflation
P-001193,C-00456,INV-C-00456-0,695548.38,False,,price_inflation
P-001194,C-00456,INV-C-00456-1,695548.38,False,,price_inflation
P-001195,C-00456,INV-C-00456-2,695548.38,False,,price_inflation
P-001196,C-00456,INV-C-00456-3,695548.38,False,,price_inflation
P-001197,C-00457,INV-C-00457-0,1446973.76,False,,none
P-001198,C-00458,INV-C-00458-0,6734019.47,False,,none
P-001199,C-00458,INV-C-00458-1,6734019.47,False,,none
P-001200,C-00458,INV-C-00458-2,6734019.47,False,,none
P-001201,C-00458,INV-C-00458-3,6734019.47,False,,none
P-001202,C-00459,INV-C-00459-0,781467.55,False,,none
P-001203,C-00459,INV-C-00459-1,781467.55,False,,none
P-001204,C-00460,INV-C-00460-0,178916.04,False,,none
P-001205,C-00460,INV-C-00460-1,178916.04,False,,none
P-001206,C-00460,INV-C-00460-2,178916.04,False,,none
P-001207,C-00461,INV-C-00461-0,95650.45,False,,ai_generated_doc
P-001208,C-00461,INV-C-00461-1,95650.45,False,,ai_generated_doc
P-001209,C-00461,INV-C-00461-2,95650.45,False,,ai_generated_doc
P-001210,C-00461,INV-C-00461-3,95650.45,False,,ai_generated_doc
P-001211,C-00462,INV-C-00462-0,509219.4,False,,none
P-001212,C-00462,INV-C-00462-1,509219.4,False,,none
P-001213,C-00462,INV-C-00462-2,509219.4,False,,none
P-001214,C-00463,INV-C-00463-0,1751964.8,False,,none
P-001215,C-00463,INV-C-00463-1,1751964.8,False,,none
P-001216,C-00464,INV-C-00464-0,2952530.52,False,,none
P-001217,C-00465,INV-C-00465-0,706182.39,False,,none
P-001218,C-00465,INV-C-00465-1,706182.39,False,,none
P-001219,C-00466,INV-C-00466-0,424603.57,False,,none
P-001220,C-00466,INV-C-00466-1,424603.57,False,,none
P-001221,C-00466,INV-C-00466-2,424603.57,False,,none
P-001222,C-00467,INV-C-00467-0,1765920.78,False,,none
P-001223,C-00467,INV-C-00467-1,1765920.78,False,,none
P-001224,C-00467,INV-C-00467-2,1765920.78,False,,none
P-001225,C-00468,INV-C-00468-0,680010.73,False,,none
P-001226,C-00468,INV-C-00468-1,680010.73,False,,none
P-001227,C-00468,INV-C-00468-2,680010.73,False,,none
P-001228,C-00468,INV-C-00468-3,680010.73,False,,none
P-001229,C-00469,INV-C-00469-0,385903.48,False,,none
P-001230,C-00469,INV-C-00469-1,385903.48,False,,none
P-001231,C-00470,INV-C-00470-0,832333.56,False,,none
P-001232,C-00470,INV-C-00470-1,832333.56,False,,none
P-001233,C-00470,INV-C-00470-2,832333.56,False,,none
P-001234,C-00470,INV-C-00470-3,832333.56,False,,none
P-001235,C-00471,INV-C-00471-0,108332.71,False,,none
P-001236,C-00471,INV-C-00471-1,108332.71,False,,none
P-001237,C-00471,INV-C-00471-2,108332.71,False,,none
P-001238,C-00472,INV-C-00472-0,891575.03,False,,none
P-001239,C-00472,INV-C-00472-1,891575.03,False,,none
P-001240,C-00472,INV-C-00472-2,891575.03,False,,none
P-001241,C-00473,INV-C-00473-0,1324776.5,False,,none
P-001242,C-00474,INV-C-00474-0,86838.68,False,,none
P-001243,C-00474,INV-C-00474-1,86838.68,False,,none
P-001244,C-00474,INV-C-00474-2,86838.68,False,,none
P-001245,C-00475,INV-C-00475-0,526865.71,False,,none
P-001246,C-00475,INV-C-00475-1,526865.71,False,,none
P-001247,C-00475,INV-C-00475-2,526865.71,False,,none
P-001248,C-00476,INV-C-00476-0,697867.06,False,,bid_suppression
P-001249,C-00476,INV-C-00476-1,697867.06,False,,bid_suppression
P-001250,C-00477,INV-C-00477-0,676210.77,False,,price_inflation
P-001251,C-00477,INV-C-00477-1,676210.77,False,,price_inflation
P-001252,C-00477,INV-C-00477-2,676210.77,False,,price_inflation
P-001253,C-00477,INV-C-00477-3,676210.77,False,,price_inflation
P-001254,C-00478,INV-C-00478-0,16586075.66,False,,none
P-001255,C-00478,INV-C-00478-1,16586075.66,False,,none
P-001256,C-00479,INV-C-00479-0,944251.61,False,,none
P-001257,C-00480,INV-C-00480-0,4000697.34,False,,none
P-001258,C-00481,INV-C-00481-0,548195.51,False,,none
P-001259,C-00481,INV-C-00481-1,548195.51,False,,none
P-001260,C-00482,INV-C-00482-0,2889267.1,False,,bid_rigging
P-001261,C-00483,INV-C-00483-0,1327448.92,False,,none
P-001262,C-00483,INV-C-00483-1,1327448.92,False,,none
P-001263,C-00483,INV-C-00483-2,1327448.92,False,,none
P-001264,C-00483,INV-C-00483-3,1327448.92,False,,none
P-001265,C-00484,INV-C-00484-0,178203.89,False,,none
P-001266,C-00484,INV-C-00484-1,178203.89,False,,none
P-001267,C-00485,INV-C-00485-0,156654.39,False,,none
P-001268,C-00485,INV-C-00485-1,156654.39,False,,none
P-001269,C-00485,INV-C-00485-2,156654.39,False,,none
P-001270,C-00485,INV-C-00485-3,156654.39,False,,none
P-001271,C-00486,INV-C-00486-0,2203842.36,False,,bid_rigging
P-001272,C-00486,INV-C-00486-1,2203842.36,False,,bid_rigging
P-001273,C-00486,INV-C-00486-2,2203842.36,False,,bid_rigging
P-001274,C-00487,INV-C-00487-0,776829.64,False,,none
P-001275,C-00487,INV-C-00487-1,776829.64,False,,none
P-001276,C-00488,INV-C-00488-0,1105810.49,False,,none
P-001277,C-00489,INV-C-00489-0,306727.91,False,,none
P-001278,C-00489,INV-C-00489-1,306727.91,False,,none
P-001279,C-00489,INV-C-00489-2,306727.91,False,,none
P-001280,C-00489,INV-C-00489-3,306727.91,False,,none
P-001281,C-00490,INV-C-00490-0,229077.49,False,,none
P-001282,C-00490,INV-C-00490-1,229077.49,False,,none
P-001283,C-00490,INV-C-00490-2,229077.49,False,,none
P-001284,C-00490,INV-C-00490-3,229077.49,False,,none
P-001285,C-00491,INV-C-00491-0,512968.57,False,,none
P-001286,C-00491,INV-C-00491-1,512968.57,False,,none
P-001287,C-00491,INV-C-00491-2,512968.57,False,,none
P-001288,C-00492,INV-C-00492-0,1296067.29,False,,none
P-001289,C-00492,INV-C-00492-1,1296067.29,False,,none
P-001290,C-00492,INV-C-00492-2,1296067.29,False,,none
P-001291,C-00493,INV-C-00493-0,250979.02,False,,none
P-001292,C-00493,INV-C-00493-1,250979.02,False,,none
P-001293,C-00493,INV-C-00493-2,250979.02,False,,none
P-001294,C-00494,INV-C-00494-0,839444.89,False,,ai_generated_doc
P-001295,C-00494,INV-C-00494-1,839444.89,False,,ai_generated_doc
P-001296,C-00494,INV-C-00494-2,839444.89,False,,ai_generated_doc
P-001297,C-00495,INV-C-00495-0,2248791.86,False,,none
P-001298,C-00496,INV-C-00496-0,1337110.42,False,,none
P-001299,C-00496,INV-C-00496-1,1337110.42,False,,none
P-001300,C-00496,INV-C-00496-2,1337110.42,False,,none
P-001301,C-00497,INV-C-00497-0,674341.18,False,,none
P-001302,C-00497,INV-C-00497-1,674341.18,False,,none
P-001303,C-00498,INV-C-00498-0,3879012.69,False,,ai_generated_doc
P-001304,C-00499,INV-C-00499-0,1174251.9,False,,none
P-001305,C-00499,INV-C-00499-1,1174251.9,False,,none
P-001306,C-00500,INV-C-00500-0,352974.44,False,,none
P-001307,C-00500,INV-C-00500-1,352974.44,False,,none
P-001308,C-00501,INV-C-00501-0,663420.25,False,,none
P-001309,C-00502,INV-C-00502-0,686284.22,False,,none
P-001310,C-00502,INV-C-00502-1,686284.22,False,,none
P-001311,C-00502,INV-C-00502-2,686284.22,False,,none
P-001312,C-00502,INV-C-00502-3,686284.22,False,,none
P-001313,C-00503,INV-C-00503-0,12825287.72,False,,none
P-001314,C-00503,INV-C-00503-1,12825287.72,False,,none
P-001315,C-00503,INV-C-00503-2,12825287.72,False,,none
P-001316,C-00504,INV-C-00504-0,788872.03,False,,none
P-001317,C-00504,INV-C-00504-1,788872.03,False,,none
P-001318,C-00504,INV-C-00504-2,788872.03,False,,none
P-001319,C-00504,INV-C-00504-3,788872.03,False,,none
P-001320,C-00505,INV-C-00505-0,4105588.01,False,,none
P-001321,C-00506,INV-C-00506-0,11708552.09,False,,none
P-001322,C-00506,INV-C-00506-1,11708552.09,False,,none
P-001323,C-00506,INV-C-00506-2,11708552.09,False,,none
P-001324,C-00507,INV-C-00507-0,6581636.51,False,,none
P-001325,C-00507,INV-C-00507-1,6581636.51,False,,none
P-001326,C-00508,INV-C-00508-0,1921985.31,False,,none
P-001327,C-00508,INV-C-00508-1,1921985.31,False,,none
P-001328,C-00508,INV-C-00508-2,1921985.31,False,,none
P-001329,C-00508,INV-C-00508-3,1921985.31,False,,none
P-001330,C-00509,INV-C-00509-0,31740931.49,False,,none
P-001331,C-00510,INV-C-00510-0,12371534.89,False,,none
P-001332,C-00511,INV-C-00511-0,26111.78,False,,none
P-001333,C-00511,INV-C-00511-1,26111.78,False,,none
P-001334,C-00511,INV-C-00511-2,26111.78,False,,none
P-001335,C-00512,INV-C-00512-0,667389.55,False,,none
P-001336,C-00512,INV-C-00512-1,667389.55,False,,none
P-001337,C-00513,INV-C-00513-0,423330.17,False,,none
P-001338,C-00513,INV-C-00513-1,423330.17,False,,none
P-001339,C-00514,INV-C-00514-0,3902656.53,False,,none
P-001340,C-00515,INV-C-00515-0,3946609.71,False,,none
P-001341,C-00515,INV-C-00515-1,3946609.71,False,,none
P-001342,C-00516,INV-C-00516-0,104200.51,False,,conflict_of_interest
P-001343,C-00516,INV-C-00516-1,104200.51,False,,conflict_of_interest
P-001344,C-00516,INV-C-00516-2,104200.51,False,,conflict_of_interest
P-001345,C-00516,INV-C-00516-3,104200.51,False,,conflict_of_interest
P-001346,C-00517,INV-C-00517-0,6182686.9,False,,conflict_of_interest
P-001347,C-00517,INV-C-00517-1,6182686.9,False,,conflict_of_interest
P-001348,C-00517,INV-C-00517-2,6182686.9,False,,conflict_of_interest
P-001349,C-00517,INV-C-00517-3,6182686.9,False,,conflict_of_interest
P-001350,C-00518,INV-C-00518-0,2037357.1,False,,none
P-001351,C-00518,INV-C-00518-1,2037357.1,False,,none
P-001352,C-00519,INV-C-00519-0,1728805.58,False,,none
P-001353,C-00519,INV-C-00519-1,1728805.58,False,,none
P-001354,C-00520,INV-C-00520-0,4520888.91,False,,none
P-001355,C-00521,INV-C-00521-0,3752146.48,False,,bid_rigging
P-001356,C-00521,INV-C-00521-1,3752146.48,False,,bid_rigging
P-001357,C-00522,INV-C-00522-0,230868.96,False,,none
P-001358,C-00522,INV-C-00522-1,230868.96,False,,none
P-001359,C-00523,INV-C-00523-0,659401.08,False,,none
P-001360,C-00523,INV-C-00523-1,659401.08,False,,none
P-001361,C-00523,INV-C-00523-2,659401.08,False,,none
P-001362,C-00524,INV-C-00524-0,60646.34,False,,none
P-001363,C-00524,INV-C-00524-1,60646.34,False,,none
P-001364,C-00524,INV-C-00524-2,60646.34,False,,none
P-001365,C-00524,INV-C-00524-3,60646.34,False,,none
P-001366,C-00525,INV-C-00525-0,341788.67,False,,bid_suppression
P-001367,C-00525,INV-C-00525-1,341788.67,False,,bid_suppression
P-001368,C-00525,INV-C-00525-2,341788.67,False,,bid_suppression
P-001369,C-00526,INV-C-00526-0,153158.51,False,,none
P-001370,C-00526,INV-C-00526-1,153158.51,False,,none
P-001371,C-00526,INV-C-00526-2,153158.51,False,,none
P-001372,C-00527,INV-C-00527-0,4489582.0,False,,none
P-001373,C-00528,INV-C-00528-0,667614.58,False,,bid_rigging
P-001374,C-00528,INV-C-00528-1,667614.58,False,,bid_rigging
P-001375,C-00529,INV-C-00529-0,3723489.32,False,,none
P-001376,C-00530,INV-C-00530-0,118530.47,False,,none
P-001377,C-00530,INV-C-00530-1,118530.47,False,,none
P-001378,C-00530,INV-C-00530-2,118530.47,False,,none
P-001379,C-00530,INV-C-00530-3,118530.47,False,,none
P-001380,C-00531,INV-C-00531-0,250665.77,False,,none
P-001381,C-00532,INV-C-00532-0,321135.39,False,,none
P-001382,C-00532,INV-C-00532-1,321135.39,False,,none
P-001383,C-00532,INV-C-00532-2,321135.39,False,,none
P-001384,C-00533,INV-C-00533-0,477463.19,False,,none
P-001385,C-00533,INV-C-00533-1,477463.19,False,,none
P-001386,C-00533,INV-C-00533-2,477463.19,False,,none
P-001387,C-00534,INV-C-00534-0,1295989.35,False,,none
P-001388,C-00535,INV-C-00535-0,481400.09,False,,none
P-001389,C-00535,INV-C-00535-1,481400.09,False,,none
P-001390,C-00536,INV-C-00536-0,613272.59,False,,none
P-001391,C-00536,INV-C-00536-1,613272.59,False,,none
P-001392,C-00536,INV-C-00536-2,613272.59,False,,none
P-001393,C-00536,INV-C-00536-3,613272.59,False,,none
P-001394,C-00537,INV-C-00537-0,666681.65,False,,none
P-001395,C-00537,INV-C-00537-1,666681.65,False,,none
P-001396,C-00538,INV-C-00538-0,233869.95,False,,none
P-001397,C-00538,INV-C-00538-1,233869.95,False,,none
P-001398,C-00539,INV-C-00539-0,5270120.52,False,,none
P-001399,C-00540,INV-C-00540-0,2584735.39,False,,none
P-001400,C-00541,INV-C-00541-0,313825.16,False,,none
P-001401,C-00541,INV-C-00541-1,313825.16,False,,none
P-001402,C-00542,INV-C-00542-0,330124.29,False,,none
P-001403,C-00542,INV-C-00542-1,330124.29,False,,none
P-001404,C-00542,INV-C-00542-2,330124.29,False,,none
P-001405,C-00543,INV-C-00543-0,60877.21,False,,none
P-001406,C-00543,INV-C-00543-1,60877.21,False,,none
P-001407,C-00544,INV-C-00544-0,300230.96,False,,none
P-001408,C-00545,INV-C-00545-0,464796.78,False,,none
P-001409,C-00545,INV-C-00545-1,464796.78,False,,none
P-001410,C-00545,INV-C-00545-2,464796.78,False,,none
P-001411,C-00546,INV-C-00546-0,247781.67,False,,none
P-001412,C-00547,INV-C-00547-0,2513905.89,False,,none
P-001413,C-00548,INV-C-00548-0,407304.27,False,,shell_company
P-001414,C-00548,INV-C-00548-1,407304.27,False,,shell_company
P-001415,C-00548,INV-C-00548-2,407304.27,False,,shell_company
P-001416,C-00549,INV-C-00549-0,425430.28,False,,none
P-001417,C-00549,INV-C-00549-1,425430.28,False,,none
P-001418,C-00550,INV-C-00550-0,1210230.3,False,,none
P-001419,C-00550,INV-C-00550-1,1210230.3,False,,none
P-001420,C-00551,INV-C-00551-0,2127271.78,False,,none
P-001421,C-00552,INV-C-00552-0,1643760.87,False,,none
P-001422,C-00552,INV-C-00552-1,1643760.87,False,,none
P-001423,C-00553,INV-C-00553-0,1464545.76,False,,none
P-001424,C-00554,INV-C-00554-0,307406.34,False,,none
P-001425,C-00554,INV-C-00554-1,307406.34,False,,none
P-001426,C-00554,INV-C-00554-2,307406.34,False,,none
P-001427,C-00554,INV-C-00554-3,307406.34,False,,none
P-001428,C-00555,INV-C-00555-0,800523.9,False,,price_inflation
P-001429,C-00555,INV-C-00555-1,800523.9,False,,price_inflation
P-001430,C-00556,INV-C-00556-0,28354888.98,False,,none
P-001431,C-00557,INV-C-00557-0,589515.26,False,,none
P-001432,C-00557,INV-C-00557-1,589515.26,False,,none
P-001433,C-00557,INV-C-00557-2,589515.26,False,,none
P-001434,C-00558,INV-C-00558-0,18538227.32,False,,none
P-001435,C-00559,INV-C-00559-0,1977267.37,False,,none
P-001436,C-00560,INV-C-00560-0,271611.82,False,,none
P-001437,C-00560,INV-C-00560-1,271611.82,False,,none
P-001438,C-00561,INV-C-00561-0,1330214.27,False,,none
P-001439,C-00562,INV-C-00562-0,392170.88,False,,none
P-001440,C-00562,INV-C-00562-1,392170.88,False,,none
P-001441,C-00562,INV-C-00562-2,392170.88,False,,none
P-001442,C-00563,INV-C-00563-0,197724.18,False,,none
P-001443,C-00563,INV-C-00563-1,197724.18,False,,none
P-001444,C-00563,INV-C-00563-2,197724.18,False,,none
P-001445,C-00564,INV-C-00564-0,329317.85,False,,none
P-001446,C-00564,INV-C-00564-1,329317.85,False,,none
P-001447,C-00564,INV-C-00564-2,329317.85,False,,none
P-001448,C-00565,INV-C-00565-0,5906342.64,False,,none
P-001449,C-00565,INV-C-00565-1,5906342.64,False,,none
P-001450,C-00565,INV-C-00565-2,5906342.64,False,,none
P-001451,C-00565,INV-C-00565-3,5906342.64,False,,none
P-001452,C-00566,INV-C-00566-0,399205.62,False,,none
P-001453,C-00566,INV-C-00566-1,399205.62,False,,none
P-001454,C-00567,INV-C-00567-0,368145.65,False,,none
P-001455,C-00567,INV-C-00567-1,368145.65,False,,none
P-001456,C-00567,INV-C-00567-2,368145.65,False,,none
P-001457,C-00568,INV-C-00568-0,1493109.19,False,,none
P-001458,C-00568,INV-C-00568-1,1493109.19,False,,none
P-001459,C-00568,INV-C-00568-2,1493109.19,False,,none
P-001460,C-00568,INV-C-00568-3,1493109.19,False,,none
P-001461,C-00569,INV-C-00569-0,158408.63,False,,none
P-001462,C-00569,INV-C-00569-1,158408.63,False,,none
P-001463,C-00569,INV-C-00569-2,158408.63,False,,none
P-001464,C-00569,INV-C-00569-3,158408.63,False,,none
P-001465,C-00570,INV-C-00570-0,291007.16,False,,none
P-001466,C-00570,INV-C-00570-1,291007.16,False,,none
P-001467,C-00570,INV-C-00570-2,291007.16,False,,none
P-001468,C-00570,INV-C-00570-3,291007.16,False,,none
P-001469,C-00571,INV-C-00571-0,1168396.49,False,,none
P-001470,C-00571,INV-C-00571-1,1168396.49,False,,none
P-001471,C-00572,INV-C-00572-0,1456642.7,False,,bid_rigging
P-001472,C-00572,INV-C-00572-1,1456642.7,False,,bid_rigging
P-001473,C-00573,INV-C-00573-0,1195040.54,False,,none
P-001474,C-00573,INV-C-00573-1,1195040.54,False,,none
P-001475,C-00573,INV-C-00573-2,1195040.54,False,,none
P-001476,C-00574,INV-C-00574-0,575634.45,False,,none
P-001477,C-00574,INV-C-00574-1,575634.45,False,,none
P-001478,C-00574,INV-C-00574-2,575634.45,False,,none
P-001479,C-00575,INV-C-00575-0,1323333.86,False,,shell_company
P-001480,C-00575,INV-C-00575-1,1323333.86,False,,shell_company
P-001481,C-00575,INV-C-00575-2,1323333.86,False,,shell_company
P-001482,C-00576,INV-C-00576-0,15270498.62,False,,none
P-001483,C-00576,INV-C-00576-1,15270498.62,False,,none
P-001484,C-00577,INV-C-00577-0,3098861.94,False,,none
P-001485,C-00578,INV-C-00578-0,544944.79,False,,none
P-001486,C-00578,INV-C-00578-1,544944.79,False,,none
P-001487,C-00578,INV-C-00578-2,544944.79,False,,none
P-001488,C-00579,INV-C-00579-0,3681030.02,False,,none
P-001489,C-00580,INV-C-00580-0,1581274.14,False,,none
P-001490,C-00580,INV-C-00580-1,1581274.14,False,,none
P-001491,C-00581,INV-C-00581-0,175722.48,False,,none
P-001492,C-00581,INV-C-00581-1,175722.48,False,,none
P-001493,C-00581,INV-C-00581-2,175722.48,False,,none
P-001494,C-00581,INV-C-00581-3,175722.48,False,,none
P-001495,C-00582,INV-C-00582-0,973261.85,False,,price_inflation
P-001496,C-00582,INV-C-00582-1,973261.85,False,,price_inflation
P-001497,C-00583,INV-C-00583-0,613856.03,False,,none
P-001498,C-00583,INV-C-00583-1,613856.03,False,,none
P-001499,C-00584,INV-C-00584-0,3706644.4,False,,price_inflation
P-001500,C-00584,INV-C-00584-1,3706644.4,False,,price_inflation
P-001501,C-00585,INV-C-00585-0,614517.06,False,,none
P-001502,C-00585,INV-C-00585-1,614517.06,False,,none
P-001503,C-00585,INV-C-00585-2,614517.06,False,,none
P-001504,C-00585,INV-C-00585-3,614517.06,False,,none
P-001505,C-00586,INV-C-00586-0,116273.04,False,,none
P-001506,C-00586,INV-C-00586-1,116273.04,False,,none
P-001507,C-00586,INV-C-00586-2,116273.04,False,,none
P-001508,C-00587,INV-C-00587-0,10370407.35,False,,none
P-001509,C-00587,INV-C-00587-1,10370407.35,False,,none
P-001510,C-00588,INV-C-00588-0,12589210.76,False,,none
P-001511,C-00588,INV-C-00588-1,12589210.76,False,,none
P-001512,C-00588,INV-C-00588-2,12589210.76,False,,none
P-001513,C-00589,INV-C-00589-0,29315647.1,False,,none
P-001514,C-00590,INV-C-00590-0,558139.64,False,,none
P-001515,C-00590,INV-C-00590-1,558139.64,False,,none
P-001516,C-00590,INV-C-00590-2,558139.64,False,,none
P-001517,C-00591,INV-C-00591-0,1372038.04,False,,none
P-001518,C-00591,INV-C-00591-1,1372038.04,False,,none
P-001519,C-00592,INV-C-00592-0,5526397.16,False,,none
P-001520,C-00592,INV-C-00592-1,5526397.16,False,,none
P-001521,C-00592,INV-C-00592-2,5526397.16,False,,none
P-001522,C-00593,INV-C-00593-0,1058649.65,False,,none
P-001523,C-00593,INV-C-00593-1,1058649.65,False,,none
P-001524,C-00593,INV-C-00593-2,1058649.65,False,,none
P-001525,C-00594,INV-C-00594-0,2407261.4,False,,price_inflation
P-001526,C-00594,INV-C-00594-1,2407261.4,False,,price_inflation
P-001527,C-00594,INV-C-00594-2,2407261.4,False,,price_inflation
P-001528,C-00594,INV-C-00594-3,2407261.4,False,,price_inflation
P-001529,C-00595,INV-C-00595-0,523428.74,False,,none
P-001530,C-00595,INV-C-00595-1,523428.74,False,,none
P-001531,C-00595,INV-C-00595-2,523428.74,False,,none
P-001532,C-00595,INV-C-00595-3,523428.74,False,,none
P-001533,C-00596,INV-C-00596-0,2024678.04,False,,none
P-001534,C-00597,INV-C-00597-0,7728724.69,False,,none
P-001535,C-00597,INV-C-00597-1,7728724.69,False,,none
P-001536,C-00597,INV-C-00597-2,7728724.69,False,,none
P-001537,C-00598,INV-C-00598-0,1430688.77,False,,none
P-001538,C-00598,INV-C-00598-1,1430688.77,False,,none
P-001539,C-00598,INV-C-00598-2,1430688.77,False,,none
P-001540,C-00599,INV-C-00599-0,1880388.72,False,,none
P-001541,C-00600,INV-C-00600-0,9470532.17,False,,bid_rigging
P-001542,C-00600,INV-C-00600-1,9470532.17,False,,bid_rigging
P-001543,C-00601,INV-C-00601-0,1873474.02,False,,none
P-001544,C-00602,INV-C-00602-0,999489.87,False,,none
P-001545,C-00603,INV-C-00603-0,831232.88,False,,none
P-001546,C-00603,INV-C-00603-1,831232.88,False,,none
P-001547,C-00603,INV-C-00603-2,831232.88,False,,none
P-001548,C-00603,INV-C-00603-3,831232.88,False,,none
P-001549,C-00604,INV-C-00604-0,11965307.83,False,,none
P-001550,C-00604,INV-C-00604-1,11965307.83,False,,none
P-001551,C-00604,INV-C-00604-2,11965307.83,False,,none
P-001552,C-00605,INV-C-00605-0,175661.15,False,,price_inflation
P-001553,C-00605,INV-C-00605-1,175661.15,False,,price_inflation
P-001554,C-00605,INV-C-00605-2,175661.15,False,,price_inflation
P-001555,C-00606,INV-C-00606-0,1446852.24,False,,none
P-001556,C-00606,INV-C-00606-1,1446852.24,False,,none
P-001557,C-00606,INV-C-00606-2,1446852.24,False,,none
P-001558,C-00607,INV-C-00607-0,121199.68,False,,none
P-001559,C-00607,INV-C-00607-1,121199.68,False,,none
P-001560,C-00607,INV-C-00607-2,121199.68,False,,none
P-001561,C-00607,INV-C-00607-3,121199.68,False,,none
P-001562,C-00608,INV-C-00608-0,1809613.31,False,,none
P-001563,C-00608,INV-C-00608-1,1809613.31,False,,none
P-001564,C-00608,INV-C-00608-2,1809613.31,False,,none
P-001565,C-00608,INV-C-00608-3,1809613.31,False,,none
P-001566,C-00609,INV-C-00609-0,5959326.55,False,,bid_rigging
P-001567,C-00610,INV-C-00610-0,478960.35,False,,none
P-001568,C-00610,INV-C-00610-1,478960.35,False,,none
P-001569,C-00610,INV-C-00610-2,478960.35,False,,none
P-001570,C-00611,INV-C-00611-0,3825279.24,False,,none
P-001571,C-00612,INV-C-00612-0,593829.52,False,,none
P-001572,C-00612,INV-C-00612-1,593829.52,False,,none
P-001573,C-00612,INV-C-00612-2,593829.52,False,,none
P-001574,C-00613,INV-C-00613-0,2331155.23,False,,none
P-001575,C-00613,INV-C-00613-1,2331155.23,False,,none
P-001576,C-00613,INV-C-00613-2,2331155.23,False,,none
P-001577,C-00614,INV-C-00614-0,1597292.21,False,,none
P-001578,C-00615,INV-C-00615-0,431674.87,False,,none
P-001579,C-00615,INV-C-00615-1,431674.87,False,,none
P-001580,C-00615,INV-C-00615-2,431674.87,False,,none
P-001581,C-00616,INV-C-00616-0,380933.9,False,,none
P-001582,C-00617,INV-C-00617-0,8384917.62,False,,none
P-001583,C-00617,INV-C-00617-1,8384917.62,False,,none
P-001584,C-00618,INV-C-00618-0,673223.49,False,,none
P-001585,C-00618,INV-C-00618-1,673223.49,False,,none
P-001586,C-00618,INV-C-00618-2,673223.49,False,,none
P-001587,C-00619,INV-C-00619-0,1254212.72,False,,none
P-001588,C-00619,INV-C-00619-1,1254212.72,False,,none
P-001589,C-00619,INV-C-00619-2,1254212.72,False,,none
P-001590,C-00620,INV-C-00620-0,139130.0,False,,none
P-001591,C-00620,INV-C-00620-1,139130.0,False,,none
P-001592,C-00620,INV-C-00620-2,139130.0,False,,none
P-001593,C-00620,INV-C-00620-3,139130.0,False,,none
P-001594,C-00621,INV-C-00621-0,393414.3,False,,none
P-001595,C-00621,INV-C-00621-1,393414.3,False,,none
P-001596,C-00621,INV-C-00621-2,393414.3,False,,none
P-001597,C-00622,INV-C-00622-0,9229482.99,False,,none
P-001598,C-00623,INV-C-00623-0,547437.22,False,,none
P-001599,C-00623,INV-C-00623-1,547437.22,False,,none
P-001600,C-00624,INV-C-00624-0,74363.06,False,,none
P-001601,C-00624,INV-C-00624-1,74363.06,False,,none
P-001602,C-00624,INV-C-00624-2,74363.06,False,,none
P-001603,C-00625,INV-C-00625-0,474896.5,False,,none
P-001604,C-00626,INV-C-00626-0,738304.65,False,,none
P-001605,C-00626,INV-C-00626-1,738304.65,False,,none
P-001606,C-00626,INV-C-00626-2,738304.65,False,,none
P-001607,C-00626,INV-C-00626-3,738304.65,False,,none
P-001608,C-00627,INV-C-00627-0,5409772.92,False,,none
P-001609,C-00627,INV-C-00627-1,5409772.92,False,,none
P-001610,C-00627,INV-C-00627-2,5409772.92,False,,none
P-001611,C-00627,INV-C-00627-3,5409772.92,False,,none
P-001612,C-00628,INV-C-00628-0,753181.89,False,,price_inflation
P-001613,C-00628,INV-C-00628-1,753181.89,False,,price_inflation
P-001614,C-00628,INV-C-00628-2,753181.89,False,,price_inflation
P-001615,C-00629,INV-C-00629-0,489211.68,False,,price_inflation
P-001616,C-00629,INV-C-00629-1,489211.68,False,,price_inflation
P-001617,C-00629,INV-C-00629-2,489211.68,False,,price_inflation
P-001618,C-00630,INV-C-00630-0,11631313.08,False,,none
P-001619,C-00630,INV-C-00630-1,11631313.08,False,,none
P-001620,C-00630,INV-C-00630-2,11631313.08,False,,none
P-001621,C-00631,INV-C-00631-0,474506.22,False,,ai_generated_doc
P-001622,C-00631,INV-C-00631-1,474506.22,False,,ai_generated_doc
P-001623,C-00632,INV-C-00632-0,197480.72,False,,none
P-001624,C-00632,INV-C-00632-1,197480.72,False,,none
P-001625,C-00632,INV-C-00632-2,197480.72,False,,none
P-001626,C-00633,INV-C-00633-0,100486.72,False,,none
P-001627,C-00633,INV-C-00633-1,100486.72,False,,none
P-001628,C-00633,INV-C-00633-2,100486.72,False,,none
P-001629,C-00634,INV-C-00634-0,21819235.53,False,,none
P-001630,C-00635,INV-C-00635-0,531579.01,False,,bid_rigging
P-001631,C-00636,INV-C-00636-0,2355077.9,False,,none
P-001632,C-00636,INV-C-00636-1,2355077.9,False,,none
P-001633,C-00637,INV-C-00637-0,1117400.9,False,,none
P-001634,C-00637,INV-C-00637-1,1117400.9,False,,none
P-001635,C-00638,INV-C-00638-0,8645331.47,False,,none
P-001636,C-00638,INV-C-00638-1,8645331.47,False,,none
P-001637,C-00638,INV-C-00638-2,8645331.47,False,,none
P-001638,C-00638,INV-C-00638-3,8645331.47,False,,none
P-001639,C-00639,INV-C-00639-0,1142291.83,False,,none
P-001640,C-00639,INV-C-00639-1,1142291.83,False,,none
P-001641,C-00639,INV-C-00639-2,1142291.83,False,,none
P-001642,C-00639,INV-C-00639-3,1142291.83,False,,none
P-001643,C-00640,INV-C-00640-0,633598.44,False,,none
P-001644,C-00640,INV-C-00640-1,633598.44,False,,none
P-001645,C-00640,INV-C-00640-2,633598.44,False,,none
P-001646,C-00641,INV-C-00641-0,191793.36,False,,none
P-001647,C-00641,INV-C-00641-1,191793.36,False,,none
P-001648,C-00641,INV-C-00641-2,191793.36,False,,none
P-001649,C-00642,INV-C-00642-0,7239737.78,False,,none
P-001650,C-00642,INV-C-00642-1,7239737.78,False,,none
P-001651,C-00642,INV-C-00642-2,7239737.78,False,,none
P-001652,C-00642,INV-C-00642-3,7239737.78,False,,none
P-001653,C-00643,INV-C-00643-0,681506.76,False,,none
P-001654,C-00643,INV-C-00643-1,681506.76,False,,none
P-001655,C-00643,INV-C-00643-2,681506.76,False,,none
P-001656,C-00643,INV-C-00643-3,681506.76,False,,none
P-001657,C-00644,INV-C-00644-0,5622685.12,False,,none
P-001658,C-00644,INV-C-00644-1,5622685.12,False,,none
P-001659,C-00644,INV-C-00644-2,5622685.12,False,,none
P-001660,C-00644,INV-C-00644-3,5622685.12,False,,none
P-001661,C-00645,INV-C-00645-0,978660.46,False,,ai_generated_doc
P-001662,C-00645,INV-C-00645-1,978660.46,False,,ai_generated_doc
P-001663,C-00645,INV-C-00645-2,978660.46,False,,ai_generated_doc
P-001664,C-00645,INV-C-00645-3,978660.46,False,,ai_generated_doc
P-001665,C-00646,INV-C-00646-0,8023292.45,False,,none
P-001666,C-00646,INV-C-00646-1,8023292.45,False,,none
P-001667,C-00646,INV-C-00646-2,8023292.45,False,,none
P-001668,C-00647,INV-C-00647-0,1387731.93,False,,conflict_of_interest
P-001669,C-00647,INV-C-00647-1,1387731.93,False,,conflict_of_interest
P-001670,C-00647,INV-C-00647-2,1387731.93,False,,conflict_of_interest
P-001671,C-00648,INV-C-00648-0,612707.38,False,,none
P-001672,C-00648,INV-C-00648-1,612707.38,False,,none
P-001673,C-00649,INV-C-00649-0,936056.09,False,,none
P-001674,C-00649,INV-C-00649-1,936056.09,False,,none
P-001675,C-00649,INV-C-00649-2,936056.09,False,,none
P-001676,C-00650,INV-C-00650-0,312567.9,False,,none
P-001677,C-00650,INV-C-00650-1,312567.9,False,,none
P-001678,C-00650,INV-C-00650-2,312567.9,False,,none
P-001679,C-00651,INV-C-00651-0,1453530.62,False,,none
P-001680,C-00652,INV-C-00652-0,1091536.06,False,,none
P-001681,C-00652,INV-C-00652-1,1091536.06,False,,none
P-001682,C-00653,INV-C-00653-0,120930.66,False,,none
P-001683,C-00653,INV-C-00653-1,120930.66,False,,none
P-001684,C-00654,INV-C-00654-0,193123.88,False,,shell_company
P-001685,C-00654,INV-C-00654-1,193123.88,False,,shell_company
P-001686,C-00654,INV-C-00654-2,193123.88,False,,shell_company
P-001687,C-00654,INV-C-00654-3,193123.88,False,,shell_company
P-001688,C-00655,INV-C-00655-0,921932.33,False,,none
P-001689,C-00655,INV-C-00655-1,921932.33,False,,none
P-001690,C-00656,INV-C-00656-0,485584.56,False,,none
P-001691,C-00656,INV-C-00656-1,485584.56,False,,none
P-001692,C-00656,INV-C-00656-2,485584.56,False,,none
P-001693,C-00657,INV-C-00657-0,1063813.16,False,,none
P-001694,C-00657,INV-C-00657-1,1063813.16,False,,none
P-001695,C-00658,INV-C-00658-0,105446.69,False,,none
P-001696,C-00658,INV-C-00658-1,105446.69,False,,none
P-001697,C-00658,INV-C-00658-2,105446.69,False,,none
P-001698,C-00658,INV-C-00658-3,105446.69,False,,none
P-001699,C-00659,INV-C-00659-0,39259.13,False,,conflict_of_interest
P-001700,C-00659,INV-C-00659-1,39259.13,False,,conflict_of_interest
P-001701,C-00659,INV-C-00659-2,39259.13,False,,conflict_of_interest
P-001702,C-00659,INV-C-00659-3,39259.13,False,,conflict_of_interest
P-001703,C-00660,INV-C-00660-0,7510843.1,False,,none
P-001704,C-00661,INV-C-00661-0,2864353.27,False,,none
P-001705,C-00662,INV-C-00662-0,231470.09,False,,none
P-001706,C-00662,INV-C-00662-1,231470.09,False,,none
P-001707,C-00662,INV-C-00662-2,231470.09,False,,none
P-001708,C-00662,INV-C-00662-3,231470.09,False,,none
P-001709,C-00663,INV-C-00663-0,4275490.47,False,,none
P-001710,C-00664,INV-C-00664-0,504334.34,False,,none
P-001711,C-00664,INV-C-00664-1,504334.34,False,,none
P-001712,C-00664,INV-C-00664-2,504334.34,False,,none
P-001713,C-00665,INV-C-00665-0,12955640.88,False,,none
P-001714,C-00665,INV-C-00665-1,12955640.88,False,,none
P-001715,C-00665,INV-C-00665-2,12955640.88,False,,none
P-001716,C-00666,INV-C-00666-0,1593337.81,False,,conflict_of_interest
P-001717,C-00666,INV-C-00666-1,1593337.81,False,,conflict_of_interest
P-001718,C-00666,INV-C-00666-2,1593337.81,False,,conflict_of_interest
P-001719,C-00667,INV-C-00667-0,240636.39,False,,none
P-001720,C-00667,INV-C-00667-1,240636.39,False,,none
P-001721,C-00667,INV-C-00667-2,240636.39,False,,none
P-001722,C-00668,INV-C-00668-0,700413.94,False,,none
P-001723,C-00668,INV-C-00668-1,700413.94,False,,none
P-001724,C-00668,INV-C-00668-2,700413.94,False,,none
P-001725,C-00669,INV-C-00669-0,471313.16,False,,none
P-001726,C-00669,INV-C-00669-1,471313.16,False,,none
P-001727,C-00669,INV-C-00669-2,471313.16,False,,none
P-001728,C-00669,INV-C-00669-3,471313.16,False,,none
P-001729,C-00670,INV-C-00670-0,6054198.74,False,,bid_rigging
P-001730,C-00670,INV-C-00670-1,6054198.74,False,,bid_rigging
P-001731,C-00670,INV-C-00670-2,6054198.74,False,,bid_rigging
P-001732,C-00670,INV-C-00670-3,6054198.74,False,,bid_rigging
P-001733,C-00671,INV-C-00671-0,243072.65,False,,none
P-001734,C-00671,INV-C-00671-1,243072.65,False,,none
P-001735,C-00671,INV-C-00671-2,243072.65,False,,none
P-001736,C-00672,INV-C-00672-0,883879.91,False,,none
P-001737,C-00673,INV-C-00673-0,321681.57,False,,price_inflation
P-001738,C-00673,INV-C-00673-1,321681.57,False,,price_inflation
P-001739,C-00673,INV-C-00673-2,321681.57,False,,price_inflation
P-001740,C-00673,INV-C-00673-3,321681.57,False,,price_inflation
P-001741,C-00674,INV-C-00674-0,341172.99,False,,none
P-001742,C-00674,INV-C-00674-1,341172.99,False,,none
P-001743,C-00674,INV-C-00674-2,341172.99,False,,none
P-001744,C-00674,INV-C-00674-3,341172.99,False,,none
P-001745,C-00675,INV-C-00675-0,768511.99,False,,none
P-001746,C-00675,INV-C-00675-1,768511.99,False,,none
P-001747,C-00676,INV-C-00676-0,2470860.06,False,,none
P-001748,C-00676,INV-C-00676-1,2470860.06,False,,none
P-001749,C-00677,INV-C-00677-0,1298167.29,False,,none
P-001750,C-00677,INV-C-00677-1,1298167.29,False,,none
P-001751,C-00677,INV-C-00677-2,1298167.29,False,,none
P-001752,C-00678,INV-C-00678-0,798994.41,False,,none
P-001753,C-00678,INV-C-00678-1,798994.41,False,,none
P-001754,C-00678,INV-C-00678-2,798994.41,False,,none
P-001755,C-00678,INV-C-00678-3,798994.41,False,,none
P-001756,C-00679,INV-C-00679-0,209098.05,False,,bid_rigging
P-001757,C-00679,INV-C-00679-1,209098.05,False,,bid_rigging
P-001758,C-00679,INV-C-00679-2,209098.05,False,,bid_rigging
P-001759,C-00679,INV-C-00679-3,209098.05,False,,bid_rigging
P-001760,C-00680,INV-C-00680-0,361634.61,False,,none
P-001761,C-00681,INV-C-00681-0,590102.4,False,,none
P-001762,C-00681,INV-C-00681-1,590102.4,False,,none
P-001763,C-00682,INV-C-00682-0,404092.32,False,,none
P-001764,C-00682,INV-C-00682-1,404092.32,False,,none
P-001765,C-00682,INV-C-00682-2,404092.32,False,,none
P-001766,C-00683,INV-C-00683-0,110307.29,False,,none
P-001767,C-00683,INV-C-00683-1,110307.29,False,,none
P-001768,C-00683,INV-C-00683-2,110307.29,False,,none
P-001769,C-00684,INV-C-00684-0,2995282.31,False,,none
P-001770,C-00684,INV-C-00684-1,2995282.31,False,,none
P-001771,C-00685,INV-C-00685-0,1558760.67,False,,price_inflation
P-001772,C-00685,INV-C-00685-1,1558760.67,False,,price_inflation
P-001773,C-00685,INV-C-00685-2,1558760.67,False,,price_inflation
P-001774,C-00686,INV-C-00686-0,2283895.56,False,,none
P-001775,C-00687,INV-C-00687-0,741236.57,False,,none
P-001776,C-00687,INV-C-00687-1,741236.57,False,,none
P-001777,C-00688,INV-C-00688-0,1056977.71,False,,conflict_of_interest
P-001778,C-00688,INV-C-00688-1,1056977.71,False,,conflict_of_interest
P-001779,C-00688,INV-C-00688-2,1056977.71,False,,conflict_of_interest
P-001780,C-00688,INV-C-00688-3,1056977.71,False,,conflict_of_interest
P-001781,C-00689,INV-C-00689-0,1845051.72,False,,none
P-001782,C-00689,INV-C-00689-1,1845051.72,False,,none
P-001783,C-00689,INV-C-00689-2,1845051.72,False,,none
P-001784,C-00689,INV-C-00689-3,1845051.72,False,,none
P-001785,C-00690,INV-C-00690-0,500280.89,False,,bid_rigging
P-001786,C-00690,INV-C-00690-1,500280.89,False,,bid_rigging
P-001787,C-00690,INV-C-00690-2,500280.89,False,,bid_rigging
P-001788,C-00690,INV-C-00690-3,500280.89,False,,bid_rigging
P-001789,C-00691,INV-C-00691-0,366202.6,False,,none
P-001790,C-00691,INV-C-00691-1,366202.6,False,,none
P-001791,C-00691,INV-C-00691-2,366202.6,False,,none
P-001792,C-00692,INV-C-00692-0,3121243.73,False,,none
P-001793,C-00693,INV-C-00693-0,775361.49,False,,none
P-001794,C-00693,INV-C-00693-1,775361.49,False,,none
P-001795,C-00693,INV-C-00693-2,775361.49,False,,none
P-001796,C-00693,INV-C-00693-3,775361.49,False,,none
P-001797,C-00694,INV-C-00694-0,963692.93,False,,none
P-001798,C-00694,INV-C-00694-1,963692.93,False,,none
P-001799,C-00694,INV-C-00694-2,963692.93,False,,none
P-001800,C-00695,INV-C-00695-0,890796.48,False,,none
P-001801,C-00696,INV-C-00696-0,2500413.56,False,,none
P-001802,C-00696,INV-C-00696-1,2500413.56,False,,none
P-001803,C-00697,INV-C-00697-0,632843.76,False,,none
P-001804,C-00697,INV-C-00697-1,632843.76,False,,none
P-001805,C-00698,INV-C-00698-0,316618.61,False,,none
P-001806,C-00698,INV-C-00698-1,316618.61,False,,none
P-001807,C-00698,INV-C-00698-2,316618.61,False,,none
P-001808,C-00698,INV-C-00698-3,316618.61,False,,none
P-001809,C-00699,INV-C-00699-0,540910.72,False,,none
P-001810,C-00699,INV-C-00699-1,540910.72,False,,none
P-001811,C-00700,INV-C-00700-0,810197.42,False,,none
P-001812,C-00700,INV-C-00700-1,810197.42,False,,none
P-001813,C-00700,INV-C-00700-2,810197.42,False,,none
P-001814,C-00700,INV-C-00700-3,810197.42,False,,none
P-001815,C-00701,INV-C-00701-0,210532.9,False,,none
P-001816,C-00701,INV-C-00701-1,210532.9,False,,none
P-001817,C-00701,INV-C-00701-2,210532.9,False,,none
P-001818,C-00701,INV-C-00701-3,210532.9,False,,none
P-001819,C-00702,INV-C-00702-0,247604.7,False,,none
P-001820,C-00702,INV-C-00702-1,247604.7,False,,none
P-001821,C-00702,INV-C-00702-2,247604.7,False,,none
P-001822,C-00703,INV-C-00703-0,3249674.72,False,,none
P-001823,C-00703,INV-C-00703-1,3249674.72,False,,none
P-001824,C-00704,INV-C-00704-0,1732486.59,False,,none
P-001825,C-00705,INV-C-00705-0,246972.1,False,,none
P-001826,C-00705,INV-C-00705-1,246972.1,False,,none
P-001827,C-00705,INV-C-00705-2,246972.1,False,,none
P-001828,C-00706,INV-C-00706-0,1915050.28,False,,price_inflation
P-001829,C-00706,INV-C-00706-1,1915050.28,False,,price_inflation
P-001830,C-00706,INV-C-00706-2,1915050.28,False,,price_inflation
P-001831,C-00707,INV-C-00707-0,1710404.22,False,,none
P-001832,C-00708,INV-C-00708-0,2987082.56,False,,none
P-001833,C-00708,INV-C-00708-1,2987082.56,False,,none
P-001834,C-00709,INV-C-00709-0,387661.87,False,,none
P-001835,C-00709,INV-C-00709-1,387661.87,False,,none
P-001836,C-00709,INV-C-00709-2,387661.87,False,,none
P-001837,C-00710,INV-C-00710-0,16565879.82,False,,none
P-001838,C-00711,INV-C-00711-0,5487302.94,False,,none
P-001839,C-00711,INV-C-00711-1,5487302.94,False,,none
P-001840,C-00711,INV-C-00711-2,5487302.94,False,,none
P-001841,C-00711,INV-C-00711-3,5487302.94,False,,none
P-001842,C-00712,INV-C-00712-0,177906.83,False,,none
P-001843,C-00713,INV-C-00713-0,2314842.09,False,,none
P-001844,C-00714,INV-C-00714-0,592023.52,False,,none
P-001845,C-00714,INV-C-00714-1,592023.52,False,,none
P-001846,C-00714,INV-C-00714-2,592023.52,False,,none
P-001847,C-00715,INV-C-00715-0,2346513.65,False,,none
P-001848,C-00715,INV-C-00715-1,2346513.65,False,,none
P-001849,C-00715,INV-C-00715-2,2346513.65,False,,none
P-001850,C-00716,INV-C-00716-0,2014223.45,False,,bid_rigging
P-001851,C-00716,INV-C-00716-1,2014223.45,False,,bid_rigging
P-001852,C-00716,INV-C-00716-2,2014223.45,False,,bid_rigging
P-001853,C-00717,INV-C-00717-0,758463.39,False,,none
P-001854,C-00717,INV-C-00717-1,758463.39,False,,none
P-001855,C-00717,INV-C-00717-2,758463.39,False,,none
P-001856,C-00718,INV-C-00718-0,329010.71,False,,none
P-001857,C-00718,INV-C-00718-1,329010.71,False,,none
P-001858,C-00719,INV-C-00719-0,3459305.81,False,,none
P-001859,C-00719,INV-C-00719-1,3459305.81,False,,none
P-001860,C-00719,INV-C-00719-2,3459305.81,False,,none
P-001861,C-00720,INV-C-00720-0,6252977.55,False,,none
P-001862,C-00720,INV-C-00720-1,6252977.55,False,,none
P-001863,C-00720,INV-C-00720-2,6252977.55,False,,none
P-001864,C-00721,INV-C-00721-0,182849.23,False,,none
P-001865,C-00721,INV-C-00721-1,182849.23,False,,none
P-001866,C-00721,INV-C-00721-2,182849.23,False,,none
P-001867,C-00722,INV-C-00722-0,6817395.6,False,,none
P-001868,C-00722,INV-C-00722-1,6817395.6,False,,none
P-001869,C-00722,INV-C-00722-2,6817395.6,False,,none
P-001870,C-00723,INV-C-00723-0,3822673.84,False,,none
P-001871,C-00723,INV-C-00723-1,3822673.84,False,,none
P-001872,C-00723,INV-C-00723-2,3822673.84,False,,none
P-001873,C-00724,INV-C-00724-0,248313.92,False,,none
P-001874,C-00724,INV-C-00724-1,248313.92,False,,none
P-001875,C-00724,INV-C-00724-2,248313.92,False,,none
P-001876,C-00724,INV-C-00724-3,248313.92,False,,none
P-001877,C-00725,INV-C-00725-0,1711772.0,False,,none
P-001878,C-00725,INV-C-00725-1,1711772.0,False,,none
P-001879,C-00726,INV-C-00726-0,32512936.65,False,,none
P-001880,C-00727,INV-C-00727-0,190299.31,False,,none
P-001881,C-00727,INV-C-00727-1,190299.31,False,,none
P-001882,C-00727,INV-C-00727-2,190299.31,False,,none
P-001883,C-00727,INV-C-00727-3,190299.31,False,,none
P-001884,C-00728,INV-C-00728-0,8005432.47,False,,none
P-001885,C-00728,INV-C-00728-1,8005432.47,False,,none
P-001886,C-00729,INV-C-00729-0,1285580.7,False,,none
P-001887,C-00729,INV-C-00729-1,1285580.7,False,,none
P-001888,C-00730,INV-C-00730-0,593133.0,False,,none
P-001889,C-00730,INV-C-00730-1,593133.0,False,,none
P-001890,C-00730,INV-C-00730-2,593133.0,False,,none
P-001891,C-00731,INV-C-00731-0,8898830.17,False,,none
P-001892,C-00731,INV-C-00731-1,8898830.17,False,,none
P-001893,C-00731,INV-C-00731-2,8898830.17,False,,none
P-001894,C-00731,INV-C-00731-3,8898830.17,False,,none
P-001895,C-00732,INV-C-00732-0,326086.47,False,,bid_rigging
P-001896,C-00732,INV-C-00732-1,326086.47,False,,bid_rigging
P-001897,C-00732,INV-C-00732-2,326086.47,False,,bid_rigging
P-001898,C-00732,INV-C-00732-3,326086.47,False,,bid_rigging
P-001899,C-00733,INV-C-00733-0,618091.6,False,,none
P-001900,C-00733,INV-C-00733-1,618091.6,False,,none
P-001901,C-00733,INV-C-00733-2,618091.6,False,,none
P-001902,C-00733,INV-C-00733-3,618091.6,False,,none
P-001903,C-00734,INV-C-00734-0,6164593.04,False,,bid_suppression
P-001904,C-00735,INV-C-00735-0,1419635.76,False,,none
P-001905,C-00735,INV-C-00735-1,1419635.76,False,,none
P-001906,C-00735,INV-C-00735-2,1419635.76,False,,none
P-001907,C-00736,INV-C-00736-0,1469251.89,False,,none
P-001908,C-00737,INV-C-00737-0,1150207.75,False,,none
P-001909,C-00737,INV-C-00737-1,1150207.75,False,,none
P-001910,C-00737,INV-C-00737-2,1150207.75,False,,none
P-001911,C-00738,INV-C-00738-0,5836413.77,False,,none
P-001912,C-00739,INV-C-00739-0,4385492.89,False,,none
P-001913,C-00740,INV-C-00740-0,222966.21,False,,none
P-001914,C-00740,INV-C-00740-1,222966.21,False,,none
P-001915,C-00740,INV-C-00740-2,222966.21,False,,none
P-001916,C-00740,INV-C-00740-3,222966.21,False,,none
P-001917,C-00741,INV-C-00741-0,28825712.55,False,,none
P-001918,C-00742,INV-C-00742-0,306788.37,False,,none
P-001919,C-00742,INV-C-00742-1,306788.37,False,,none
P-001920,C-00742,INV-C-00742-2,306788.37,False,,none
P-001921,C-00743,INV-C-00743-0,645198.03,False,,none
P-001922,C-00743,INV-C-00743-1,645198.03,False,,none
P-001923,C-00744,INV-C-00744-0,5812080.23,False,,bid_rigging
P-001924,C-00745,INV-C-00745-0,84331.17,False,,none
P-001925,C-00745,INV-C-00745-1,84331.17,False,,none
P-001926,C-00745,INV-C-00745-2,84331.17,False,,none
P-001927,C-00745,INV-C-00745-3,84331.17,False,,none
P-001928,C-00746,INV-C-00746-0,1220077.61,False,,none
P-001929,C-00747,INV-C-00747-0,293126.0,False,,none
P-001930,C-00747,INV-C-00747-1,293126.0,False,,none
P-001931,C-00747,INV-C-00747-2,293126.0,False,,none
P-001932,C-00748,INV-C-00748-0,703184.41,False,,none
P-001933,C-00748,INV-C-00748-1,703184.41,False,,none
P-001934,C-00748,INV-C-00748-2,703184.41,False,,none
P-001935,C-00749,INV-C-00749-0,815127.73,False,,none
P-001936,C-00749,INV-C-00749-1,815127.73,False,,none
P-001937,C-00749,INV-C-00749-2,815127.73,False,,none
P-001938,C-00749,INV-C-00749-3,815127.73,False,,none
P-001939,C-00750,INV-C-00750-0,339549.39,False,,none
P-001940,C-00750,INV-C-00750-1,339549.39,False,,none
P-001941,C-00750,INV-C-00750-2,339549.39,False,,none
P-001942,C-00751,INV-C-00751-0,629213.6,False,,none
P-001943,C-00751,INV-C-00751-1,629213.6,False,,none
P-001944,C-00752,INV-C-00752-0,3020026.72,False,,none
P-001945,C-00753,INV-C-00753-0,205851.05,False,,shell_company
P-001946,C-00753,INV-C-00753-1,205851.05,False,,shell_company
P-001947,C-00753,INV-C-00753-2,205851.05,False,,shell_company
P-001948,C-00753,INV-C-00753-3,205851.05,False,,shell_company
P-001949,C-00754,INV-C-00754-0,55851.03,False,,none
P-001950,C-00754,INV-C-00754-1,55851.03,False,,none
P-001951,C-00755,INV-C-00755-0,6509116.37,False,,none
P-001952,C-00755,INV-C-00755-1,6509116.37,False,,none
P-001953,C-00756,INV-C-00756-0,4322376.41,False,,bid_rigging
P-001954,C-00756,INV-C-00756-1,4322376.41,False,,bid_rigging
P-001955,C-00756,INV-C-00756-2,4322376.41,False,,bid_rigging
P-001956,C-00756,INV-C-00756-3,4322376.41,False,,bid_rigging
P-001957,C-00757,INV-C-00757-0,381049.46,False,,none
P-001958,C-00757,INV-C-00757-1,381049.46,False,,none
P-001959,C-00757,INV-C-00757-2,381049.46,False,,none
P-001960,C-00757,INV-C-00757-3,381049.46,False,,none
P-001961,C-00758,INV-C-00758-0,27571995.39,False,,none
P-001962,C-00759,INV-C-00759-0,206238.46,False,,none
P-001963,C-00759,INV-C-00759-1,206238.46,False,,none
P-001964,C-00760,INV-C-00760-0,4888792.6,False,,none
P-001965,C-00761,INV-C-00761-0,269049.32,False,,none
P-001966,C-00761,INV-C-00761-1,269049.32,False,,none
P-001967,C-00761,INV-C-00761-2,269049.32,False,,none
P-001968,C-00761,INV-C-00761-3,269049.32,False,,none
P-001969,C-00762,INV-C-00762-0,6686681.18,False,,none
P-001970,C-00763,INV-C-00763-0,287403.6,False,,none
P-001971,C-00763,INV-C-00763-1,287403.6,False,,none
P-001972,C-00763,INV-C-00763-2,287403.6,False,,none
P-001973,C-00764,INV-C-00764-0,29547474.24,False,,price_inflation
P-001974,C-00765,INV-C-00765-0,2932972.92,False,,conflict_of_interest
P-001975,C-00766,INV-C-00766-0,7593452.73,False,,none
P-001976,C-00767,INV-C-00767-0,289534.01,False,,price_inflation
P-001977,C-00767,INV-C-00767-1,289534.01,False,,price_inflation
P-001978,C-00767,INV-C-00767-2,289534.01,False,,price_inflation
P-001979,C-00768,INV-C-00768-0,1823047.87,False,,none
P-001980,C-00768,INV-C-00768-1,1823047.87,False,,none
P-001981,C-00768,INV-C-00768-2,1823047.87,False,,none
P-001982,C-00769,INV-C-00769-0,961383.87,False,,none
P-001983,C-00769,INV-C-00769-1,961383.87,False,,none
P-001984,C-00770,INV-C-00770-0,779888.0,False,,none
P-001985,C-00771,INV-C-00771-0,4120032.04,False,,none
P-001986,C-00772,INV-C-00772-0,18821931.51,False,,none
P-001987,C-00773,INV-C-00773-0,261408.75,False,,none
P-001988,C-00773,INV-C-00773-1,261408.75,False,,none
P-001989,C-00773,INV-C-00773-2,261408.75,False,,none
P-001990,C-00774,INV-C-00774-0,729273.58,False,,none
P-001991,C-00774,INV-C-00774-1,729273.58,False,,none
P-001992,C-00775,INV-C-00775-0,1981684.41,False,,none
P-001993,C-00775,INV-C-00775-1,1981684.41,False,,none
P-001994,C-00776,INV-C-00776-0,499251.63,False,,ai_generated_doc
P-001995,C-00777,INV-C-00777-0,505660.7,False,,none
P-001996,C-00777,INV-C-00777-1,505660.7,False,,none
P-001997,C-00778,INV-C-00778-0,736693.56,False,,none
P-001998,C-00778,INV-C-00778-1,736693.56,False,,none
P-001999,C-00778,INV-C-00778-2,736693.56,False,,none
P-002000,C-00778,INV-C-00778-3,736693.56,False,,none
P-002001,C-00779,INV-C-00779-0,978971.85,False,,conflict_of_interest
P-002002,C-00779,INV-C-00779-1,978971.85,False,,conflict_of_interest
P-002003,C-00779,INV-C-00779-2,978971.85,False,,conflict_of_interest
P-002004,C-00780,INV-C-00780-0,404250.44,False,,none
P-002005,C-00781,INV-C-00781-0,5883119.43,False,,none
P-002006,C-00782,INV-C-00782-0,19902860.14,False,,none
P-002007,C-00782,INV-C-00782-1,19902860.14,False,,none
P-002008,C-00783,INV-C-00783-0,2372762.17,False,,ai_generated_doc
P-002009,C-00783,INV-C-00783-1,2372762.17,False,,ai_generated_doc
P-002010,C-00784,INV-C-00784-0,1963899.68,False,,none
P-002011,C-00784,INV-C-00784-1,1963899.68,False,,none
P-002012,C-00785,INV-C-00785-0,59090.38,False,,bid_rigging
P-002013,C-00785,INV-C-00785-1,59090.38,False,,bid_rigging
P-002014,C-00785,INV-C-00785-2,59090.38,False,,bid_rigging
P-002015,C-00785,INV-C-00785-3,59090.38,False,,bid_rigging
P-002016,C-00786,INV-C-00786-0,1947809.23,False,,none
P-002017,C-00786,INV-C-00786-1,1947809.23,False,,none
P-002018,C-00787,INV-C-00787-0,81935.96,False,,none
P-002019,C-00787,INV-C-00787-1,81935.96,False,,none
P-002020,C-00787,INV-C-00787-2,81935.96,False,,none
P-002021,C-00787,INV-C-00787-3,81935.96,False,,none
P-002022,C-00788,INV-C-00788-0,78264.37,False,,none
P-002023,C-00789,INV-C-00789-0,7160800.07,False,,none
P-002024,C-00789,INV-C-00789-1,7160800.07,False,,none
P-002025,C-00790,INV-C-00790-0,13002843.96,False,,none
P-002026,C-00791,INV-C-00791-0,2004246.57,False,,none
P-002027,C-00791,INV-C-00791-1,2004246.57,False,,none
P-002028,C-00792,INV-C-00792-0,914392.01,False,,bid_rigging
P-002029,C-00792,INV-C-00792-1,914392.01,False,,bid_rigging
P-002030,C-00792,INV-C-00792-2,914392.01,False,,bid_rigging
P-002031,C-00792,INV-C-00792-3,914392.01,False,,bid_rigging
P-002032,C-00793,INV-C-00793-0,8673329.05,False,,none
P-002033,C-00793,INV-C-00793-1,8673329.05,False,,none
P-002034,C-00794,INV-C-00794-0,1689883.09,False,,none
P-002035,C-00795,INV-C-00795-0,3967845.94,False,,none
P-002036,C-00795,INV-C-00795-1,3967845.94,False,,none
P-002037,C-00796,INV-C-00796-0,920854.81,False,,conflict_of_interest
P-002038,C-00796,INV-C-00796-1,920854.81,False,,conflict_of_interest
P-002039,C-00796,INV-C-00796-2,920854.81,False,,conflict_of_interest
P-002040,C-00797,INV-C-00797-0,313116.67,False,,none
P-002041,C-00797,INV-C-00797-1,313116.67,False,,none
P-002042,C-00797,INV-C-00797-2,313116.67,False,,none
P-002043,C-00798,INV-C-00798-0,102643.39,False,,price_inflation
P-002044,C-00798,INV-C-00798-1,102643.39,False,,price_inflation
P-002045,C-00798,INV-C-00798-2,102643.39,False,,price_inflation
P-002046,C-00798,INV-C-00798-3,102643.39,False,,price_inflation
P-002047,C-00799,INV-C-00799-0,1585039.29,False,,none
P-002048,C-00800,INV-C-00800-0,872805.86,False,,none
P-002049,C-00800,INV-C-00800-1,872805.86,False,,none
P-002050,C-00800,INV-C-00800-2,872805.86,False,,none
P-002051,C-00800,INV-C-00800-3,872805.86,False,,none
P-002052,C-00801,INV-C-00801-0,345480.11,False,,none
P-002053,C-00801,INV-C-00801-1,345480.11,False,,none
P-002054,C-00801,INV-C-00801-2,345480.11,False,,none
P-002055,C-00801,INV-C-00801-3,345480.11,False,,none
P-002056,C-00802,INV-C-00802-0,43124.77,False,,none
P-002057,C-00802,INV-C-00802-1,43124.77,False,,none
P-002058,C-00802,INV-C-00802-2,43124.77,False,,none
P-002059,C-00802,INV-C-00802-3,43124.77,False,,none
P-002060,C-00803,INV-C-00803-0,903032.76,False,,none
P-002061,C-00803,INV-C-00803-1,903032.76,False,,none
P-002062,C-00803,INV-C-00803-2,903032.76,False,,none
P-002063,C-00803,INV-C-00803-3,903032.76,False,,none
P-002064,C-00804,INV-C-00804-0,2044386.42,False,,none
P-002065,C-00804,INV-C-00804-1,2044386.42,False,,none
P-002066,C-00805,INV-C-00805-0,590072.83,False,,none
P-002067,C-00805,INV-C-00805-1,590072.83,False,,none
P-002068,C-00805,INV-C-00805-2,590072.83,False,,none
P-002069,C-00806,INV-C-00806-0,1008345.31,False,,none
P-002070,C-00806,INV-C-00806-1,1008345.31,False,,none
P-002071,C-00807,INV-C-00807-0,972182.33,False,,none
P-002072,C-00808,INV-C-00808-0,1885359.24,False,,ai_generated_doc
P-002073,C-00808,INV-C-00808-1,1885359.24,False,,ai_generated_doc
P-002074,C-00809,INV-C-00809-0,2566925.6,False,,none
P-002075,C-00809,INV-C-00809-1,2566925.6,False,,none
P-002076,C-00809,INV-C-00809-2,2566925.6,False,,none
P-002077,C-00810,INV-C-00810-0,630756.37,False,,none
P-002078,C-00811,INV-C-00811-0,1900363.04,False,,none
P-002079,C-00811,INV-C-00811-1,1900363.04,False,,none
P-002080,C-00812,INV-C-00812-0,1233348.81,False,,none
P-002081,C-00812,INV-C-00812-1,1233348.81,False,,none
P-002082,C-00812,INV-C-00812-2,1233348.81,False,,none
P-002083,C-00813,INV-C-00813-0,231633.07,False,,shell_company
P-002084,C-00813,INV-C-00813-1,231633.07,False,,shell_company
P-002085,C-00814,INV-C-00814-0,526055.69,False,,none
P-002086,C-00814,INV-C-00814-1,526055.69,False,,none
P-002087,C-00814,INV-C-00814-2,526055.69,False,,none
P-002088,C-00814,INV-C-00814-3,526055.69,False,,none
P-002089,C-00815,INV-C-00815-0,214333.64,False,,none
P-002090,C-00815,INV-C-00815-1,214333.64,False,,none
P-002091,C-00815,INV-C-00815-2,214333.64,False,,none
P-002092,C-00815,INV-C-00815-3,214333.64,False,,none
P-002093,C-00816,INV-C-00816-0,1608147.51,False,,none
P-002094,C-00816,INV-C-00816-1,1608147.51,False,,none
P-002095,C-00816,INV-C-00816-2,1608147.51,False,,none
P-002096,C-00817,INV-C-00817-0,2780486.93,False,,none
P-002097,C-00817,INV-C-00817-1,2780486.93,False,,none
P-002098,C-00817,INV-C-00817-2,2780486.93,False,,none
P-002099,C-00817,INV-C-00817-3,2780486.93,False,,none
P-002100,C-00818,INV-C-00818-0,388585.36,False,,none
P-002101,C-00818,INV-C-00818-1,388585.36,False,,none
P-002102,C-00818,INV-C-00818-2,388585.36,False,,none
P-002103,C-00819,INV-C-00819-0,171623.79,False,,bid_rigging
P-002104,C-00819,INV-C-00819-1,171623.79,False,,bid_rigging
P-002105,C-00820,INV-C-00820-0,245739.21,False,,none
P-002106,C-00820,INV-C-00820-1,245739.21,False,,none
P-002107,C-00820,INV-C-00820-2,245739.21,False,,none
P-002108,C-00820,INV-C-00820-3,245739.21,False,,none
P-002109,C-00821,INV-C-00821-0,3128485.36,False,,none
P-002110,C-00821,INV-C-00821-1,3128485.36,False,,none
P-002111,C-00821,INV-C-00821-2,3128485.36,False,,none
P-002112,C-00822,INV-C-00822-0,1256303.28,False,,ai_generated_doc
P-002113,C-00822,INV-C-00822-1,1256303.28,False,,ai_generated_doc
P-002114,C-00822,INV-C-00822-2,1256303.28,False,,ai_generated_doc
P-002115,C-00823,INV-C-00823-0,2875782.21,False,,none
P-002116,C-00824,INV-C-00824-0,1514970.47,False,,none
P-002117,C-00824,INV-C-00824-1,1514970.47,False,,none
P-002118,C-00824,INV-C-00824-2,1514970.47,False,,none
P-002119,C-00825,INV-C-00825-0,1313454.2,False,,none
P-002120,C-00825,INV-C-00825-1,1313454.2,False,,none
P-002121,C-00825,INV-C-00825-2,1313454.2,False,,none
P-002122,C-00825,INV-C-00825-3,1313454.2,False,,none
P-002123,C-00826,INV-C-00826-0,16578845.46,False,,none
P-002124,C-00826,INV-C-00826-1,16578845.46,False,,none
P-002125,C-00827,INV-C-00827-0,1700492.88,False,,none
P-002126,C-00827,INV-C-00827-1,1700492.88,False,,none
P-002127,C-00828,INV-C-00828-0,1569521.44,False,,price_inflation
P-002128,C-00828,INV-C-00828-1,1569521.44,False,,price_inflation
P-002129,C-00828,INV-C-00828-2,1569521.44,False,,price_inflation
P-002130,C-00828,INV-C-00828-3,1569521.44,False,,price_inflation
P-002131,C-00829,INV-C-00829-0,1120626.79,False,,none
P-002132,C-00829,INV-C-00829-1,1120626.79,False,,none
P-002133,C-00829,INV-C-00829-2,1120626.79,False,,none
P-002134,C-00829,INV-C-00829-3,1120626.79,False,,none
P-002135,C-00830,INV-C-00830-0,1679179.95,False,,bid_rigging
P-002136,C-00830,INV-C-00830-1,1679179.95,False,,bid_rigging
P-002137,C-00830,INV-C-00830-2,1679179.95,False,,bid_rigging
P-002138,C-00830,INV-C-00830-3,1679179.95,False,,bid_rigging
P-002139,C-00831,INV-C-00831-0,1639601.5,False,,none
P-002140,C-00831,INV-C-00831-1,1639601.5,False,,none
P-002141,C-00832,INV-C-00832-0,208535.18,False,,none
P-002142,C-00832,INV-C-00832-1,208535.18,False,,none
P-002143,C-00832,INV-C-00832-2,208535.18,False,,none
P-002144,C-00832,INV-C-00832-3,208535.18,False,,none
P-002145,C-00833,INV-C-00833-0,112780.72,False,,none
P-002146,C-00833,INV-C-00833-1,112780.72,False,,none
P-002147,C-00833,INV-C-00833-2,112780.72,False,,none
P-002148,C-00834,INV-C-00834-0,7890621.95,False,,none
P-002149,C-00835,INV-C-00835-0,775799.0,False,,ai_generated_doc
P-002150,C-00835,INV-C-00835-1,775799.0,False,,ai_generated_doc
P-002151,C-00835,INV-C-00835-2,775799.0,False,,ai_generated_doc
P-002152,C-00835,INV-C-00835-3,775799.0,False,,ai_generated_doc
P-002153,C-00836,INV-C-00836-0,1240423.38,False,,none
P-002154,C-00836,INV-C-00836-1,1240423.38,False,,none
P-002155,C-00836,INV-C-00836-2,1240423.38,False,,none
P-002156,C-00836,INV-C-00836-3,1240423.38,False,,none
P-002157,C-00837,INV-C-00837-0,6606460.74,False,,price_inflation
P-002158,C-00837,INV-C-00837-1,6606460.74,False,,price_inflation
P-002159,C-00837,INV-C-00837-2,6606460.74,False,,price_inflation
P-002160,C-00838,INV-C-00838-0,263415.98,False,,none
P-002161,C-00838,INV-C-00838-1,263415.98,False,,none
P-002162,C-00838,INV-C-00838-2,263415.98,False,,none
P-002163,C-00839,INV-C-00839-0,116344.29,False,,none
P-002164,C-00839,INV-C-00839-1,116344.29,False,,none
P-002165,C-00840,INV-C-00840-0,459988.77,False,,none
P-002166,C-00840,INV-C-00840-1,459988.77,False,,none
P-002167,C-00840,INV-C-00840-2,459988.77,False,,none
P-002168,C-00841,INV-C-00841-0,202257.28,False,,bid_suppression
P-002169,C-00841,INV-C-00841-1,202257.28,False,,bid_suppression
P-002170,C-00841,INV-C-00841-2,202257.28,False,,bid_suppression
P-002171,C-00841,INV-C-00841-3,202257.28,False,,bid_suppression
P-002172,C-00842,INV-C-00842-0,249569.38,False,,none
P-002173,C-00842,INV-C-00842-1,249569.38,False,,none
P-002174,C-00842,INV-C-00842-2,249569.38,False,,none
P-002175,C-00842,INV-C-00842-3,249569.38,False,,none
P-002176,C-00843,INV-C-00843-0,3962134.26,False,,bid_rigging
P-002177,C-00844,INV-C-00844-0,51534.2,False,,ai_generated_doc
P-002178,C-00844,INV-C-00844-1,51534.2,False,,ai_generated_doc
P-002179,C-00844,INV-C-00844-2,51534.2,False,,ai_generated_doc
P-002180,C-00845,INV-C-00845-0,415995.77,False,,shell_company
P-002181,C-00845,INV-C-00845-1,415995.77,False,,shell_company
P-002182,C-00845,INV-C-00845-2,415995.77,False,,shell_company
P-002183,C-00846,INV-C-00846-0,1836405.49,False,,none
P-002184,C-00846,INV-C-00846-1,1836405.49,False,,none
P-002185,C-00846,INV-C-00846-2,1836405.49,False,,none
P-002186,C-00846,INV-C-00846-3,1836405.49,False,,none
P-002187,C-00847,INV-C-00847-0,760856.01,False,,none
P-002188,C-00847,INV-C-00847-1,760856.01,False,,none
P-002189,C-00848,INV-C-00848-0,166582.06,False,,none
P-002190,C-00848,INV-C-00848-1,166582.06,False,,none
P-002191,C-00848,INV-C-00848-2,166582.06,False,,none
P-002192,C-00849,INV-C-00849-0,1430009.09,False,,none
P-002193,C-00849,INV-C-00849-1,1430009.09,False,,none
P-002194,C-00850,INV-C-00850-0,2380547.07,False,,none
P-002195,C-00851,INV-C-00851-0,1621951.74,False,,none
P-002196,C-00851,INV-C-00851-1,1621951.74,False,,none
P-002197,C-00851,INV-C-00851-2,1621951.74,False,,none
P-002198,C-00852,INV-C-00852-0,1074451.99,False,,none
P-002199,C-00852,INV-C-00852-1,1074451.99,False,,none
P-002200,C-00852,INV-C-00852-2,1074451.99,False,,none
P-002201,C-00853,INV-C-00853-0,5232809.08,False,,none
P-002202,C-00853,INV-C-00853-1,5232809.08,False,,none
P-002203,C-00853,INV-C-00853-2,5232809.08,False,,none
P-002204,C-00853,INV-C-00853-3,5232809.08,False,,none
P-002205,C-00854,INV-C-00854-0,1349177.32,False,,ai_generated_doc
P-002206,C-00854,INV-C-00854-1,1349177.32,False,,ai_generated_doc
P-002207,C-00854,INV-C-00854-2,1349177.32,False,,ai_generated_doc
P-002208,C-00854,INV-C-00854-3,1349177.32,False,,ai_generated_doc
P-002209,C-00855,INV-C-00855-0,486533.92,False,,none
P-002210,C-00855,INV-C-00855-1,486533.92,False,,none
P-002211,C-00855,INV-C-00855-2,486533.92,False,,none
P-002212,C-00856,INV-C-00856-0,1999456.54,False,,none
P-002213,C-00856,INV-C-00856-1,1999456.54,False,,none
P-002214,C-00857,INV-C-00857-0,808531.09,False,,none
P-002215,C-00857,INV-C-00857-1,808531.09,False,,none
P-002216,C-00858,INV-C-00858-0,9368401.45,False,,none
P-002217,C-00858,INV-C-00858-1,9368401.45,False,,none
P-002218,C-00858,INV-C-00858-2,9368401.45,False,,none
P-002219,C-00859,INV-C-00859-0,4633560.32,False,,price_inflation
P-002220,C-00860,INV-C-00860-0,2321468.72,False,,price_inflation
P-002221,C-00860,INV-C-00860-1,2321468.72,False,,price_inflation
P-002222,C-00861,INV-C-00861-0,194967.88,False,,none
P-002223,C-00861,INV-C-00861-1,194967.88,False,,none
P-002224,C-00861,INV-C-00861-2,194967.88,False,,none
P-002225,C-00861,INV-C-00861-3,194967.88,False,,none
P-002226,C-00862,INV-C-00862-0,1308981.8,False,,ai_generated_doc
P-002227,C-00863,INV-C-00863-0,388927.55,False,,none
P-002228,C-00863,INV-C-00863-1,388927.55,False,,none
P-002229,C-00863,INV-C-00863-2,388927.55,False,,none
P-002230,C-00863,INV-C-00863-3,388927.55,False,,none
P-002231,C-00864,INV-C-00864-0,465977.65,False,,none
P-002232,C-00864,INV-C-00864-1,465977.65,False,,none
P-002233,C-00864,INV-C-00864-2,465977.65,False,,none
P-002234,C-00865,INV-C-00865-0,199199.37,False,,none
P-002235,C-00865,INV-C-00865-1,199199.37,False,,none
P-002236,C-00865,INV-C-00865-2,199199.37,False,,none
P-002237,C-00865,INV-C-00865-3,199199.37,False,,none
P-002238,C-00866,INV-C-00866-0,773354.52,False,,conflict_of_interest
P-002239,C-00866,INV-C-00866-1,773354.52,False,,conflict_of_interest
P-002240,C-00866,INV-C-00866-2,773354.52,False,,conflict_of_interest
P-002241,C-00866,INV-C-00866-3,773354.52,False,,conflict_of_interest
P-002242,C-00867,INV-C-00867-0,1550138.35,False,,none
P-002243,C-00867,INV-C-00867-1,1550138.35,False,,none
P-002244,C-00867,INV-C-00867-2,1550138.35,False,,none
P-002245,C-00867,INV-C-00867-3,1550138.35,False,,none
P-002246,C-00868,INV-C-00868-0,14363828.93,False,,none
P-002247,C-00869,INV-C-00869-0,266632.54,False,,price_inflation
P-002248,C-00870,INV-C-00870-0,829787.53,False,,none
P-002249,C-00870,INV-C-00870-1,829787.53,False,,none
P-002250,C-00871,INV-C-00871-0,2067334.75,False,,none
P-002251,C-00871,INV-C-00871-1,2067334.75,False,,none
P-002252,C-00872,INV-C-00872-0,1410480.8,False,,none
P-002253,C-00872,INV-C-00872-1,1410480.8,False,,none
P-002254,C-00873,INV-C-00873-0,1096785.59,False,,none
P-002255,C-00873,INV-C-00873-1,1096785.59,False,,none
P-002256,C-00874,INV-C-00874-0,52927.62,False,,conflict_of_interest
P-002257,C-00874,INV-C-00874-1,52927.62,False,,conflict_of_interest
P-002258,C-00875,INV-C-00875-0,51067.08,False,,none
P-002259,C-00875,INV-C-00875-1,51067.08,False,,none
P-002260,C-00875,INV-C-00875-2,51067.08,False,,none
P-002261,C-00876,INV-C-00876-0,4330693.81,False,,none
P-002262,C-00876,INV-C-00876-1,4330693.81,False,,none
P-002263,C-00876,INV-C-00876-2,4330693.81,False,,none
P-002264,C-00876,INV-C-00876-3,4330693.81,False,,none
P-002265,C-00877,INV-C-00877-0,1866197.48,False,,none
P-002266,C-00877,INV-C-00877-1,1866197.48,False,,none
P-002267,C-00877,INV-C-00877-2,1866197.48,False,,none
P-002268,C-00877,INV-C-00877-3,1866197.48,False,,none
P-002269,C-00878,INV-C-00878-0,11549121.54,False,,shell_company
P-002270,C-00878,INV-C-00878-1,11549121.54,False,,shell_company
P-002271,C-00879,INV-C-00879-0,17747858.07,False,,price_inflation
P-002272,C-00879,INV-C-00879-1,17747858.07,False,,price_inflation
P-002273,C-00880,INV-C-00880-0,1231984.68,False,,none
P-002274,C-00881,INV-C-00881-0,697268.6,False,,none
P-002275,C-00881,INV-C-00881-1,697268.6,False,,none
P-002276,C-00882,INV-C-00882-0,234490.71,False,,none
P-002277,C-00882,INV-C-00882-1,234490.71,False,,none
P-002278,C-00882,INV-C-00882-2,234490.71,False,,none
P-002279,C-00882,INV-C-00882-3,234490.71,False,,none
P-002280,C-00883,INV-C-00883-0,560724.95,False,,price_inflation
P-002281,C-00883,INV-C-00883-1,560724.95,False,,price_inflation
P-002282,C-00884,INV-C-00884-0,668904.23,False,,none
P-002283,C-00884,INV-C-00884-1,668904.23,False,,none
P-002284,C-00885,INV-C-00885-0,973592.45,False,,none
P-002285,C-00885,INV-C-00885-1,973592.45,False,,none
P-002286,C-00885,INV-C-00885-2,973592.45,False,,none
P-002287,C-00885,INV-C-00885-3,973592.45,False,,none
P-002288,C-00886,INV-C-00886-0,172606.84,False,,none
P-002289,C-00886,INV-C-00886-1,172606.84,False,,none
P-002290,C-00886,INV-C-00886-2,172606.84,False,,none
P-002291,C-00887,INV-C-00887-0,6136340.11,False,,none
P-002292,C-00888,INV-C-00888-0,510347.39,False,,none
P-002293,C-00888,INV-C-00888-1,510347.39,False,,none
P-002294,C-00888,INV-C-00888-2,510347.39,False,,none
P-002295,C-00888,INV-C-00888-3,510347.39,False,,none
P-002296,C-00889,INV-C-00889-0,2665163.0,False,,none
P-002297,C-00890,INV-C-00890-0,1438787.2,False,,none
P-002298,C-00890,INV-C-00890-1,1438787.2,False,,none
P-002299,C-00891,INV-C-00891-0,2161992.62,False,,bid_suppression
P-002300,C-00891,INV-C-00891-1,2161992.62,False,,bid_suppression
P-002301,C-00891,INV-C-00891-2,2161992.62,False,,bid_suppression
P-002302,C-00891,INV-C-00891-3,2161992.62,False,,bid_suppression
P-002303,C-00892,INV-C-00892-0,342905.29,False,,none
P-002304,C-00892,INV-C-00892-1,342905.29,False,,none
P-002305,C-00892,INV-C-00892-2,342905.29,False,,none
P-002306,C-00892,INV-C-00892-3,342905.29,False,,none
P-002307,C-00893,INV-C-00893-0,1298421.06,False,,none
P-002308,C-00893,INV-C-00893-1,1298421.06,False,,none
P-002309,C-00893,INV-C-00893-2,1298421.06,False,,none
P-002310,C-00894,INV-C-00894-0,869523.82,False,,none
P-002311,C-00894,INV-C-00894-1,869523.82,False,,none
P-002312,C-00894,INV-C-00894-2,869523.82,False,,none
P-002313,C-00895,INV-C-00895-0,958260.38,False,,none
P-002314,C-00895,INV-C-00895-1,958260.38,False,,none
P-002315,C-00895,INV-C-00895-2,958260.38,False,,none
P-002316,C-00895,INV-C-00895-3,958260.38,False,,none
P-002317,C-00896,INV-C-00896-0,1560276.25,False,,none
P-002318,C-00896,INV-C-00896-1,1560276.25,False,,none
P-002319,C-00897,INV-C-00897-0,6861353.16,False,,price_inflation
P-002320,C-00898,INV-C-00898-0,355584.39,False,,none
P-002321,C-00898,INV-C-00898-1,355584.39,False,,none
P-002322,C-00898,INV-C-00898-2,355584.39,False,,none
P-002323,C-00899,INV-C-00899-0,1732544.68,False,,none
P-002324,C-00899,INV-C-00899-1,1732544.68,False,,none
P-002325,C-00899,INV-C-00899-2,1732544.68,False,,none
P-002326,C-00900,INV-C-00900-0,6657512.5,False,,none
P-002327,C-00900,INV-C-00900-1,6657512.5,False,,none
P-002328,C-00900,INV-C-00900-2,6657512.5,False,,none
P-002329,C-00901,INV-C-00901-0,779865.2,False,,conflict_of_interest
P-002330,C-00901,INV-C-00901-1,779865.2,False,,conflict_of_interest
P-002331,C-00901,INV-C-00901-2,779865.2,False,,conflict_of_interest
P-002332,C-00901,INV-C-00901-3,779865.2,False,,conflict_of_interest
P-002333,C-00902,INV-C-00902-0,4368524.37,False,,none
P-002334,C-00902,INV-C-00902-1,4368524.37,False,,none
P-002335,C-00902,INV-C-00902-2,4368524.37,False,,none
P-002336,C-00903,INV-C-00903-0,1299669.86,False,,none
P-002337,C-00903,INV-C-00903-1,1299669.86,False,,none
P-002338,C-00903,INV-C-00903-2,1299669.86,False,,none
P-002339,C-00903,INV-C-00903-3,1299669.86,False,,none
P-002340,C-00904,INV-C-00904-0,61272.13,False,,none
P-002341,C-00904,INV-C-00904-1,61272.13,False,,none
P-002342,C-00904,INV-C-00904-2,61272.13,False,,none
P-002343,C-00904,INV-C-00904-3,61272.13,False,,none
P-002344,C-00905,INV-C-00905-0,1520720.74,False,,ai_generated_doc
P-002345,C-00905,INV-C-00905-1,1520720.74,False,,ai_generated_doc
P-002346,C-00905,INV-C-00905-2,1520720.74,False,,ai_generated_doc
P-002347,C-00906,INV-C-00906-0,2577167.65,False,,none
P-002348,C-00906,INV-C-00906-1,2577167.65,False,,none
P-002349,C-00906,INV-C-00906-2,2577167.65,False,,none
P-002350,C-00906,INV-C-00906-3,2577167.65,False,,none
P-002351,C-00907,INV-C-00907-0,213830.01,False,,none
P-002352,C-00907,INV-C-00907-1,213830.01,False,,none
P-002353,C-00907,INV-C-00907-2,213830.01,False,,none
P-002354,C-00907,INV-C-00907-3,213830.01,False,,none
P-002355,C-00908,INV-C-00908-0,6907932.99,False,,none
P-002356,C-00909,INV-C-00909-0,2058493.06,False,,none
P-002357,C-00910,INV-C-00910-0,619153.11,False,,none
P-002358,C-00910,INV-C-00910-1,619153.11,False,,none
P-002359,C-00910,INV-C-00910-2,619153.11,False,,none
P-002360,C-00911,INV-C-00911-0,930165.15,False,,none
P-002361,C-00911,INV-C-00911-1,930165.15,False,,none
P-002362,C-00911,INV-C-00911-2,930165.15,False,,none
P-002363,C-00912,INV-C-00912-0,945276.59,False,,none
P-002364,C-00913,INV-C-00913-0,9974090.96,False,,ai_generated_doc
P-002365,C-00913,INV-C-00913-1,9974090.96,False,,ai_generated_doc
P-002366,C-00914,INV-C-00914-0,315745.43,False,,none
P-002367,C-00914,INV-C-00914-1,315745.43,False,,none
P-002368,C-00914,INV-C-00914-2,315745.43,False,,none
P-002369,C-00914,INV-C-00914-3,315745.43,False,,none
P-002370,C-00915,INV-C-00915-0,5435686.88,False,,none
P-002371,C-00915,INV-C-00915-1,5435686.88,False,,none
P-002372,C-00915,INV-C-00915-2,5435686.88,False,,none
P-002373,C-00915,INV-C-00915-3,5435686.88,False,,none
P-002374,C-00916,INV-C-00916-0,859809.61,False,,none
P-002375,C-00916,INV-C-00916-1,859809.61,False,,none
P-002376,C-00916,INV-C-00916-2,859809.61,False,,none
P-002377,C-00916,INV-C-00916-3,859809.61,False,,none
P-002378,C-00917,INV-C-00917-0,9539359.8,False,,none
P-002379,C-00917,INV-C-00917-1,9539359.8,False,,none
P-002380,C-00917,INV-C-00917-2,9539359.8,False,,none
P-002381,C-00918,INV-C-00918-0,2267281.36,False,,none
P-002382,C-00918,INV-C-00918-1,2267281.36,False,,none
P-002383,C-00918,INV-C-00918-2,2267281.36,False,,none
P-002384,C-00919,INV-C-00919-0,12568868.64,False,,none
P-002385,C-00919,INV-C-00919-1,12568868.64,False,,none
P-002386,C-00919,INV-C-00919-2,12568868.64,False,,none
P-002387,C-00920,INV-C-00920-0,3443869.33,False,,price_inflation
P-002388,C-00920,INV-C-00920-1,3443869.33,False,,price_inflation
P-002389,C-00921,INV-C-00921-0,1017506.35,False,,none
P-002390,C-00921,INV-C-00921-1,1017506.35,False,,none
P-002391,C-00921,INV-C-00921-2,1017506.35,False,,none
P-002392,C-00921,INV-C-00921-3,1017506.35,False,,none
P-002393,C-00922,INV-C-00922-0,964896.81,False,,none
P-002394,C-00922,INV-C-00922-1,964896.81,False,,none
P-002395,C-00923,INV-C-00923-0,545405.51,False,,none
P-002396,C-00923,INV-C-00923-1,545405.51,False,,none
P-002397,C-00924,INV-C-00924-0,1138330.06,False,,none
P-002398,C-00924,INV-C-00924-1,1138330.06,False,,none
P-002399,C-00924,INV-C-00924-2,1138330.06,False,,none
P-002400,C-00924,INV-C-00924-3,1138330.06,False,,none
P-002401,C-00925,INV-C-00925-0,352590.32,False,,none
P-002402,C-00926,INV-C-00926-0,478922.7,False,,none
P-002403,C-00926,INV-C-00926-1,478922.7,False,,none
P-002404,C-00926,INV-C-00926-2,478922.7,False,,none
P-002405,C-00927,INV-C-00927-0,665551.72,False,,none
P-002406,C-00927,INV-C-00927-1,665551.72,False,,none
P-002407,C-00927,INV-C-00927-2,665551.72,False,,none
P-002408,C-00927,INV-C-00927-3,665551.72,False,,none
P-002409,C-00928,INV-C-00928-0,3347166.92,False,,none
P-002410,C-00929,INV-C-00929-0,370395.39,False,,none
P-002411,C-00929,INV-C-00929-1,370395.39,False,,none
P-002412,C-00929,INV-C-00929-2,370395.39,False,,none
P-002413,C-00930,INV-C-00930-0,973324.56,False,,none
P-002414,C-00930,INV-C-00930-1,973324.56,False,,none
P-002415,C-00930,INV-C-00930-2,973324.56,False,,none
P-002416,C-00930,INV-C-00930-3,973324.56,False,,none
P-002417,C-00931,INV-C-00931-0,916441.59,False,,none
P-002418,C-00931,INV-C-00931-1,916441.59,False,,none
P-002419,C-00931,INV-C-00931-2,916441.59,False,,none
P-002420,C-00932,INV-C-00932-0,4713495.95,False,,none
P-002421,C-00932,INV-C-00932-1,4713495.95,False,,none
P-002422,C-00933,INV-C-00933-0,5237954.45,False,,bid_rigging
P-002423,C-00933,INV-C-00933-1,5237954.45,False,,bid_rigging
P-002424,C-00933,INV-C-00933-2,5237954.45,False,,bid_rigging
P-002425,C-00934,INV-C-00934-0,685734.69,False,,none
P-002426,C-00934,INV-C-00934-1,685734.69,False,,none
P-002427,C-00934,INV-C-00934-2,685734.69,False,,none
P-002428,C-00935,INV-C-00935-0,1681580.75,False,,none
P-002429,C-00935,INV-C-00935-1,1681580.75,False,,none
P-002430,C-00936,INV-C-00936-0,5238685.54,False,,shell_company
P-002431,C-00937,INV-C-00937-0,14446060.81,False,,none
P-002432,C-00938,INV-C-00938-0,6036694.42,False,,none
P-002433,C-00938,INV-C-00938-1,6036694.42,False,,none
P-002434,C-00938,INV-C-00938-2,6036694.42,False,,none
P-002435,C-00939,INV-C-00939-0,1693391.55,False,,none
P-002436,C-00939,INV-C-00939-1,1693391.55,False,,none
P-002437,C-00940,INV-C-00940-0,989011.44,False,,none
P-002438,C-00941,INV-C-00941-0,931275.26,False,,none
P-002439,C-00941,INV-C-00941-1,931275.26,False,,none
P-002440,C-00941,INV-C-00941-2,931275.26,False,,none
P-002441,C-00941,INV-C-00941-3,931275.26,False,,none
P-002442,C-00942,INV-C-00942-0,933452.88,False,,none
P-002443,C-00942,INV-C-00942-1,933452.88,False,,none
P-002444,C-00942,INV-C-00942-2,933452.88,False,,none
P-002445,C-00942,INV-C-00942-3,933452.88,False,,none
P-002446,C-00943,INV-C-00943-0,899262.53,False,,none
P-002447,C-00943,INV-C-00943-1,899262.53,False,,none
P-002448,C-00943,INV-C-00943-2,899262.53,False,,none
P-002449,C-00944,INV-C-00944-0,456673.98,False,,ai_generated_doc
P-002450,C-00944,INV-C-00944-1,456673.98,False,,ai_generated_doc
P-002451,C-00944,INV-C-00944-2,456673.98,False,,ai_generated_doc
P-002452,C-00944,INV-C-00944-3,456673.98,False,,ai_generated_doc
P-002453,C-00945,INV-C-00945-0,2545487.16,False,,shell_company
P-002454,C-00946,INV-C-00946-0,1583390.25,False,,shell_company
P-002455,C-00946,INV-C-00946-1,1583390.25,False,,shell_company
P-002456,C-00946,INV-C-00946-2,1583390.25,False,,shell_company
P-002457,C-00947,INV-C-00947-0,1180660.84,False,,bid_suppression
P-002458,C-00947,INV-C-00947-1,1180660.84,False,,bid_suppression
P-002459,C-00948,INV-C-00948-0,2674312.42,False,,bid_rigging
P-002460,C-00949,INV-C-00949-0,2365512.93,False,,none
P-002461,C-00949,INV-C-00949-1,2365512.93,False,,none
P-002462,C-00950,INV-C-00950-0,9932505.96,False,,none
P-002463,C-00950,INV-C-00950-1,9932505.96,False,,none
P-002464,C-00950,INV-C-00950-2,9932505.96,False,,none
P-002465,C-00951,INV-C-00951-0,253502.53,False,,none
P-002466,C-00952,INV-C-00952-0,2871704.41,False,,none
P-002467,C-00953,INV-C-00953-0,2315635.63,False,,none
P-002468,C-00953,INV-C-00953-1,2315635.63,False,,none
P-002469,C-00953,INV-C-00953-2,2315635.63,False,,none
P-002470,C-00954,INV-C-00954-0,961906.02,False,,none
P-002471,C-00955,INV-C-00955-0,440998.08,False,,none
P-002472,C-00955,INV-C-00955-1,440998.08,False,,none
P-002473,C-00955,INV-C-00955-2,440998.08,False,,none
P-002474,C-00956,INV-C-00956-0,970191.05,False,,none
P-002475,C-00956,INV-C-00956-1,970191.05,False,,none
P-002476,C-00956,INV-C-00956-2,970191.05,False,,none
P-002477,C-00956,INV-C-00956-3,970191.05,False,,none
P-002478,C-00957,INV-C-00957-0,330829.77,False,,none
P-002479,C-00957,INV-C-00957-1,330829.77,False,,none
P-002480,C-00957,INV-C-00957-2,330829.77,False,,none
P-002481,C-00958,INV-C-00958-0,5019213.08,False,,none
P-002482,C-00959,INV-C-00959-0,6541250.79,False,,none
P-002483,C-00959,INV-C-00959-1,6541250.79,False,,none
P-002484,C-00960,INV-C-00960-0,664227.09,False,,none
P-002485,C-00960,INV-C-00960-1,664227.09,False,,none
P-002486,C-00961,INV-C-00961-0,436134.97,False,,none
P-002487,C-00961,INV-C-00961-1,436134.97,False,,none
P-002488,C-00961,INV-C-00961-2,436134.97,False,,none
P-002489,C-00962,INV-C-00962-0,645626.22,False,,none
P-002490,C-00962,INV-C-00962-1,645626.22,False,,none
P-002491,C-00962,INV-C-00962-2,645626.22,False,,none
P-002492,C-00963,INV-C-00963-0,2134572.33,False,,none
P-002493,C-00964,INV-C-00964-0,1794782.95,False,,bid_rigging
P-002494,C-00965,INV-C-00965-0,1559860.72,False,,none
P-002495,C-00965,INV-C-00965-1,1559860.72,False,,none
P-002496,C-00965,INV-C-00965-2,1559860.72,False,,none
P-002497,C-00966,INV-C-00966-0,596250.45,False,,conflict_of_interest
P-002498,C-00966,INV-C-00966-1,596250.45,False,,conflict_of_interest
P-002499,C-00967,INV-C-00967-0,304501.49,False,,shell_company
P-002500,C-00967,INV-C-00967-1,304501.49,False,,shell_company
P-002501,C-00968,INV-C-00968-0,1909542.28,False,,none
P-002502,C-00968,INV-C-00968-1,1909542.28,False,,none
P-002503,C-00969,INV-C-00969-0,2846399.11,False,,none
P-002504,C-00969,INV-C-00969-1,2846399.11,False,,none
P-002505,C-00969,INV-C-00969-2,2846399.11,False,,none
P-002506,C-00969,INV-C-00969-3,2846399.11,False,,none
P-002507,C-00970,INV-C-00970-0,688683.36,False,,none
P-002508,C-00970,INV-C-00970-1,688683.36,False,,none
P-002509,C-00970,INV-C-00970-2,688683.36,False,,none
P-002510,C-00970,INV-C-00970-3,688683.36,False,,none
P-002511,C-00971,INV-C-00971-0,2222184.46,False,,ai_generated_doc
P-002512,C-00971,INV-C-00971-1,2222184.46,False,,ai_generated_doc
P-002513,C-00971,INV-C-00971-2,2222184.46,False,,ai_generated_doc
P-002514,C-00971,INV-C-00971-3,2222184.46,False,,ai_generated_doc
P-002515,C-00972,INV-C-00972-0,635196.61,False,,bid_rigging
P-002516,C-00972,INV-C-00972-1,635196.61,False,,bid_rigging
P-002517,C-00973,INV-C-00973-0,129622.6,False,,bid_rigging
P-002518,C-00973,INV-C-00973-1,129622.6,False,,bid_rigging
P-002519,C-00974,INV-C-00974-0,10221980.21,False,,none
P-002520,C-00974,INV-C-00974-1,10221980.21,False,,none
P-002521,C-00974,INV-C-00974-2,10221980.21,False,,none
P-002522,C-00974,INV-C-00974-3,10221980.21,False,,none
P-002523,C-00975,INV-C-00975-0,18082894.84,False,,none
P-002524,C-00976,INV-C-00976-0,667901.58,False,,none
P-002525,C-00976,INV-C-00976-1,667901.58,False,,none
P-002526,C-00976,INV-C-00976-2,667901.58,False,,none
P-002527,C-00977,INV-C-00977-0,303755.29,False,,none
P-002528,C-00977,INV-C-00977-1,303755.29,False,,none
P-002529,C-00978,INV-C-00978-0,804250.13,False,,none
P-002530,C-00978,INV-C-00978-1,804250.13,False,,none
P-002531,C-00979,INV-C-00979-0,373459.36,False,,none
P-002532,C-00979,INV-C-00979-1,373459.36,False,,none
P-002533,C-00980,INV-C-00980-0,14630938.79,False,,shell_company
P-002534,C-00981,INV-C-00981-0,7015833.78,False,,none
P-002535,C-00982,INV-C-00982-0,4488319.21,False,,price_inflation
P-002536,C-00982,INV-C-00982-1,4488319.21,False,,price_inflation
P-002537,C-00982,INV-C-00982-2,4488319.21,False,,price_inflation
P-002538,C-00982,INV-C-00982-3,4488319.21,False,,price_inflation
P-002539,C-00983,INV-C-00983-0,1604405.06,False,,none
P-002540,C-00984,INV-C-00984-0,26648752.74,False,,none
P-002541,C-00985,INV-C-00985-0,368793.21,False,,ai_generated_doc
P-002542,C-00985,INV-C-00985-1,368793.21,False,,ai_generated_doc
P-002543,C-00985,INV-C-00985-2,368793.21,False,,ai_generated_doc
P-002544,C-00985,INV-C-00985-3,368793.21,False,,ai_generated_doc
P-002545,C-00986,INV-C-00986-0,1451070.2,False,,bid_suppression
P-002546,C-00987,INV-C-00987-0,429164.98,False,,price_inflation
P-002547,C-00988,INV-C-00988-0,1057882.19,False,,none
P-002548,C-00988,INV-C-00988-1,1057882.19,False,,none
P-002549,C-00988,INV-C-00988-2,1057882.19,False,,none
P-002550,C-00989,INV-C-00989-0,564192.74,False,,none
P-002551,C-00989,INV-C-00989-1,564192.74,False,,none
P-002552,C-00990,INV-C-00990-0,14065307.04,False,,shell_company
P-002553,C-00990,INV-C-00990-1,14065307.04,False,,shell_company
P-002554,C-00991,INV-C-00991-0,3888802.19,False,,none
P-002555,C-00992,INV-C-00992-0,1453207.72,False,,none
P-002556,C-00992,INV-C-00992-1,1453207.72,False,,none
P-002557,C-00992,INV-C-00992-2,1453207.72,False,,none
P-002558,C-00993,INV-C-00993-0,7159986.97,False,,none
P-002559,C-00993,INV-C-00993-1,7159986.97,False,,none
P-002560,C-00993,INV-C-00993-2,7159986.97,False,,none
P-002561,C-00994,INV-C-00994-0,703119.94,False,,none
P-002562,C-00994,INV-C-00994-1,703119.94,False,,none
P-002563,C-00994,INV-C-00994-2,703119.94,False,,none
P-002564,C-00994,INV-C-00994-3,703119.94,False,,none
P-002565,C-00995,INV-C-00995-0,1209758.91,False,,none
P-002566,C-00995,INV-C-00995-1,1209758.91,False,,none
P-002567,C-00995,INV-C-00995-2,1209758.91,False,,none
P-002568,C-00996,INV-C-00996-0,87472.03,False,,none
P-002569,C-00996,INV-C-00996-1,87472.03,False,,none
P-002570,C-00996,INV-C-00996-2,87472.03,False,,none
P-002571,C-00996,INV-C-00996-3,87472.03,False,,none
P-002572,C-00997,INV-C-00997-0,388558.39,False,,none
P-002573,C-00997,INV-C-00997-1,388558.39,False,,none
P-002574,C-00997,INV-C-00997-2,388558.39,False,,none
P-002575,C-00998,INV-C-00998-0,1726313.03,False,,none
P-002576,C-00999,INV-C-00999-0,70973.67,False,,none
P-002577,C-00999,INV-C-00999-1,70973.67,False,,none
P-002578,C-00999,INV-C-00999-2,70973.67,False,,none
P-002579,C-01000,INV-C-01000-0,2361144.98,False,,none
P-002580,C-01000,INV-C-01000-1,2361144.98,False,,none
P-002581,C-01001,INV-C-01001-0,375169.84,False,,none
P-002582,C-01001,INV-C-01001-1,375169.84,False,,none
P-002583,C-01001,INV-C-01001-2,375169.84,False,,none
P-002584,C-01001,INV-C-01001-3,375169.84,False,,none
P-002585,C-01002,INV-C-01002-0,547054.5,False,,none
P-002586,C-01003,INV-C-01003-0,412821.48,False,,none
P-002587,C-01003,INV-C-01003-1,412821.48,False,,none
P-002588,C-01004,INV-C-01004-0,3661641.79,False,,none
P-002589,C-01004,INV-C-01004-1,3661641.79,False,,none
P-002590,C-01004,INV-C-01004-2,3661641.79,False,,none
P-002591,C-01005,INV-C-01005-0,1164817.36,False,,none
P-002592,C-01005,INV-C-01005-1,1164817.36,False,,none
P-002593,C-01005,INV-C-01005-2,1164817.36,False,,none
P-002594,C-01005,INV-C-01005-3,1164817.36,False,,none
P-002595,C-01006,INV-C-01006-0,8654018.56,False,,none
P-002596,C-01007,INV-C-01007-0,13677388.39,False,,none
P-002597,C-01008,INV-C-01008-0,214475.07,False,,none
P-002598,C-01008,INV-C-01008-1,214475.07,False,,none
P-002599,C-01008,INV-C-01008-2,214475.07,False,,none
P-002600,C-01009,INV-C-01009-0,2313784.4,False,,none
P-002601,C-01009,INV-C-01009-1,2313784.4,False,,none
P-002602,C-01010,INV-C-01010-0,8086582.86,False,,none
P-002603,C-01010,INV-C-01010-1,8086582.86,False,,none
P-002604,C-01010,INV-C-01010-2,8086582.86,False,,none
P-002605,C-01011,INV-C-01011-0,2020717.34,False,,none
P-002606,C-01011,INV-C-01011-1,2020717.34,False,,none
P-002607,C-01012,INV-C-01012-0,57284.95,False,,none
P-002608,C-01013,INV-C-01013-0,2381996.29,False,,none
P-002609,C-01013,INV-C-01013-1,2381996.29,False,,none
P-002610,C-01013,INV-C-01013-2,2381996.29,False,,none
P-002611,C-01014,INV-C-01014-0,16585252.44,False,,none
P-002612,C-01015,INV-C-01015-0,8442768.71,False,,none
P-002613,C-01015,INV-C-01015-1,8442768.71,False,,none
P-002614,C-01015,INV-C-01015-2,8442768.71,False,,none
P-002615,C-01015,INV-C-01015-3,8442768.71,False,,none
P-002616,C-01016,INV-C-01016-0,911073.13,False,,price_inflation
P-002617,C-01016,INV-C-01016-1,911073.13,False,,price_inflation
P-002618,C-01016,INV-C-01016-2,911073.13,False,,price_inflation
P-002619,C-01016,INV-C-01016-3,911073.13,False,,price_inflation
P-002620,C-01017,INV-C-01017-0,374244.56,False,,none
P-002621,C-01017,INV-C-01017-1,374244.56,False,,none
P-002622,C-01017,INV-C-01017-2,374244.56,False,,none
P-002623,C-01018,INV-C-01018-0,1972769.77,False,,none
P-002624,C-01019,INV-C-01019-0,1754232.8,False,,none
P-002625,C-01019,INV-C-01019-1,1754232.8,False,,none
P-002626,C-01020,INV-C-01020-0,368106.22,False,,none
P-002627,C-01021,INV-C-01021-0,816120.38,False,,none
P-002628,C-01021,INV-C-01021-1,816120.38,False,,none
P-002629,C-01021,INV-C-01021-2,816120.38,False,,none
P-002630,C-01021,INV-C-01021-3,816120.38,False,,none
P-002631,C-01022,INV-C-01022-0,9098596.45,False,,none
P-002632,C-01023,INV-C-01023-0,1422669.56,False,,ai_generated_doc
P-002633,C-01024,INV-C-01024-0,882502.07,False,,price_inflation
P-002634,C-01024,INV-C-01024-1,882502.07,False,,price_inflation
P-002635,C-01025,INV-C-01025-0,2899916.74,False,,none
P-002636,C-01025,INV-C-01025-1,2899916.74,False,,none
P-002637,C-01026,INV-C-01026-0,39688903.85,False,,none
P-002638,C-01027,INV-C-01027-0,72621.49,False,,none
P-002639,C-01027,INV-C-01027-1,72621.49,False,,none
P-002640,C-01027,INV-C-01027-2,72621.49,False,,none
P-002641,C-01027,INV-C-01027-3,72621.49,False,,none
P-002642,C-01028,INV-C-01028-0,1412330.76,False,,none
P-002643,C-01028,INV-C-01028-1,1412330.76,False,,none
P-002644,C-01028,INV-C-01028-2,1412330.76,False,,none
P-002645,C-01028,INV-C-01028-3,1412330.76,False,,none
P-002646,C-01029,INV-C-01029-0,5091459.14,False,,none
P-002647,C-01029,INV-C-01029-1,5091459.14,False,,none
P-002648,C-01029,INV-C-01029-2,5091459.14,False,,none
P-002649,C-01030,INV-C-01030-0,1176467.92,False,,none
P-002650,C-01030,INV-C-01030-1,1176467.92,False,,none
P-002651,C-01030,INV-C-01030-2,1176467.92,False,,none
P-002652,C-01031,INV-C-01031-0,157791.79,False,,none
P-002653,C-01031,INV-C-01031-1,157791.79,False,,none
P-002654,C-01032,INV-C-01032-0,7377939.28,False,,none
P-002655,C-01032,INV-C-01032-1,7377939.28,False,,none
P-002656,C-01032,INV-C-01032-2,7377939.28,False,,none
P-002657,C-01032,INV-C-01032-3,7377939.28,False,,none
P-002658,C-01033,INV-C-01033-0,37106637.89,False,,none
P-002659,C-01034,INV-C-01034-0,2359993.64,False,,none
P-002660,C-01034,INV-C-01034-1,2359993.64,False,,none
P-002661,C-01034,INV-C-01034-2,2359993.64,False,,none
P-002662,C-01035,INV-C-01035-0,719118.96,False,,none
P-002663,C-01035,INV-C-01035-1,719118.96,False,,none
P-002664,C-01035,INV-C-01035-2,719118.96,False,,none
P-002665,C-01035,INV-C-01035-3,719118.96,False,,none
P-002666,C-01036,INV-C-01036-0,584326.45,False,,bid_rigging
P-002667,C-01036,INV-C-01036-1,584326.45,False,,bid_rigging
P-002668,C-01037,INV-C-01037-0,1836252.74,False,,none
P-002669,C-01037,INV-C-01037-1,1836252.74,False,,none
P-002670,C-01038,INV-C-01038-0,1885488.79,False,,none
P-002671,C-01039,INV-C-01039-0,304197.97,False,,none
P-002672,C-01039,INV-C-01039-1,304197.97,False,,none
P-002673,C-01039,INV-C-01039-2,304197.97,False,,none
P-002674,C-01040,INV-C-01040-0,170306.34,False,,none
P-002675,C-01040,INV-C-01040-1,170306.34,False,,none
P-002676,C-01041,INV-C-01041-0,7208712.11,False,,ai_generated_doc
P-002677,C-01042,INV-C-01042-0,11952860.22,False,,price_inflation
P-002678,C-01042,INV-C-01042-1,11952860.22,False,,price_inflation
P-002679,C-01043,INV-C-01043-0,257361.36,False,,none
P-002680,C-01043,INV-C-01043-1,257361.36,False,,none
P-002681,C-01043,INV-C-01043-2,257361.36,False,,none
P-002682,C-01043,INV-C-01043-3,257361.36,False,,none
P-002683,C-01044,INV-C-01044-0,152690.09,False,,none
P-002684,C-01044,INV-C-01044-1,152690.09,False,,none
P-002685,C-01044,INV-C-01044-2,152690.09,False,,none
P-002686,C-01045,INV-C-01045-0,473178.93,False,,none
P-002687,C-01045,INV-C-01045-1,473178.93,False,,none
P-002688,C-01046,INV-C-01046-0,741944.82,False,,none
P-002689,C-01047,INV-C-01047-0,8115301.38,False,,none
P-002690,C-01047,INV-C-01047-1,8115301.38,False,,none
P-002691,C-01048,INV-C-01048-0,195200.77,False,,bid_rigging
P-002692,C-01048,INV-C-01048-1,195200.77,False,,bid_rigging
P-002693,C-01048,INV-C-01048-2,195200.77,False,,bid_rigging
P-002694,C-01048,INV-C-01048-3,195200.77,False,,bid_rigging
P-002695,C-01049,INV-C-01049-0,249242.64,False,,none
P-002696,C-01049,INV-C-01049-1,249242.64,False,,none
P-002697,C-01049,INV-C-01049-2,249242.64,False,,none
P-002698,C-01049,INV-C-01049-3,249242.64,False,,none
P-002699,C-01050,INV-C-01050-0,328680.58,False,,none
P-002700,C-01050,INV-C-01050-1,328680.58,False,,none
P-002701,C-01050,INV-C-01050-2,328680.58,False,,none
P-002702,C-01050,INV-C-01050-3,328680.58,False,,none
P-002703,C-01051,INV-C-01051-0,222973.72,False,,none
P-002704,C-01051,INV-C-01051-1,222973.72,False,,none
P-002705,C-01051,INV-C-01051-2,222973.72,False,,none
P-002706,C-01052,INV-C-01052-0,1082200.19,False,,none
P-002707,C-01052,INV-C-01052-1,1082200.19,False,,none
P-002708,C-01052,INV-C-01052-2,1082200.19,False,,none
P-002709,C-01052,INV-C-01052-3,1082200.19,False,,none
P-002710,C-01053,INV-C-01053-0,907672.14,False,,none
P-002711,C-01054,INV-C-01054-0,18204970.93,False,,none
P-002712,C-01054,INV-C-01054-1,18204970.93,False,,none
P-002713,C-01055,INV-C-01055-0,15805688.13,False,,none
P-002714,C-01055,INV-C-01055-1,15805688.13,False,,none
P-002715,C-01056,INV-C-01056-0,7341229.66,False,,none
P-002716,C-01056,INV-C-01056-1,7341229.66,False,,none
P-002717,C-01057,INV-C-01057-0,1579437.38,False,,none
P-002718,C-01057,INV-C-01057-1,1579437.38,False,,none
P-002719,C-01057,INV-C-01057-2,1579437.38,False,,none
P-002720,C-01057,INV-C-01057-3,1579437.38,False,,none
P-002721,C-01058,INV-C-01058-0,5485995.69,False,,none
P-002722,C-01059,INV-C-01059-0,2368093.69,False,,none
P-002723,C-01059,INV-C-01059-1,2368093.69,False,,none
P-002724,C-01059,INV-C-01059-2,2368093.69,False,,none
P-002725,C-01059,INV-C-01059-3,2368093.69,False,,none
P-002726,C-01060,INV-C-01060-0,4645590.2,False,,price_inflation
P-002727,C-01060,INV-C-01060-1,4645590.2,False,,price_inflation
P-002728,C-01060,INV-C-01060-2,4645590.2,False,,price_inflation
P-002729,C-01061,INV-C-01061-0,1029230.28,False,,conflict_of_interest
P-002730,C-01061,INV-C-01061-1,1029230.28,False,,conflict_of_interest
P-002731,C-01061,INV-C-01061-2,1029230.28,False,,conflict_of_interest
P-002732,C-01062,INV-C-01062-0,3880372.64,False,,none
P-002733,C-01063,INV-C-01063-0,920136.26,False,,shell_company
P-002734,C-01063,INV-C-01063-1,920136.26,False,,shell_company
P-002735,C-01063,INV-C-01063-2,920136.26,False,,shell_company
P-002736,C-01063,INV-C-01063-3,920136.26,False,,shell_company
P-002737,C-01064,INV-C-01064-0,1422242.91,False,,none
P-002738,C-01064,INV-C-01064-1,1422242.91,False,,none
P-002739,C-01065,INV-C-01065-0,233733.21,False,,none
P-002740,C-01065,INV-C-01065-1,233733.21,False,,none
P-002741,C-01065,INV-C-01065-2,233733.21,False,,none
P-002742,C-01066,INV-C-01066-0,8532901.88,False,,none
P-002743,C-01066,INV-C-01066-1,8532901.88,False,,none
P-002744,C-01066,INV-C-01066-2,8532901.88,False,,none
P-002745,C-01066,INV-C-01066-3,8532901.88,False,,none
P-002746,C-01067,INV-C-01067-0,85281.49,False,,none
P-002747,C-01067,INV-C-01067-1,85281.49,False,,none
P-002748,C-01067,INV-C-01067-2,85281.49,False,,none
P-002749,C-01068,INV-C-01068-0,902983.46,False,,ai_generated_doc
P-002750,C-01068,INV-C-01068-1,902983.46,False,,ai_generated_doc
P-002751,C-01068,INV-C-01068-2,902983.46,False,,ai_generated_doc
P-002752,C-01069,INV-C-01069-0,141343.43,False,,none
P-002753,C-01069,INV-C-01069-1,141343.43,False,,none
P-002754,C-01069,INV-C-01069-2,141343.43,False,,none
P-002755,C-01070,INV-C-01070-0,348126.28,False,,none
P-002756,C-01070,INV-C-01070-1,348126.28,False,,none
P-002757,C-01071,INV-C-01071-0,2250337.22,False,,none
P-002758,C-01071,INV-C-01071-1,2250337.22,False,,none
P-002759,C-01071,INV-C-01071-2,2250337.22,False,,none
P-002760,C-01071,INV-C-01071-3,2250337.22,False,,none
P-002761,C-01072,INV-C-01072-0,524261.93,False,,none
P-002762,C-01072,INV-C-01072-1,524261.93,False,,none
P-002763,C-01072,INV-C-01072-2,524261.93,False,,none
P-002764,C-01072,INV-C-01072-3,524261.93,False,,none
P-002765,C-01073,INV-C-01073-0,1951739.14,False,,none
P-002766,C-01073,INV-C-01073-1,1951739.14,False,,none
P-002767,C-01074,INV-C-01074-0,588331.35,False,,none
P-002768,C-01075,INV-C-01075-0,1695107.35,False,,conflict_of_interest
P-002769,C-01075,INV-C-01075-1,1695107.35,False,,conflict_of_interest
P-002770,C-01076,INV-C-01076-0,393808.48,False,,shell_company
P-002771,C-01076,INV-C-01076-1,393808.48,False,,shell_company
P-002772,C-01076,INV-C-01076-2,393808.48,False,,shell_company
P-002773,C-01076,INV-C-01076-3,393808.48,False,,shell_company
P-002774,C-01077,INV-C-01077-0,2362189.19,False,,none
P-002775,C-01077,INV-C-01077-1,2362189.19,False,,none
P-002776,C-01077,INV-C-01077-2,2362189.19,False,,none
P-002777,C-01077,INV-C-01077-3,2362189.19,False,,none
P-002778,C-01078,INV-C-01078-0,1991652.89,False,,none
P-002779,C-01079,INV-C-01079-0,1277514.96,False,,none
P-002780,C-01079,INV-C-01079-1,1277514.96,False,,none
P-002781,C-01080,INV-C-01080-0,309319.09,False,,none
P-002782,C-01080,INV-C-01080-1,309319.09,False,,none
P-002783,C-01080,INV-C-01080-2,309319.09,False,,none
P-002784,C-01080,INV-C-01080-3,309319.09,False,,none
P-002785,C-01081,INV-C-01081-0,9125302.05,False,,none
P-002786,C-01081,INV-C-01081-1,9125302.05,False,,none
P-002787,C-01081,INV-C-01081-2,9125302.05,False,,none
P-002788,C-01082,INV-C-01082-0,986432.94,False,,none
P-002789,C-01083,INV-C-01083-0,2972095.23,False,,none
P-002790,C-01084,INV-C-01084-0,1882962.79,False,,none
P-002791,C-01085,INV-C-01085-0,535840.03,False,,none
P-002792,C-01085,INV-C-01085-1,535840.03,False,,none
P-002793,C-01085,INV-C-01085-2,535840.03,False,,none
P-002794,C-01086,INV-C-01086-0,715801.75,False,,none
P-002795,C-01086,INV-C-01086-1,715801.75,False,,none
P-002796,C-01086,INV-C-01086-2,715801.75,False,,none
P-002797,C-01086,INV-C-01086-3,715801.75,False,,none
P-002798,C-01087,INV-C-01087-0,3367488.08,False,,none
P-002799,C-01087,INV-C-01087-1,3367488.08,False,,none
P-002800,C-01087,INV-C-01087-2,3367488.08,False,,none
P-002801,C-01087,INV-C-01087-3,3367488.08,False,,none
P-002802,C-01088,INV-C-01088-0,328999.03,False,,none
P-002803,C-01089,INV-C-01089-0,192114.97,False,,none
P-002804,C-01089,INV-C-01089-1,192114.97,False,,none
P-002805,C-01089,INV-C-01089-2,192114.97,False,,none
P-002806,C-01089,INV-C-01089-3,192114.97,False,,none
P-002807,C-01090,INV-C-01090-0,16682850.51,False,,none
P-002808,C-01091,INV-C-01091-0,820589.86,False,,none
P-002809,C-01091,INV-C-01091-1,820589.86,False,,none
P-002810,C-01091,INV-C-01091-2,820589.86,False,,none
P-002811,C-01092,INV-C-01092-0,216666.01,False,,none
P-002812,C-01092,INV-C-01092-1,216666.01,False,,none
P-002813,C-01092,INV-C-01092-2,216666.01,False,,none
P-002814,C-01092,INV-C-01092-3,216666.01,False,,none
P-002815,C-01093,INV-C-01093-0,884514.02,False,,none
P-002816,C-01094,INV-C-01094-0,2679664.59,False,,none
P-002817,C-01095,INV-C-01095-0,714448.45,False,,none
P-002818,C-01095,INV-C-01095-1,714448.45,False,,none
P-002819,C-01096,INV-C-01096-0,21704905.81,False,,none
P-002820,C-01097,INV-C-01097-0,3043787.64,False,,none
P-002821,C-01098,INV-C-01098-0,8985695.27,False,,none
P-002822,C-01098,INV-C-01098-1,8985695.27,False,,none
P-002823,C-01098,INV-C-01098-2,8985695.27,False,,none
P-002824,C-01098,INV-C-01098-3,8985695.27,False,,none
P-002825,C-01099,INV-C-01099-0,109707.39,False,,shell_company
P-002826,C-01099,INV-C-01099-1,109707.39,False,,shell_company
P-002827,C-01099,INV-C-01099-2,109707.39,False,,shell_company
P-002828,C-01099,INV-C-01099-3,109707.39,False,,shell_company
P-002829,C-01100,INV-C-01100-0,2942111.46,False,,ai_generated_doc
P-002830,C-01100,INV-C-01100-1,2942111.46,False,,ai_generated_doc
P-002831,C-01101,INV-C-01101-0,54935.01,False,,none
P-002832,C-01101,INV-C-01101-1,54935.01,False,,none
P-002833,C-01102,INV-C-01102-0,1941018.54,False,,none
P-002834,C-01102,INV-C-01102-1,1941018.54,False,,none
P-002835,C-01103,INV-C-01103-0,1751774.07,False,,ai_generated_doc
P-002836,C-01103,INV-C-01103-1,1751774.07,False,,ai_generated_doc
P-002837,C-01103,INV-C-01103-2,1751774.07,False,,ai_generated_doc
P-002838,C-01104,INV-C-01104-0,1187149.09,False,,none
P-002839,C-01104,INV-C-01104-1,1187149.09,False,,none
P-002840,C-01105,INV-C-01105-0,19891382.11,False,,conflict_of_interest
P-002841,C-01105,INV-C-01105-1,19891382.11,False,,conflict_of_interest
P-002842,C-01106,INV-C-01106-0,413626.41,False,,none
P-002843,C-01106,INV-C-01106-1,413626.41,False,,none
P-002844,C-01107,INV-C-01107-0,32511480.14,False,,none
P-002845,C-01108,INV-C-01108-0,5393094.44,False,,none
P-002846,C-01108,INV-C-01108-1,5393094.44,False,,none
P-002847,C-01108,INV-C-01108-2,5393094.44,False,,none
P-002848,C-01109,INV-C-01109-0,231585.58,False,,none
P-002849,C-01109,INV-C-01109-1,231585.58,False,,none
P-002850,C-01109,INV-C-01109-2,231585.58,False,,none
P-002851,C-01110,INV-C-01110-0,1402291.84,False,,none
P-002852,C-01110,INV-C-01110-1,1402291.84,False,,none
P-002853,C-01110,INV-C-01110-2,1402291.84,False,,none
P-002854,C-01111,INV-C-01111-0,167068.6,False,,none
P-002855,C-01111,INV-C-01111-1,167068.6,False,,none
P-002856,C-01111,INV-C-01111-2,167068.6,False,,none
P-002857,C-01112,INV-C-01112-0,1636307.67,False,,none
P-002858,C-01113,INV-C-01113-0,2075960.22,False,,none
P-002859,C-01113,INV-C-01113-1,2075960.22,False,,none
P-002860,C-01113,INV-C-01113-2,2075960.22,False,,none
P-002861,C-01113,INV-C-01113-3,2075960.22,False,,none
P-002862,C-01114,INV-C-01114-0,1202162.54,False,,none
P-002863,C-01114,INV-C-01114-1,1202162.54,False,,none
P-002864,C-01114,INV-C-01114-2,1202162.54,False,,none
P-002865,C-01115,INV-C-01115-0,687053.71,False,,none
P-002866,C-01115,INV-C-01115-1,687053.71,False,,none
P-002867,C-01115,INV-C-01115-2,687053.71,False,,none
P-002868,C-01115,INV-C-01115-3,687053.71,False,,none
P-002869,C-01116,INV-C-01116-0,8673756.3,False,,none
P-002870,C-01117,INV-C-01117-0,779682.12,False,,none
P-002871,C-01117,INV-C-01117-1,779682.12,False,,none
P-002872,C-01117,INV-C-01117-2,779682.12,False,,none
P-002873,C-01117,INV-C-01117-3,779682.12,False,,none
P-002874,C-01118,INV-C-01118-0,412374.62,False,,none
P-002875,C-01118,INV-C-01118-1,412374.62,False,,none
P-002876,C-01118,INV-C-01118-2,412374.62,False,,none
P-002877,C-01119,INV-C-01119-0,734372.41,False,,none
P-002878,C-01119,INV-C-01119-1,734372.41,False,,none
P-002879,C-01120,INV-C-01120-0,1340975.09,False,,none
P-002880,C-01120,INV-C-01120-1,1340975.09,False,,none
P-002881,C-01121,INV-C-01121-0,987018.54,False,,none
P-002882,C-01122,INV-C-01122-0,2402305.37,False,,none
P-002883,C-01122,INV-C-01122-1,2402305.37,False,,none
P-002884,C-01123,INV-C-01123-0,1392280.76,False,,none
P-002885,C-01124,INV-C-01124-0,4640691.58,False,,bid_rigging
P-002886,C-01124,INV-C-01124-1,4640691.58,False,,bid_rigging
P-002887,C-01125,INV-C-01125-0,1477601.14,False,,none
P-002888,C-01125,INV-C-01125-1,1477601.14,False,,none
P-002889,C-01125,INV-C-01125-2,1477601.14,False,,none
P-002890,C-01126,INV-C-01126-0,1755887.39,False,,none
P-002891,C-01126,INV-C-01126-1,1755887.39,False,,none
P-002892,C-01127,INV-C-01127-0,880305.61,False,,none
P-002893,C-01127,INV-C-01127-1,880305.61,False,,none
P-002894,C-01127,INV-C-01127-2,880305.61,False,,none
P-002895,C-01127,INV-C-01127-3,880305.61,False,,none
P-002896,C-01128,INV-C-01128-0,1255709.39,False,,price_inflation
P-002897,C-01128,INV-C-01128-1,1255709.39,False,,price_inflation
P-002898,C-01128,INV-C-01128-2,1255709.39,False,,price_inflation
P-002899,C-01129,INV-C-01129-0,362823.99,False,,none
P-002900,C-01129,INV-C-01129-1,362823.99,False,,none
P-002901,C-01129,INV-C-01129-2,362823.99,False,,none
P-002902,C-01129,INV-C-01129-3,362823.99,False,,none
P-002903,C-01130,INV-C-01130-0,666709.37,False,,none
P-002904,C-01130,INV-C-01130-1,666709.37,False,,none
P-002905,C-01130,INV-C-01130-2,666709.37,False,,none
P-002906,C-01131,INV-C-01131-0,842421.43,False,,none
P-002907,C-01131,INV-C-01131-1,842421.43,False,,none
P-002908,C-01131,INV-C-01131-2,842421.43,False,,none
P-002909,C-01132,INV-C-01132-0,6118276.52,False,,none
P-002910,C-01133,INV-C-01133-0,14277430.27,False,,none
P-002911,C-01134,INV-C-01134-0,1822976.12,False,,none
P-002912,C-01134,INV-C-01134-1,1822976.12,False,,none
P-002913,C-01135,INV-C-01135-0,3688928.99,False,,none
P-002914,C-01136,INV-C-01136-0,436714.56,False,,none
P-002915,C-01136,INV-C-01136-1,436714.56,False,,none
P-002916,C-01136,INV-C-01136-2,436714.56,False,,none
P-002917,C-01137,INV-C-01137-0,3100348.09,False,,none
P-002918,C-01138,INV-C-01138-0,1275083.71,False,,none
P-002919,C-01139,INV-C-01139-0,1816808.57,False,,none
P-002920,C-01139,INV-C-01139-1,1816808.57,False,,none
P-002921,C-01139,INV-C-01139-2,1816808.57,False,,none
P-002922,C-01140,INV-C-01140-0,641250.07,False,,none
P-002923,C-01140,INV-C-01140-1,641250.07,False,,none
P-002924,C-01140,INV-C-01140-2,641250.07,False,,none
P-002925,C-01141,INV-C-01141-0,501681.46,False,,none
P-002926,C-01142,INV-C-01142-0,953509.77,False,,none
P-002927,C-01142,INV-C-01142-1,953509.77,False,,none
P-002928,C-01142,INV-C-01142-2,953509.77,False,,none
P-002929,C-01143,INV-C-01143-0,1701232.86,False,,none
P-002930,C-01144,INV-C-01144-0,4120603.08,False,,none
P-002931,C-01145,INV-C-01145-0,3466805.1,False,,none
P-002932,C-01145,INV-C-01145-1,3466805.1,False,,none
P-002933,C-01146,INV-C-01146-0,10480998.97,False,,price_inflation
P-002934,C-01146,INV-C-01146-1,10480998.97,False,,price_inflation
P-002935,C-01147,INV-C-01147-0,525289.01,False,,none
P-002936,C-01147,INV-C-01147-1,525289.01,False,,none
P-002937,C-01147,INV-C-01147-2,525289.01,False,,none
P-002938,C-01148,INV-C-01148-0,415786.57,False,,none
P-002939,C-01148,INV-C-01148-1,415786.57,False,,none
P-002940,C-01148,INV-C-01148-2,415786.57,False,,none
P-002941,C-01148,INV-C-01148-3,415786.57,False,,none
P-002942,C-01149,INV-C-01149-0,848750.77,False,,ai_generated_doc
P-002943,C-01149,INV-C-01149-1,848750.77,False,,ai_generated_doc
P-002944,C-01149,INV-C-01149-2,848750.77,False,,ai_generated_doc
P-002945,C-01150,INV-C-01150-0,2141034.54,False,,none
P-002946,C-01150,INV-C-01150-1,2141034.54,False,,none
P-002947,C-01151,INV-C-01151-0,463134.66,False,,shell_company
P-002948,C-01151,INV-C-01151-1,463134.66,False,,shell_company
P-002949,C-01152,INV-C-01152-0,6892412.93,False,,none
P-002950,C-01152,INV-C-01152-1,6892412.93,False,,none
P-002951,C-01152,INV-C-01152-2,6892412.93,False,,none
P-002952,C-01152,INV-C-01152-3,6892412.93,False,,none
P-002953,C-01153,INV-C-01153-0,367245.93,False,,none
P-002954,C-01153,INV-C-01153-1,367245.93,False,,none
P-002955,C-01154,INV-C-01154-0,13252887.01,False,,none
P-002956,C-01154,INV-C-01154-1,13252887.01,False,,none
P-002957,C-01155,INV-C-01155-0,11940019.47,False,,none
P-002958,C-01156,INV-C-01156-0,1303943.26,False,,price_inflation
P-002959,C-01156,INV-C-01156-1,1303943.26,False,,price_inflation
P-002960,C-01156,INV-C-01156-2,1303943.26,False,,price_inflation
P-002961,C-01157,INV-C-01157-0,73000.15,False,,none
P-002962,C-01157,INV-C-01157-1,73000.15,False,,none
P-002963,C-01157,INV-C-01157-2,73000.15,False,,none
P-002964,C-01157,INV-C-01157-3,73000.15,False,,none
P-002965,C-01158,INV-C-01158-0,2107636.26,False,,none
P-002966,C-01158,INV-C-01158-1,2107636.26,False,,none
P-002967,C-01158,INV-C-01158-2,2107636.26,False,,none
P-002968,C-01159,INV-C-01159-0,7667796.61,False,,bid_rigging
P-002969,C-01159,INV-C-01159-1,7667796.61,False,,bid_rigging
P-002970,C-01159,INV-C-01159-2,7667796.61,False,,bid_rigging
P-002971,C-01160,INV-C-01160-0,986563.06,False,,price_inflation
P-002972,C-01160,INV-C-01160-1,986563.06,False,,price_inflation
P-002973,C-01161,INV-C-01161-0,71774.61,False,,none
P-002974,C-01161,INV-C-01161-1,71774.61,False,,none
P-002975,C-01161,INV-C-01161-2,71774.61,False,,none
P-002976,C-01161,INV-C-01161-3,71774.61,False,,none
P-002977,C-01162,INV-C-01162-0,324738.98,False,,conflict_of_interest
P-002978,C-01163,INV-C-01163-0,3256874.5,False,,none
P-002979,C-01164,INV-C-01164-0,5304530.25,False,,none
P-002980,C-01164,INV-C-01164-1,5304530.25,False,,none
P-002981,C-01164,INV-C-01164-2,5304530.25,False,,none
P-002982,C-01165,INV-C-01165-0,23066665.0,False,,none
P-002983,C-01166,INV-C-01166-0,778809.29,False,,price_inflation
P-002984,C-01166,INV-C-01166-1,778809.29,False,,price_inflation
P-002985,C-01166,INV-C-01166-2,778809.29,False,,price_inflation
P-002986,C-01166,INV-C-01166-3,778809.29,False,,price_inflation
P-002987,C-01167,INV-C-01167-0,265435.17,False,,none
P-002988,C-01167,INV-C-01167-1,265435.17,False,,none
P-002989,C-01167,INV-C-01167-2,265435.17,False,,none
P-002990,C-01168,INV-C-01168-0,2589365.79,False,,none
P-002991,C-01168,INV-C-01168-1,2589365.79,False,,none
P-002992,C-01169,INV-C-01169-0,1010430.29,False,,none
P-002993,C-01169,INV-C-01169-1,1010430.29,False,,none
P-002994,C-01169,INV-C-01169-2,1010430.29,False,,none
P-002995,C-01169,INV-C-01169-3,1010430.29,False,,none
P-002996,C-01170,INV-C-01170-0,10432921.0,False,,none
P-002997,C-01170,INV-C-01170-1,10432921.0,False,,none
P-002998,C-01170,INV-C-01170-2,10432921.0,False,,none
P-002999,C-01170,INV-C-01170-3,10432921.0,False,,none
P-003000,C-01171,INV-C-01171-0,4472230.87,False,,none
P-003001,C-01172,INV-C-01172-0,9053574.27,False,,none
P-003002,C-01172,INV-C-01172-1,9053574.27,False,,none
P-003003,C-01173,INV-C-01173-0,3674540.89,False,,price_inflation
P-003004,C-01174,INV-C-01174-0,170650.44,False,,none
P-003005,C-01174,INV-C-01174-1,170650.44,False,,none
P-003006,C-01174,INV-C-01174-2,170650.44,False,,none
P-003007,C-01174,INV-C-01174-3,170650.44,False,,none
P-003008,C-01175,INV-C-01175-0,1418312.12,False,,none
P-003009,C-01176,INV-C-01176-0,399656.49,False,,bid_rigging
P-003010,C-01176,INV-C-01176-1,399656.49,False,,bid_rigging
P-003011,C-01176,INV-C-01176-2,399656.49,False,,bid_rigging
P-003012,C-01177,INV-C-01177-0,411648.3,False,,none
P-003013,C-01177,INV-C-01177-1,411648.3,False,,none
P-003014,C-01177,INV-C-01177-2,411648.3,False,,none
P-003015,C-01177,INV-C-01177-3,411648.3,False,,none
P-003016,C-01178,INV-C-01178-0,1515615.7,False,,none
P-003017,C-01179,INV-C-01179-0,5802909.3,False,,none
P-003018,C-01180,INV-C-01180-0,3107609.19,False,,none
P-003019,C-01180,INV-C-01180-1,3107609.19,False,,none
P-003020,C-01181,INV-C-01181-0,366127.48,False,,none
P-003021,C-01181,INV-C-01181-1,366127.48,False,,none
P-003022,C-01181,INV-C-01181-2,366127.48,False,,none
P-003023,C-01182,INV-C-01182-0,332853.22,False,,none
P-003024,C-01182,INV-C-01182-1,332853.22,False,,none
P-003025,C-01183,INV-C-01183-0,321146.32,False,,none
P-003026,C-01183,INV-C-01183-1,321146.32,False,,none
P-003027,C-01184,INV-C-01184-0,371597.42,False,,none
P-003028,C-01184,INV-C-01184-1,371597.42,False,,none
P-003029,C-01185,INV-C-01185-0,1279254.72,False,,none
P-003030,C-01185,INV-C-01185-1,1279254.72,False,,none
P-003031,C-01185,INV-C-01185-2,1279254.72,False,,none
P-003032,C-01185,INV-C-01185-3,1279254.72,False,,none
P-003033,C-01186,INV-C-01186-0,1656463.66,False,,none
P-003034,C-01187,INV-C-01187-0,2087855.5,False,,none
P-003035,C-01187,INV-C-01187-1,2087855.5,False,,none
P-003036,C-01187,INV-C-01187-2,2087855.5,False,,none
P-003037,C-01187,INV-C-01187-3,2087855.5,False,,none
P-003038,C-01188,INV-C-01188-0,459998.11,False,,none
P-003039,C-01188,INV-C-01188-1,459998.11,False,,none
P-003040,C-01188,INV-C-01188-2,459998.11,False,,none
P-003041,C-01189,INV-C-01189-0,599794.62,False,,none
P-003042,C-01189,INV-C-01189-1,599794.62,False,,none
P-003043,C-01189,INV-C-01189-2,599794.62,False,,none
P-003044,C-01189,INV-C-01189-3,599794.62,False,,none
P-003045,C-01190,INV-C-01190-0,157746.03,False,,none
P-003046,C-01191,INV-C-01191-0,622239.91,False,,none
P-003047,C-01191,INV-C-01191-1,622239.91,False,,none
P-003048,C-01191,INV-C-01191-2,622239.91,False,,none
P-003049,C-01191,INV-C-01191-3,622239.91,False,,none
P-003050,C-01192,INV-C-01192-0,210775.67,False,,none
P-003051,C-01192,INV-C-01192-1,210775.67,False,,none
P-003052,C-01192,INV-C-01192-2,210775.67,False,,none
P-003053,C-01192,INV-C-01192-3,210775.67,False,,none
P-003054,C-01193,INV-C-01193-0,7656949.12,False,,none
P-003055,C-01193,INV-C-01193-1,7656949.12,False,,none
P-003056,C-01193,INV-C-01193-2,7656949.12,False,,none
P-003057,C-01193,INV-C-01193-3,7656949.12,False,,none
P-003058,C-01194,INV-C-01194-0,436135.01,False,,none
P-003059,C-01194,INV-C-01194-1,436135.01,False,,none
P-003060,C-01194,INV-C-01194-2,436135.01,False,,none
P-003061,C-01195,INV-C-01195-0,3267639.81,False,,none
P-003062,C-01196,INV-C-01196-0,11722867.97,False,,none
P-003063,C-01196,INV-C-01196-1,11722867.97,False,,none
P-003064,C-01196,INV-C-01196-2,11722867.97,False,,none
P-003065,C-01197,INV-C-01197-0,34917182.71,False,,price_inflation
P-003066,C-01198,INV-C-01198-0,1193251.33,False,,bid_rigging
P-003067,C-01198,INV-C-01198-1,1193251.33,False,,bid_rigging
P-003068,C-01198,INV-C-01198-2,1193251.33,False,,bid_rigging
P-003069,C-01198,INV-C-01198-3,1193251.33,False,,bid_rigging
P-003070,C-01199,INV-C-01199-0,838400.17,False,,none
P-003071,C-01199,INV-C-01199-1,838400.17,False,,none
